-- MySQL dump 10.13  Distrib 8.0.32, for Linux (x86_64)
--
-- Host: localhost    Database: tarnished
-- ------------------------------------------------------
-- Server version	8.0.32-0ubuntu0.22.04.2

/*!40101 SET @OLD_CHARACTER_SET_CLIENT=@@CHARACTER_SET_CLIENT */;
/*!40101 SET @OLD_CHARACTER_SET_RESULTS=@@CHARACTER_SET_RESULTS */;
/*!40101 SET @OLD_COLLATION_CONNECTION=@@COLLATION_CONNECTION */;
/*!50503 SET NAMES utf8mb4 */;
/*!40103 SET @OLD_TIME_ZONE=@@TIME_ZONE */;
/*!40103 SET TIME_ZONE='+00:00' */;
/*!40014 SET @OLD_UNIQUE_CHECKS=@@UNIQUE_CHECKS, UNIQUE_CHECKS=0 */;
/*!40014 SET @OLD_FOREIGN_KEY_CHECKS=@@FOREIGN_KEY_CHECKS, FOREIGN_KEY_CHECKS=0 */;
/*!40101 SET @OLD_SQL_MODE=@@SQL_MODE, SQL_MODE='NO_AUTO_VALUE_ON_ZERO' */;
/*!40111 SET @OLD_SQL_NOTES=@@SQL_NOTES, SQL_NOTES=0 */;

--
-- Table structure for table `encounter`
--

DROP TABLE IF EXISTS `encounter`;
/*!40101 SET @saved_cs_client     = @@character_set_client */;
/*!50503 SET character_set_client = utf8mb4 */;
CREATE TABLE `encounter` (
  `idEncounter` int NOT NULL AUTO_INCREMENT,
  `description` varchar(200) NOT NULL,
  `dropRate` int NOT NULL,
  `idLocation` int NOT NULL,
  PRIMARY KEY (`idEncounter`),
  KEY `fk_encounter_location1_idx` (`idLocation`),
  CONSTRAINT `fk_encounter_location1` FOREIGN KEY (`idLocation`) REFERENCES `location` (`idLocation`)
) ENGINE=InnoDB AUTO_INCREMENT=76 DEFAULT CHARSET=utf8mb4 COLLATE=utf8mb4_0900_ai_ci;
/*!40101 SET character_set_client = @saved_cs_client */;

--
-- Dumping data for table `encounter`
--

LOCK TABLES `encounter` WRITE;
/*!40000 ALTER TABLE `encounter` DISABLE KEYS */;
INSERT INTO `encounter` VALUES (1,'You stumble upon a cursed village and must break the curse to save the inhabitants.',20,1),(2,'You come across a mysterious traveler who offers to join you on your journey.',15,1),(3,'You encounter a powerful wizard who challenges you to a magical duel.',20,1),(4,'You discover a hidden underground city filled with treasures and dangers.',50,1),(5,'You come across a group of refugees who need your help to escape danger.',30,1),(6,'You explore a dark forest filled with deadly creatures and valuable resources.',40,1),(7,'You face a powerful necromancer who raises an army of undead to defeat you.',20,1),(8,'You come across an ancient ruin that could hold secrets to your destiny.',40,1),(9,'You encounter a group of smugglers who offer to sell you rare items.',15,1),(10,'You find a hidden laboratory filled with alchemical potions and dangerous experiments.',30,1),(11,'You stumble upon a pack of wolves led by an alpha who must be defeated.',30,1),(12,'You come across a group of miners who need your help to escape a cave-in.',30,1),(13,'You discover a hidden library filled with ancient knowledge and powerful spells.',60,1),(14,'You encounter a powerful demon who guards a valuable artifact.',20,1),(15,'You explore a dangerous swamp filled with poisonous creatures and hidden treasures.',40,1),(16,'You face a powerful enemy who knows your weaknesses and exploits them.',10,1),(17,'You come across a hidden temple guarded by powerful monks.',30,1),(18,'You encounter a group of rebels who need your help to overthrow a tyrant.',20,1),(19,'You find a hidden portal to an alternate dimension filled with unknown dangers and treasures.',40,1),(20,'You stumble upon a mysterious traveler who can predict your fate and offers to help you change it.',15,1),(21,'You stumble upon an abandoned castle and explore its ruins.',15,1),(22,'You come across a caravan of merchants traveling through the desert.',30,1),(23,'You discover a hidden dungeon filled with dangerous traps and valuable treasures.',60,1),(24,'You encounter a group of thieves attempting to rob a wealthy merchant.',20,1),(25,'You come across a pack of wild animals that could be dangerous or tame.',30,1),(26,'You explore a haunted mansion filled with ghosts and other supernatural creatures.',40,1),(27,'You face off against a rival adventurer who wants to take all the glory for themselves.',15,1),(28,'You come across a mysterious portal that could lead to a new world or danger.',20,1),(29,'You encounter a group of cultists performing a dark ritual and must stop them.',30,1),(30,'You find a hidden underground lake and could discover ancient artifacts or hidden dangers.',40,1),(31,'You stumble upon a pack of frenzied villagers, driven mad by the constant rain.',0,2),(32,'As you walk through the forest, you hear the flapping of wings and see a giant dragonfly perched on a tree.',15,2),(33,'You enter a room filled with giant rats, feasting on the remains of a putrid corpse.',20,2),(34,'You come across a lone wolf, howling mournfully in the rain.',0,2),(35,'As you navigate through the castle, you\'re ambushed by a group of Godrick soldiers.',15,2),(36,'You find a hidden room filled with marionette soldiers, standing at attention and awaiting orders.',40,2),(37,'You enter a dark cave and find yourself surrounded by skeletal slimes, their bony forms writhing and slithering towards you.',35,2),(38,'You hear the cawing of an owl and see it perched on a nearby tree, watching you intently.',5,2),(39,'A group of Demi-humans block your path, their eyes filled with malice and hunger.',25,2),(40,'You discover a hidden chamber where a Lesser Alabaster Lord is performing a dark ritual, surrounded by Servants of Rot.',30,2),(41,'You come across a hidden cave in the Earthbore Cave system, filled with treasure but guarded by Giant Dragonflies.',100,2),(42,'You discover an old crypt in the Tombsward Catacombs, but it\'s infested with Skeletal Slimes and Putrid Corpses.',80,2),(43,'While resting at the Isolated Merchant\'s Shack, you are attacked by a pack of Giant Rats that have taken over the area.',0,2),(44,'While exploring the Morne Tunnel, you are trapped by falling rocks and must find a way to escape before the tunnel collapses.',50,2),(45,'ou stumble upon a hidden underground chamber beneath the Church of Pilgrimage, filled with ancient artifacts and guarded by Imps.',35,2),(46,'You find a hidden path leading to the Walking Mausoleum, but it\'s guarded by a fierce Frenzied Villager wielding a deadly weapon.',60,2),(47,'You come across a hidden spring filled with magical properties in Oridys\'s Rise, but it\'s guarded by an enormous Giant Bat that won\'t let you pass without a fight.',40,2),(48,'In a desolate corner of the Weeping Peninsula, you find an abandoned mining operation with a hidden entrance to a dangerous network of tunnels.',90,2),(49,'On the outskirts of the Ailing Village, you encounter a crazed Frenzied Villager who mistakes you for one of the undead and attacks with a rusty hatchet.',0,2),(50,'While exploring the Callu Baptismal Church, you discover a hidden chamber filled with powerful relics, guarded by a fierce Lesser Alabaster Lord.',100,2),(51,'While exploring the Witchbane Ruins, you come across a mysterious portal that transports you to an alternate dimension filled with dangerous creatures and treasures beyond imagination.',100,2),(52,'As you climb to the top of the Forest Lookout Tower, you are greeted by a flock of Giant Dragonflies who attack with razor-sharp wings and poisonous venom.',0,2),(53,'While exploring the Lakeside Crystal Cave, you stumble upon a hidden chamber filled with strange crystals pulsating with dark energy.',15,3),(54,'As you travel through the Boil Prawn Shack, you encounter a pack of frenzied villagers, desperate for sustenance and willing to resort to extreme measures to survive.',0,3),(55,'While crossing the Ainsel River Well, you hear a haunting melody and are suddenly attacked by a band of Albinaurics, fiercely protective of their sacred watering hole.',20,3),(56,'As you make your way through the Black Knife Catacombs, you are ambushed by a group of Grafted Scions, disguised as giant crayfish, and forced to fight for your life.',20,3),(57,'While exploring the Converted Fringe Tower, you come across a group of Leyndell Knights, who mistake you for an intruder and attack on sight.',10,3),(58,'While investigating the Rose Church, you uncover a hidden chamber filled with strange, otherworldly artifacts',100,3),(59,'While exploring the Slumbering Wolf\'s Shack, you are ambushed by a group of Festering Fingerprint Vykes, who have taken up residence in the abandoned building.',20,3),(60,'As you make your way through the Lunar Estate Ruins, you encounter a pack of Direwolves, who have made the ruins their den.',0,3),(61,'You stumble upon a friendly merchant caravan who offer to trade with you, and you find a valuable gem in one of their wares.',100,3),(62,'You stumble upon a hidden stash of treasure buried in the ground, and find a note indicating it was left there as a gift from a grateful adventurer.',100,3),(63,'You discover a beautiful garden tended by a friendly hermit, who offers to share some of their rare herbs with you, which could fetch a high price at a market.',40,3),(64,'While exploring an abandoned castle, you find a hidden room filled with treasure, left behind by a former noble who wanted to share their wealth with those in need.',80,3),(65,'As you travel through the forest, you spot a small stream with crystal clear water flowing through it.',20,3),(66,'As you cross a hill, you come across a picturesque meadow filled with wildflowers of all colors.',20,3),(67,'While exploring the caves, you find a hidden underground lake with small fish swimming in its clear waters.',30,3),(68,'You stumble upon a rocky outcropping that offers a stunning view of the surrounding landscape.',70,3),(69,'You come across a grove of ancient trees with twisted trunks and gnarled branches, their leaves rustling in the wind.',0,3),(70,'In the distance, you see a snow-capped mountain range, its peaks reaching high into the sky.',20,3),(71,'As you explore a canyon, you discover a natural hot spring, its warm waters inviting you to take a dip.',30,3),(72,'As you cross the grassy plains to the east, you spot a herd of wild horses grazing in the distance.',10,3),(73,'As you make your way through the swamps to the east, you spy a group of giant leeches writhing in the muck.',10,3),(74,'While exploring the ruins to the west, you stumble upon a group of undead skeletons that come to life and attack you.',10,3),(75,'In the caverns beneath the mountains to the south, you come across a nest of giant spiders that swarm toward you.',30,3);
/*!40000 ALTER TABLE `encounter` ENABLE KEYS */;
UNLOCK TABLES;

--
-- Table structure for table `enemy`
--

DROP TABLE IF EXISTS `enemy`;
/*!40101 SET @saved_cs_client     = @@character_set_client */;
/*!50503 SET character_set_client = utf8mb4 */;
CREATE TABLE `enemy` (
  `idEnemy` int NOT NULL AUTO_INCREMENT,
  `idLogic` int NOT NULL,
  `name` varchar(75) NOT NULL,
  `description` varchar(200) NOT NULL,
  `health` int NOT NULL,
  `runes` int NOT NULL,
  `idLocation` int NOT NULL,
  PRIMARY KEY (`idEnemy`,`idLocation`),
  KEY `fk_enemy_enemy_logic1_idx` (`idLogic`),
  KEY `fk_enemy_location1_idx` (`idLocation`),
  CONSTRAINT `fk_enemy_enemy_logic1` FOREIGN KEY (`idLogic`) REFERENCES `enemy_logic` (`idLogic`),
  CONSTRAINT `fk_enemy_location1` FOREIGN KEY (`idLocation`) REFERENCES `location` (`idLocation`)
) ENGINE=InnoDB AUTO_INCREMENT=12 DEFAULT CHARSET=utf8mb4 COLLATE=utf8mb4_0900_ai_ci;
/*!40101 SET character_set_client = @saved_cs_client */;

--
-- Dumping data for table `enemy`
--

LOCK TABLES `enemy` WRITE;
/*!40000 ALTER TABLE `enemy` DISABLE KEYS */;
INSERT INTO `enemy` VALUES (1,1,'Margit, the Fell Omen','Boss',9148,4670,1),(2,1,'Boar','',2040,565,1),(3,1,'Warhawk','',3290,750,2),(4,1,'Demi-Human','',2680,550,1),(5,1,'Godrick Foot Soldier','',3700,950,1),(6,1,'Godrick Knight','',4512,1242,1),(7,1,'Skeleton','',3640,1093,1),(8,1,'Kaiden Sellsword','',4720,1320,1),(9,1,'Sheep','',2400,50,2),(10,1,'The Misbegotten','',4600,1575,2),(11,1,'Rotten Stray','',4150,1450,2);
/*!40000 ALTER TABLE `enemy` ENABLE KEYS */;
UNLOCK TABLES;

--
-- Table structure for table `enemy_has_item`
--

DROP TABLE IF EXISTS `enemy_has_item`;
/*!40101 SET @saved_cs_client     = @@character_set_client */;
/*!50503 SET character_set_client = utf8mb4 */;
CREATE TABLE `enemy_has_item` (
  `idRel` int NOT NULL AUTO_INCREMENT,
  `idItem` int NOT NULL,
  `idEnemy` int NOT NULL,
  `dropChance` int NOT NULL,
  PRIMARY KEY (`idRel`),
  KEY `fk_item_has_enemy_enemy1_idx` (`idEnemy`),
  KEY `fk_item_has_enemy_item1_idx` (`idItem`),
  CONSTRAINT `fk_item_has_enemy_enemy1` FOREIGN KEY (`idEnemy`) REFERENCES `enemy` (`idEnemy`),
  CONSTRAINT `fk_item_has_enemy_item1` FOREIGN KEY (`idItem`) REFERENCES `item` (`idItem`)
) ENGINE=InnoDB DEFAULT CHARSET=utf8mb4 COLLATE=utf8mb4_0900_ai_ci;
/*!40101 SET character_set_client = @saved_cs_client */;

--
-- Dumping data for table `enemy_has_item`
--

LOCK TABLES `enemy_has_item` WRITE;
/*!40000 ALTER TABLE `enemy_has_item` DISABLE KEYS */;
/*!40000 ALTER TABLE `enemy_has_item` ENABLE KEYS */;
UNLOCK TABLES;

--
-- Table structure for table `enemy_logic`
--

DROP TABLE IF EXISTS `enemy_logic`;
/*!40101 SET @saved_cs_client     = @@character_set_client */;
/*!50503 SET character_set_client = utf8mb4 */;
CREATE TABLE `enemy_logic` (
  `idLogic` int NOT NULL AUTO_INCREMENT,
  `name` varchar(45) NOT NULL,
  PRIMARY KEY (`idLogic`)
) ENGINE=InnoDB AUTO_INCREMENT=4 DEFAULT CHARSET=utf8mb4 COLLATE=utf8mb4_0900_ai_ci;
/*!40101 SET character_set_client = @saved_cs_client */;

--
-- Dumping data for table `enemy_logic`
--

LOCK TABLES `enemy_logic` WRITE;
/*!40000 ALTER TABLE `enemy_logic` DISABLE KEYS */;
INSERT INTO `enemy_logic` VALUES (1,'none'),(2,'full'),(3,'half');
/*!40000 ALTER TABLE `enemy_logic` ENABLE KEYS */;
UNLOCK TABLES;

--
-- Table structure for table `enemy_moves`
--

DROP TABLE IF EXISTS `enemy_moves`;
/*!40101 SET @saved_cs_client     = @@character_set_client */;
/*!50503 SET character_set_client = utf8mb4 */;
CREATE TABLE `enemy_moves` (
  `idMove` int NOT NULL AUTO_INCREMENT,
  `description` varchar(200) NOT NULL,
  `phase` int NOT NULL,
  `idType` int NOT NULL,
  `idEnemy` int NOT NULL,
  `damage` int DEFAULT NULL,
  `healing` int DEFAULT NULL,
  `duration` int DEFAULT NULL,
  `maxTargets` int NOT NULL,
  PRIMARY KEY (`idMove`,`idEnemy`),
  KEY `fk_enemy_moves_move_type1_idx` (`idType`),
  KEY `fk_enemy_moves_enemy1_idx` (`idEnemy`),
  CONSTRAINT `fk_enemy_moves_enemy1` FOREIGN KEY (`idEnemy`) REFERENCES `enemy` (`idEnemy`),
  CONSTRAINT `fk_enemy_moves_move_type1` FOREIGN KEY (`idType`) REFERENCES `move_type` (`idType`)
) ENGINE=InnoDB AUTO_INCREMENT=142 DEFAULT CHARSET=utf8mb4 COLLATE=utf8mb4_0900_ai_ci;
/*!40101 SET character_set_client = @saved_cs_client */;

--
-- Dumping data for table `enemy_moves`
--

LOCK TABLES `enemy_moves` WRITE;
/*!40000 ALTER TABLE `enemy_moves` DISABLE KEYS */;
INSERT INTO `enemy_moves` VALUES (1,'The Kaiden Sellsword raises their curved greatsword high above their head and brings it crashing down on the player, dealing heavy damage.',0,1,8,110,0,0,1),(2,'The Kaiden Sellsword swings their curved greatsword in a wide arc, hitting any enemies in front of them.',0,1,8,90,0,0,3),(3,'The Kaiden Sellsword moves in close and slashes quickly with their curved greatsword, dealing moderate damage.',0,1,8,80,0,0,2),(4,'The Kaiden Sellsword jumps forward, swinging their curved greatsword in a downward arc to deal heavy damage.',0,1,8,90,0,0,1),(5,'The Kaiden Sellsword lowers their shield and charges forward, knocking the player back and dealing moderate damage.',0,1,8,60,0,0,1),(6,'The Kaiden Sellsword performs a powerful overhead swing with their Curved Greatsword, dealing heavy damage if it connects.',0,1,8,110,0,0,1),(7,'The Kaiden Sellsword jumps off their horse and lands a devastating strike on the player with their Curved Greatsword.',0,1,8,120,0,0,2),(8,'The Kaiden Sellsword raises their shield to block the next incoming attacks',0,2,8,0,0,0,0),(9,'The Kaiden Sellsword rolls out of harm\'s way, narrowly avoiding the player\'s attack',0,2,8,0,0,0,0),(10,'Kaiden Sellsword sidesteps the player\'s attack, quickly positioning themselves for a counter-attack.',0,2,8,0,0,0,0),(11,'The Kaiden Sellsword blows a horn, signaling for reinforcements to arrive and potentially making the fight more difficult.',0,5,8,0,0,0,0),(12,'The Kaiden Sellsword stands in a defensive stance, waiting for the player to attack.',0,5,8,0,0,0,0),(13,'The Kaiden Sellsword paces back and forth, eyeing the player warily.',0,5,8,0,0,0,0),(14,'**The skeleton** slashes with one of its daggers.',0,1,7,60,0,0,1),(15,'**The skeleton** slashes with both of its daggers simultaneously.',0,1,7,120,0,0,1),(16,'**The skeleton** thrusts one of its daggers forward in a stabbing motion.',0,1,7,70,0,0,1),(17,'**The skeleton** throws one of its daggers at the player from a distance.',0,1,7,80,0,0,1),(18,'**The skeleton** throws both of its daggers at the player from a distance.',0,1,7,80,0,0,2),(19,'**The skeleton** performs a series of quick dagger strikes in a combo.',0,1,7,130,0,0,3),(20,'**The skeleton** jumps forward and slashes with one of its daggers.',0,1,7,110,0,0,1),(21,'**The skeleton** sidesteps to avoid attacks.',0,2,7,0,0,0,0),(22,'**The skeleton** rolls forward to avoid attacks.',0,2,7,0,0,0,0),(23,'**The skeleton** takes a quick step backward to avoid attacks.',0,2,7,0,0,0,0),(24,'**The skeleton** stands motionless, waiting for the player to approach.',0,5,7,0,0,0,0),(25,'**The skeleton** taunts the player with a threatening gesture.',0,5,7,0,0,0,0),(26,'**The skeleton** wanders aimlessly back and forth in its area.',0,5,7,0,0,0,0),(27,'**The knight** lunges forward with his lance, dealing heavy damage.',0,1,6,110,0,0,2),(28,'**The knight** strikes with his shield, stunning the player and leaving them vulnerable to follow-up attacks.',0,1,6,100,0,0,1),(29,'**The knight** swings his lance in a wide arc, hitting enemies in front of him.',0,1,6,80,0,0,3),(30,'**The knight** raises his lance and brings it down with great force, dealing massive damage.',0,1,6,140,0,0,1),(31,'**The knight** charges forward with his shield raised, knocking enemies aside and dealing moderate damage.',0,1,6,55,0,0,2),(32,'**The knight** waits for the player to attack, then counters with a quick thrust from his lance.',0,1,6,40,0,0,1),(33,'**The knight** takes a quick step to the side, avoiding the next attacks.',0,2,6,0,0,0,0),(34,'**The knight** blocks the next incoming attacks with his shield',0,2,6,0,0,0,0),(35,'**The knight** rolls out of harm\'s way, avoiding attacks and repositioning himself.',0,2,6,0,0,0,0),(36,'**The knight** drinks from his Estus flask, restoring a portion of his health.',0,3,6,0,350,0,0),(37,'**The knight** stands with his shield raised and lance at the ready, waiting for the player to make a move.',0,5,6,0,0,0,0),(38,'**The knight** looks around his surroundings, keeping a watchful eye out for danger.',0,5,6,0,0,0,0),(39,'**The Godrick Knight** leans on their lance, looking around cautiously.',0,5,6,0,0,0,0),(40,'**The Foot Soldier** swings their dagger for a quick attack, dealing moderate damage.',0,1,5,100,0,0,1),(41,'**The Foot Soldier** charges forward with their dagger, dealing low damage..',0,1,5,35,0,0,2),(42,'**The Foot Soldier** charges forward with their shield, slamming into their opponent and dealing damage.',0,1,5,60,0,0,1),(43,'**The Foot Soldier** slashes their dagger horizontally, dealing damage to their opponent in a wide arc.',0,1,5,86,0,0,3),(44,'**The Foot Soldier** lunges forward with their dagger, dealing a powerful stab to their opponent.',0,1,5,155,0,0,1),(45,'**The Foot Soldier** slams their shield down onto their opponent, dealing heavy damage',0,1,5,114,0,0,1),(46,'**The Foot Soldier** performs a quick dodge to avoid the player\'s incoming attack.',0,2,5,0,0,0,0),(47,'**The Foot Soldier** raises their shield and blocks the player\'s attack, leaving them open for a counter-attack.',0,2,5,0,0,0,0),(48,'**The Foot Soldier** performs a backflip to dodge the player\'s incoming attack and create distance.',0,2,5,0,0,0,0),(49,'**The Foot Soldier** takes a defensive stance and slowly regains health, but is vulnerable to attacks.',0,3,5,0,250,0,0),(50,'**The Foot Soldier** steps back and takes an idle stance, waiting for the player\'s next move.',0,5,5,0,0,0,0),(51,'**The Foot Soldier** takes a brief moment to catch their breath, regaining stamina',0,5,5,0,0,0,0),(52,'**The Foot Soldier** stands still and make no movements for a few seconds.',0,5,5,0,0,0,0),(53,'**The Demi-Human** rushes forward, slamming their shield into the player\'s face.',0,1,4,90,0,0,1),(54,'**The Demi-Human** throws multiple rocks at the player\'s feet, causing them to trip and lose their balance.',0,1,4,75,0,0,3),(55,'**The Demi-Human** jumps up and slams their weapon down onto the ground, creating a shockwave that damages nearby players.',0,1,4,110,0,0,3),(56,'**The Demi-Human** raises their shield and charges forward, knocking the player off their feet.',0,1,4,80,0,0,2),(57,'**The Demi-Human** retreats to a safe distance and starts hurling rocks at the player from afar.',0,1,4,50,0,0,1),(58,'**The Demi-Human** performs a quick series of strikes with their weapon, dealing moderate damage to the player.',0,1,4,70,0,0,2),(59,'**The Demi-Human** performs a spinning attack, hitting all nearby players with their weapon.',0,1,4,100,0,0,3),(60,'**The Demi-Human** takes a defensive stance, bracing themselves for an incoming attack and reducing damage taken.',0,2,4,0,0,0,0),(61,'**The Demi-Human** dodges to the side, narrowly avoiding the player\'s incoming attack.',0,2,4,0,0,0,0),(62,'**The Demi-Human** performs a quick dodge to the side, avoiding the player\'s incoming ',0,2,4,0,0,0,0),(63,'**The Demi-Human** performs a healing ritual, restoring some of their health.',0,3,4,0,150,0,0),(64,'**The Demi-Human** stands still and watches the player cautiously, waiting for an opportunity to strike.',0,5,4,0,0,0,0),(65,'**The Demi-Human** looks around nervously, as if waiting for reinforcements, but none come.',0,5,4,0,0,0,0),(66,'**The Demi-Human** takes a defensive stance, holding up its shield and waiting for the player to make the first move.',0,5,4,0,0,0,0),(67,'**Margit, the Fell Omen** swings his staff in many directions with wind-ups ranging from fast to slow.',0,1,1,85,0,0,3),(68,'**Margit** stabs his staff directly forward.',0,1,1,35,0,0,1),(69,'**Margit, the Fell Omen** pulls his staff behind his back, then slams it into the ground',0,1,1,105,0,0,2),(70,'**Margit** quickly slashes a spectral dagger in front of him.',0,1,1,60,0,0,1),(71,'**Margit** throws one or two daggers',0,1,1,65,0,0,1),(72,'**Margit, the Fell Omen** slashes once with a dagger, then jumps backwards and throws it.',0,1,1,95,0,0,1),(73,'**Margit** swings his tail to hit everyone behind him.',0,1,1,50,0,0,3),(74,'**Margit, the Fell Omen** slashes simultaneously with both his staff and spectral sword',0,1,1,120,0,0,1),(75,'**Margit** leaps towards you, hovers in the air for a moment, then slams his staff down.',0,1,1,100,0,0,1),(76,'**Margit, the Fell Omen** summons his spectral hammer to his shoulder, swings it in front of him, leaps high into the air, and slams it down to the ground, creating a shockwave.',0,1,1,140,0,0,3),(77,'With a quick hop to the side, **Margit** avoids your next strike!',0,2,1,0,0,0,0),(78,'**Margit\'s** eyes remain locked on her opponent, ready to evade the next move..',0,2,1,0,0,0,0),(79,'**Margit** stands tall and still, watching you closely with a piercing gaze',0,5,1,0,0,0,0),(80,'Despite your movements, **Margit** remains calm and collected, waiting for the right moment to strike..',0,5,1,0,0,0,0),(81,'**The Fell Omen** takes a moment to catch his breath',0,5,1,0,0,0,0),(82,'**The boar** charges forward, using its tusks to deal great damage!',0,1,2,120,0,0,1),(83,'**The boar** charges and pushes away the players',0,1,2,55,0,0,3),(84,'**The boar** becomes more aggresive but stalls for a moment.',0,5,2,0,0,0,0),(85,'**The boar** jumps into the air and lands heavily, dealing massive damage to **everyone**',0,1,2,100,0,0,3),(86,'**The boar** raises its tusks, **becoming temporarily immune** to physical attacks!',0,2,2,0,0,0,0),(87,'**The boar** snorts, healing a small amount of health..',0,3,2,0,350,0,0),(88,'**The boar** stands still and does **nothing**, waiting for the player to make the next move..',0,5,2,0,0,0,0),(89,'**The Warhawk** slashes at the players with its sharp talons, dealing good amount of damage!',0,1,3,90,0,0,2),(90,'**The Warhawk** pecks with its beak, dealing damage',0,1,3,45,0,0,1),(91,'**The Warhawk** swoops down and slams into the ground near you, dealing massive damage!',0,1,3,130,0,0,3),(92,'**The Warhawk** flaps its wings fiercely, creating a gust of wind that **prevents** the **next incoming attack**',0,2,3,0,0,0,0),(93,'**The Warhawk** emits a piercing cry that disorients everyone, causing them to miss their next attack..',0,2,3,0,0,0,0),(94,'**The Warhawk** summons a bolt of lighting to strike, dealing damage',0,1,3,80,0,0,1),(95,'**The Warhawk** uses a feather to **heal itself** for a small amount of health',0,3,3,0,150,0,1),(96,'**The Warhawk** flies to a nearby perch, gaining a defensive advantage and **dodging** the **next incoming attack!**',0,2,3,0,0,0,0),(97,'**The Sheep** does määhh',0,5,9,0,0,0,0),(98,'**The Sheep** does määhh määhh',0,5,9,0,0,0,0),(99,'**The Sheep** does määhhhh..',0,5,9,0,0,0,0),(100,'**The Sheep** does määh',0,5,9,0,0,0,0),(101,'**The Sheep** does nothing? ',0,5,9,0,0,0,0),(102,'**The Sheep** does määhhhh',0,5,9,0,0,0,0),(103,'**The Sheep** does määh.. määhh',0,5,9,0,0,0,0),(104,'**The Sheep** does mäh?',0,5,9,0,0,0,0),(105,'**The Sheep** does määhh määhh määhh',0,5,9,0,0,0,0),(106,'**The Sheep** does määhh mäh',0,5,9,0,0,0,0),(107,'**The Sheep** rams at you with full force!',0,1,9,150,0,0,0),(108,'**The Misbegotten** raises the cleaver high above its head before bringing it down with tremendous force',0,1,10,110,0,0,1),(109,'**The Misbegotten** swings the cleaver in a wide arc to the side',0,1,10,80,0,0,3),(110,'**The Misbegotten** makes a quick, precise slash with the cleaver',0,1,10,95,0,0,1),(112,'**The Misbegotten** charges up its swing, putting all of its strength into a single, powerful strike!',0,1,10,250,0,0,1),(113,'**The Misbegotten** jumps into the air before bringing the cleaver down with all of its weight behind it!',0,1,10,100,0,0,1),(114,'**The Misbegotten** swings the cleaver twice in rapid succession',0,1,10,90,0,0,1),(115,'**The Misbegotten** delivers a powerful strike with the cleaver!',0,1,10,65,0,0,1),(117,'**The Misbegotten** swings the cleaver in a cross pattern, dealing damage to all nearby opponents.',0,1,10,80,0,0,2),(118,'**The Misbegotten** lunges forward and stabs its opponent with the sharp end of the cleaver.',0,1,10,65,0,0,1),(119,'**The Misbegotten** stays put, watching its surroundings warily.',0,5,10,0,0,0,0),(120,'**The Misbegotten** stands tall, keeping a watchful eye on its surroundings for any signs of danger..',0,5,10,0,0,0,0),(121,'**The Misbegotten** takes a moment to groom itself, cleaning its wings..',0,5,10,0,0,0,0),(122,'**The Misbegotten** rolls out of harm\'s way to **avoid incoming attacks.**',0,2,10,0,0,0,0),(123,'**The Misbegotten** moves quickly and unexpectedly, **dodging incoming attacks..**',0,2,10,0,0,0,0),(124,'**The Misbegotten** spins around, cleaver extended, attempting to hit any players in range with a deadly attack.',0,1,10,120,0,0,2),(125,'**Rotten Stray** charges forward and lunges at the player with its jaws.',0,1,11,90,0,0,1),(126,'**Rotten Stray** sidesteps and attempts to bite the player',0,1,11,75,0,0,1),(127,'**Rotten Stray** quickly dashes and bites the player\'s leg.',0,1,11,66,0,0,1),(128,'**Rotten Stray** jumps and slams down on the player, trying to bite their face.',0,1,11,125,0,0,1),(129,'**Rotten Stray**  runs in a circle and then charges at the player.',0,1,11,105,0,0,1),(130,'**Rotten Stray** suddenly sprints forward and bites the player\'s arm!',0,1,11,115,0,0,1),(131,'**Rotten Stray** crouches down and then suddenly jumps and bites the player.',0,1,11,95,0,0,1),(132,'**Rotten Stray** quickly bites twice in a row.',0,1,11,145,0,0,1),(133,'**Rotten Stray** lunges and bites while in mid-air!',0,1,11,80,0,0,1),(134,'**Rotten Stray** bites and then quickly jumps backwards.',0,1,11,45,0,0,1),(135,'**Rotten Stray** bites the player and then quickly moves to the side..',0,1,11,45,0,0,1),(136,'**Rotten Stray** snarls and then viciously bites the player\'s weapon.. this has no effect?',0,5,11,0,0,0,0),(137,'**Rotten Stray** circles around the player, looking for an opening to strike..',0,5,11,0,0,0,0),(138,'**Rotten Stray** jumps back and howls at the player..',0,5,11,0,0,0,0),(139,'**Rotten Stray** jumps back to **dodge** the next attack..',0,2,11,0,0,0,0),(140,'**Rotten Stray** crouches low and rolls to the side, **evading attacks** with surprising agility.',0,2,11,0,0,0,0),(141,'With a burst of speed, **Rotten Stray** sprints a short distance away, **dodging incoming attacks.**',0,2,11,0,0,0,0);
/*!40000 ALTER TABLE `enemy_moves` ENABLE KEYS */;
UNLOCK TABLES;

--
-- Table structure for table `item`
--

DROP TABLE IF EXISTS `item`;
/*!40101 SET @saved_cs_client     = @@character_set_client */;
/*!50503 SET character_set_client = utf8mb4 */;
CREATE TABLE `item` (
  `idItem` int NOT NULL AUTO_INCREMENT,
  `name` varchar(45) NOT NULL,
  `value` int NOT NULL,
  `price` int NOT NULL,
  `iconCategory` varchar(100) NOT NULL,
  `type` varchar(45) NOT NULL,
  `reqVigor` int NOT NULL,
  `reqMind` int NOT NULL,
  `reqEndurance` int NOT NULL,
  `reqStrength` int NOT NULL,
  `reqDexterity` int NOT NULL,
  `reqIntelligence` int NOT NULL,
  `reqFaith` int NOT NULL,
  `reqArcane` int NOT NULL,
  `obtainable` int NOT NULL,
  `weight` decimal(10,0) NOT NULL,
  `iconUrl` varchar(220) DEFAULT NULL,
  `sclVigor` varchar(2) NOT NULL,
  `sclMind` varchar(2) NOT NULL,
  `sclEndurance` varchar(2) NOT NULL,
  `sclStrength` varchar(2) NOT NULL,
  `sclDexterity` varchar(2) NOT NULL,
  `sclIntelligence` varchar(2) NOT NULL,
  `sclFaith` varchar(2) NOT NULL,
  `sclArcane` varchar(2) NOT NULL,
  PRIMARY KEY (`idItem`)
) ENGINE=InnoDB AUTO_INCREMENT=851 DEFAULT CHARSET=utf8mb4 COLLATE=utf8mb4_0900_ai_ci;
/*!40101 SET character_set_client = @saved_cs_client */;

--
-- Dumping data for table `item`
--

LOCK TABLES `item` WRITE;
/*!40000 ALTER TABLE `item` DISABLE KEYS */;
INSERT INTO `item` VALUES (1,'Hand Axe',213,639,'axe','Weapon',0,0,0,9,8,0,0,0,1,4,'https://eldenring.fanapis.com/images/weapons/17f69c35d2cl0i1oh7zuqfb3mdvsj.png','-','-','-','D','D','-','-','-'),(2,'Jawbone Axe',224,672,'axe','Weapon',0,0,0,14,8,0,0,0,1,6,'https://eldenring.fanapis.com/images/weapons/17f69667224l0i1ohar280aeoxkl6z.png','-','-','-','D','E','-','-','-'),(3,'Forked Hatchet',201,603,'axe','Weapon',0,0,0,9,14,0,0,0,1,3,'https://eldenring.fanapis.com/images/weapons/17f695c42f0l0i1ohb4cao0qxackpu.png','-','-','-','D','D','-','-','-'),(4,'Iron Cleaver',220,660,'axe','Weapon',0,0,0,15,7,0,0,0,1,6,'https://eldenring.fanapis.com/images/weapons/17f69c6388cl0i1ohcb8denrbpuhqs.png','-','-','-','C','E','-','-','-'),(5,'Battle Axe',223,669,'axe','Weapon',0,0,0,12,8,0,0,0,1,5,'https://eldenring.fanapis.com/images/weapons/17f699dbb9dl0i1ohfs2g1wqxwja74.png','-','-','-','D','D','-','-','-'),(6,'Ripple Blade',170,510,'axe','Weapon',0,0,0,11,11,0,0,20,1,5,'https://eldenring.fanapis.com/images/weapons/17f694ef2f2l0i1ohsk3qoao9ds943.png','-','-','-','-','-','-','-','A'),(7,'Icerind Hatchet',211,633,'axe','Weapon',0,0,0,11,16,0,0,0,1,3,'https://eldenring.fanapis.com/images/weapons/17f699235c3l0i1ohvv1u6vgzp6gxv.png','-','-','-','E','D','-','-','-'),(8,'Sacrificial Axe',228,684,'axe','Weapon',0,0,0,16,10,0,0,0,1,6,'https://eldenring.fanapis.com/images/weapons/17f69b32182l0i1oi3uyg5fkssmhje.png','-','-','-','D','D','-','-','-'),(9,'Celebrant\'s Cleaver',219,657,'axe','Weapon',0,0,0,12,8,0,0,0,1,5,'https://eldenring.fanapis.com/images/weapons/17f6980f4d4l0i1oi72p2skbsycy5.png','-','-','-','D','D','-','-','-'),(10,'Rosus\' Axe',274,822,'axe','Weapon',0,0,0,18,10,18,0,0,1,6,'https://eldenring.fanapis.com/images/weapons/17f6963aeael0i1oiez2moleac31tm.png','-','-','-','D','E','D','-','-'),(11,'Highland Axe',233,699,'axe','Weapon',0,0,0,12,9,0,0,0,1,5,'https://eldenring.fanapis.com/images/weapons/17f69aeb629l0i1oifaza9fgo5b598.png','-','-','-','D','D','-','-','-'),(12,'Warped Axe',218,654,'axe','Weapon',0,0,0,24,8,0,0,0,1,8,'https://eldenring.fanapis.com/images/weapons/17f6959fcafl0i1oinkyocipl7tiwk.png','-','-','-','C','-','-','-','-'),(13,'Stormhawk Axe',230,690,'axe','Weapon',0,0,0,19,15,0,0,0,1,6,'https://eldenring.fanapis.com/images/weapons/17f69b8f9edl0i1oitj4z0mizqfmf7.png','-','-','-','D','D','-','-','-'),(14,'Gargoyle\'s Black Axe',320,960,'axe','Weapon',0,0,0,24,8,0,22,0,1,9,'https://eldenring.fanapis.com/images/weapons/17f699ef109l0i1oj1cqtn6euxicod.png','-','-','-','D','E','-','D','-'),(15,'Hand Ballista',285,855,'ballista','Weapon',0,0,0,30,14,0,0,0,1,10,'https://eldenring.fanapis.com/images/weapons/17f698da62dl0i1oj2p6wyeh8vo0to.png','-','-','-','-','-','-','-','-'),(16,'Jar Cannon',342,1026,'ballista','Weapon',0,0,0,34,12,0,0,0,1,15,'https://eldenring.fanapis.com/images/weapons/17f69dd8093l0i1oj6x6qo6tg76q8.png','-','-','-','-','-','-','-','-'),(17,'Longbow',230,690,'bow','Weapon',0,0,0,9,14,0,0,0,1,4,'https://eldenring.fanapis.com/images/weapons/17f69d12746l0i1ojbzxzgz6gfjsi.png','-','-','-','E','D','-','-','-'),(18,'Albinauric Bow',182,546,'bow','Weapon',0,0,0,7,18,0,0,0,1,5,'https://eldenring.fanapis.com/images/weapons/17f695afa44l0i1ojioyvh48q16qul.png','-','-','-','E','D','-','-','-'),(19,'Erdtree Bow',240,720,'bow','Weapon',0,0,0,8,12,0,14,0,1,4,'https://eldenring.fanapis.com/images/weapons/17f6968148cl0i1ojrunt1o8v6y34f.png','-','-','-','E','E','-','D','-'),(20,'Horn Bow',245,735,'bow','Weapon',0,0,0,10,14,12,0,0,1,5,'https://eldenring.fanapis.com/images/weapons/17f69dcccffl0i1ojske3hc4ernauj.png','-','-','-','E','D','-','-','-'),(21,'Serpent Bow',225,675,'bow','Weapon',0,0,0,8,15,0,0,11,1,4,'https://eldenring.fanapis.com/images/weapons/17f694c87afl0i1ojvhpi9w9ttf21.png','-','-','-','E','D','-','-','D'),(22,'Pulley Bow',232,696,'bow','Weapon',0,0,0,11,11,0,0,0,1,5,'https://eldenring.fanapis.com/images/weapons/17f694cf960l0i1ojybdeac0ffxf5.png','-','-','-','D','D','-','-','-'),(23,'Black Bow',220,660,'bow','Weapon',0,0,0,9,20,0,0,0,1,4,'https://eldenring.fanapis.com/images/weapons/17f694bf0a0l0i1okt1ao6xjlqrmq9.png','-','-','-','E','D','-','-','-'),(24,'Bloodhound Claws',204,612,'claw','Weapon',0,0,0,10,15,0,0,0,1,3,'https://eldenring.fanapis.com/images/weapons/17f69575d35l0i1oktqg9vbv6v8jk.png','-','-','-','D','D','-','-','-'),(25,'Venomous Fang',192,576,'claw','Weapon',0,0,0,9,9,0,0,0,1,3,'https://eldenring.fanapis.com/images/weapons/17f695a80d4l0i1okukv5xwwhqcvn.png','-','-','-','D','D','-','-','-'),(26,'Hookclaws',199,597,'claw','Weapon',0,0,0,8,14,0,0,0,1,2,'https://eldenring.fanapis.com/images/weapons/17f69bb71a6l0i1okvek92tqjqy5w.png','-','-','-','E','C','-','-','-'),(27,'Raptor Talons',193,579,'claw','Weapon',0,0,0,6,14,0,0,0,1,2,'https://eldenring.fanapis.com/images/weapons/17f694a2cc3l0i1okx1gdd6e5ser2.png','-','-','-','E','C','-','-','-'),(28,'Watchdog\'s Greatsword',242,726,'colossal_sword','Weapon',0,0,0,30,10,0,0,0,1,22,'https://eldenring.fanapis.com/images/weapons/17f69c91071l0i1olmq0iokptn3hftg.png','-','-','-','C','E','-','-','-'),(29,'Greatsword',264,792,'colossal_sword','Weapon',0,0,0,31,12,0,0,0,1,23,'https://eldenring.fanapis.com/images/weapons/17f6974feb9l0i1olnp61dvex8ugut.png','-','-','-','C','E','-','-','-'),(30,'Troll\'s Golden Sword',255,765,'colossal_sword','Weapon',0,0,0,29,10,0,0,0,1,19,'https://eldenring.fanapis.com/images/weapons/17f69d62fd0l0i1olqu110xlsqhiuo.png','-','-','-','D','D','-','-','-'),(31,'Maliketh\'s Black Blade',309,927,'colossal_sword','Weapon',0,0,0,34,12,0,20,0,1,22,'https://eldenring.fanapis.com/images/weapons/17f6946481al0i1olr8v9h8hxdx439.png','-','-','-','D','E','-','D','-'),(32,'Zweihander',241,723,'colossal_sword','Weapon',0,0,0,19,11,0,0,0,1,16,'https://eldenring.fanapis.com/images/weapons/17f69848f3fl0i1olspoavxf69m81b.png','-','-','-','D','D','-','-','-'),(33,'Royal Greatsword',134,402,'colossal_sword','Weapon',0,0,0,26,18,22,0,0,1,20,'https://eldenring.fanapis.com/images/weapons/17f695e24bel0i1omb3kpapbx2zhn.png','-','-','-','D','E','D','-','-'),(34,'Godslayer\'s Greatsword',296,888,'colossal_sword','Weapon',0,0,0,20,22,0,20,0,1,18,'https://eldenring.fanapis.com/images/weapons/17f69814033l0i1omfg9fbsxwonld.png','-','-','-','D','D','-','D','-'),(35,'Grafted Blade Greatsword',257,771,'colossal_sword','Weapon',0,0,0,40,14,0,0,0,1,21,'https://eldenring.fanapis.com/images/weapons/17f69ba4b74l0i1omi90yu0wdq7oxu.png','-','-','-','C','E','-','-','-'),(36,'Ruins Greatsword',261,783,'colossal_sword','Weapon',0,0,0,50,0,16,0,0,1,23,'https://eldenring.fanapis.com/images/weapons/17f69695544l0i1omj4kim8sh6j5xh.png','-','-','-','B','-','D','-','-'),(37,'Starscourge Greatsword',312,936,'colossal_sword','Weapon',0,0,0,38,12,15,0,0,1,20,'https://eldenring.fanapis.com/images/weapons/17f69d917e2l0i1omllp8sfqfor6g.png','-','-','-','D','D','E','-','-'),(38,'Troll Knight\'s Sword',304,912,'colossal_sword','Weapon',0,0,0,20,14,18,0,0,1,18,'https://eldenring.fanapis.com/images/weapons/17f694bf77bl0i1on5kwkodf1d6fkp.png','-','-','-','D','D','D','-','-'),(39,'Watchdog\'s Staff',265,795,'colossal_weapon','Weapon',0,0,0,34,10,0,0,0,1,19,'https://eldenring.fanapis.com/images/weapons/17f69573764l0i1ondtdlwail0224s.png','-','-','-','D','D','-','-','-'),(40,'Envoy\'s Greathorn',299,897,'colossal_weapon','Weapon',0,0,0,28,0,0,0,0,1,20,'https://eldenring.fanapis.com/images/weapons/17f69b35d86l0i1ongc5nz2ucwimp3.png','-','-','-','D','-','-','-','-'),(41,'Great Club',254,762,'colossal_weapon','Weapon',0,0,0,35,0,0,0,0,1,17,'https://eldenring.fanapis.com/images/weapons/17f697c039cl0i1onh4jupgan4exzn.png','-','-','-','C','-','-','-','-'),(42,'Prelate\'s Inferno Crozier',256,768,'colossal_weapon','Weapon',0,0,0,45,8,0,0,0,1,24,'https://eldenring.fanapis.com/images/weapons/17f69a7dcc1l0i1oniofe8yzb14ixf.png','-','-','-','C','E','-','-','-'),(43,'Duelist Greataxe',270,810,'colossal_weapon','Weapon',0,0,0,30,10,0,0,0,1,20,'https://eldenring.fanapis.com/images/weapons/17f69a33564l0i1ons3nh18t7o8nt.png','-','-','-','E','D','-','-','-'),(44,'Axe Of Godfrey',265,795,'colossal_weapon','Weapon',0,0,0,42,14,0,0,0,1,18,'https://eldenring.fanapis.com/images/weapons/17f698fbfe3l0i1onysor0mpgg5yes.png','-','-','-','D','D','-','-','-'),(45,'Dragon Greatclaw',298,894,'colossal_weapon','Weapon',0,0,0,30,14,0,0,0,1,16,'https://eldenring.fanapis.com/images/weapons/17f69469b4bl0i1oo41w96vla79ii.png','-','-','-','D','D','-','-','-'),(46,'Fallingstar Beast Jaw',316,948,'colossal_weapon','Weapon',0,0,0,34,12,20,0,0,1,22,'https://eldenring.fanapis.com/images/weapons/17f6955e72fl0i1oo4m9kmv2xl4xyk.png','-','-','-','D','D','E','-','-'),(47,'Staff Of The Avatar',286,858,'colossal_weapon','Weapon',0,0,0,34,0,0,0,0,1,20,'https://eldenring.fanapis.com/images/weapons/17f69dc1749l0i1ooc0npawnyrf3d.png','-','-','-','C','-','-','-','-'),(48,'Ghiza\'s Wheel',256,768,'colossal_weapon','Weapon',0,0,0,28,18,0,0,0,1,19,'https://eldenring.fanapis.com/images/weapons/17f696bf334l0i1oog74vy08h3bq4g.png','-','-','-','D','D','-','-','-'),(49,'Giant-crusher',255,765,'colossal_weapon','Weapon',0,0,0,60,0,0,0,0,1,27,'https://eldenring.fanapis.com/images/weapons/17f698d50ael0i1ooor7m3e3wm1ksn.png','-','-','-','C','-','-','-','-'),(50,'Golem\'s Halberd',258,774,'colossal_weapon','Weapon',0,0,0,36,14,0,0,0,1,22,'https://eldenring.fanapis.com/images/weapons/17f69bd8124l0i1oouetnbxq1rzht.png','-','-','-','D','D','-','-','-'),(51,'Troll\'s Hammer',298,894,'colossal_weapon','Weapon',0,0,0,28,8,0,10,0,1,16,'https://eldenring.fanapis.com/images/weapons/17f699e1bc7l0i1oov82brr35n1ie4.png','-','-','-','D','E','-','D','-'),(52,'Rotten Staff',265,795,'colossal_weapon','Weapon',0,0,0,34,8,0,0,0,1,18,'https://eldenring.fanapis.com/images/weapons/17f695f2cdal0i1oozpti2yx0wz51.png','-','-','-','C','E','-','-','-'),(53,'Rotten Greataxe',262,786,'colossal_weapon','Weapon',0,0,0,30,10,0,0,0,1,20,'https://eldenring.fanapis.com/images/weapons/17f698e7e0dl0i1op5tj0nigfcedar.png','-','-','-','E','D','-','-','-'),(54,'Soldier\'s Crossbow',196,588,'crossbow','Weapon',0,0,0,10,8,0,0,0,1,4,'https://eldenring.fanapis.com/images/weapons/17f69a1d79cl0i1opcz0k9omitov0n.png','-','-','-','-','-','-','-','-'),(55,'Light Crossbow',200,600,'crossbow','Weapon',0,0,0,12,8,0,0,0,1,4,'https://eldenring.fanapis.com/images/weapons/17f69832d19l0i1opiocf2s1b0z8f8.png','-','-','-','-','-','-','-','-'),(56,'Heavy Crossbow',206,618,'crossbow','Weapon',0,0,0,14,10,0,0,0,1,6,'https://eldenring.fanapis.com/images/weapons/17f69b95f86l0i1opjf3ra8xpdsovo.png','-','-','-','-','-','-','-','-'),(57,'Pulley Crossbow',207,621,'crossbow','Weapon',0,0,0,16,16,0,0,0,1,4,'https://eldenring.fanapis.com/images/weapons/17f69744d27l0i1opnrem0400k2gsd.png','-','-','-','-','-','-','-','-'),(58,'Full Moon Crossbow',242,726,'crossbow','Weapon',0,0,0,10,10,14,0,0,1,4,'https://eldenring.fanapis.com/images/weapons/17f69ac9f84l0i1opqor2ybht92g9q.png','-','-','-','-','-','-','-','-'),(59,'Onyx Lord\'s Greatsword',294,882,'curved_greatsword','Weapon',0,0,0,20,16,16,0,0,1,12,'https://eldenring.fanapis.com/images/weapons/17f69d4ff4fl0i1oq3u3wuk37p9n8y.png','-','-','-','D','E','D','-','-'),(60,'Crepus\'s Black-key Crossbow',215,645,'crossbow','Weapon',0,0,0,14,16,0,0,0,1,5,'https://eldenring.fanapis.com/images/weapons/17f697ea1a4l0i1oq4te6lr8su01zs.png','-','-','-','-','-','-','-','-'),(61,'Arbalest',211,633,'crossbow','Weapon',0,0,0,18,12,0,0,0,1,6,'https://eldenring.fanapis.com/images/weapons/17f69d24aefl0i1oq9249e558exazo.png','-','-','-','-','-','-','-','-'),(62,'Bloodhound\'s Fang',241,723,'curved_greatsword','Weapon',0,0,0,18,17,0,0,0,1,12,'https://eldenring.fanapis.com/images/weapons/17f697d9a68l0i1oqeay5e8bb4oc3g.png','-','-','-','D','C','-','-','-'),(63,'Dismounter',238,714,'curved_greatsword','Weapon',0,0,0,19,16,0,0,0,1,10,'https://eldenring.fanapis.com/images/weapons/17f69c95aedl0i1oqkej3b4sanu0ho.png','-','-','-','D','D','-','-','-'),(64,'Magma Wyrm\'s Scalesword',288,864,'curved_greatsword','Weapon',0,0,0,24,15,0,18,0,1,15,'https://eldenring.fanapis.com/images/weapons/17f6959a5afl0i1oqpihevj06l1n6f.png','-','-','-','C','D','-','D','-'),(65,'Omen Cleaver',242,726,'curved_greatsword','Weapon',0,0,0,19,16,0,0,0,1,12,'https://eldenring.fanapis.com/images/weapons/17f699cd816l0i1oqxnpfv24k6jntj.png','-','-','-','D','D','-','-','-'),(66,'Zamor Curved Sword',225,675,'curved_greatsword','Weapon',0,0,0,16,18,0,0,0,1,9,'https://eldenring.fanapis.com/images/weapons/17f6951db06l0i1or16gi01imzlv6v.png','-','-','-','D','D','-','-','-'),(67,'Monk\'s Flameblade',234,702,'curved_greatsword','Weapon',0,0,0,18,18,0,0,0,1,9,'https://eldenring.fanapis.com/images/weapons/17f69d7bd32l0i1or3zgprsj3kycze.png','-','-','-','D','D','-','-','-'),(68,'Beastman\'s Cleaver',243,729,'curved_greatsword','Weapon',0,0,0,25,14,0,0,0,1,17,'https://eldenring.fanapis.com/images/weapons/17f695a31bbl0i1orafp8agcajnhoq.png','-','-','-','C','-','-','-','-'),(69,'Morgott\'s Cursed Sword',230,690,'curved_greatsword','Weapon',0,0,0,14,35,0,0,17,1,8,'https://eldenring.fanapis.com/images/weapons/17f695e77b1l0i1orcoyco0l9fpi6j.png','-','-','-','E','C','-','-','D'),(70,'Falchion',209,627,'curved_sword','Weapon',0,0,0,9,13,0,0,0,1,4,'https://eldenring.fanapis.com/images/weapons/17f69ccaa4al0i1orhsuhv0ll0uko.png','-','-','-','D','D','-','-','-'),(71,'Shamshir',208,624,'curved_sword','Weapon',0,0,0,7,13,0,0,0,1,4,'https://eldenring.fanapis.com/images/weapons/17f69cbbed5l0i1orz2seh3xldf6b.png','-','-','-','D','D','-','-','-'),(72,'Beastman\'s Curved Sword',213,639,'curved_sword','Weapon',0,0,0,13,11,0,0,0,1,4,'https://eldenring.fanapis.com/images/weapons/17f69d22df5l0i1os1vzj7jka683f.png','-','-','-','C','E','-','-','-'),(73,'Shotel',196,588,'curved_sword','Weapon',0,0,0,9,19,0,0,0,1,2,'https://eldenring.fanapis.com/images/weapons/17f69498ae3l0i1os4m19u5e478yu2.png','-','-','-','E','D','-','-','-'),(74,'Magma Blade',258,774,'curved_sword','Weapon',0,0,0,9,15,0,16,0,1,4,'https://eldenring.fanapis.com/images/weapons/17f69908917l0i1os577fp2a0c8n8w.png','-','-','-','D','D','-','D','-'),(75,'Flowing Curved Sword',209,627,'curved_sword','Weapon',0,0,0,9,17,0,0,0,1,4,'https://eldenring.fanapis.com/images/weapons/17f694e2077l0i1osqjan4fnttniyc.png','-','-','-','D','D','-','-','-'),(76,'Wing Of Astel',243,729,'curved_sword','Weapon',0,0,0,7,17,20,0,0,1,3,'https://eldenring.fanapis.com/images/weapons/17f695b60e8l0i1osrls9u8la9bek.png','-','-','-','E','D','D','-','-'),(77,'Eclipse Shotel',254,762,'curved_sword','Weapon',0,0,0,10,25,0,30,0,1,3,'https://eldenring.fanapis.com/images/weapons/17f695e8a95l0i1osvuh2s392bslgf.png','-','-','-','E','D','-','D','-'),(78,'Serpent-god\'s Curved Sword',213,639,'curved_sword','Weapon',0,0,0,13,9,0,0,0,1,4,'https://eldenring.fanapis.com/images/weapons/17f6977fc1al0i1oswu20i8xjh9liqj.png','-','-','-','D','E','-','-','-'),(79,'Scavenger\'s Curved Sword',205,615,'curved_sword','Weapon',0,0,0,9,14,0,0,0,1,4,'https://eldenring.fanapis.com/images/weapons/17f69d7cf23l0i1osx8dg6r5dybhck.png','-','-','-','D','D','-','-','-'),(80,'Mantis Blade',212,636,'curved_sword','Weapon',0,0,0,10,12,0,0,0,1,4,'https://eldenring.fanapis.com/images/weapons/17f69a28357l0i1otefec4u3qjtjve.png','-','-','-','D','D','-','-','-'),(81,'Scimitar',206,618,'curved_sword','Weapon',0,0,0,7,13,0,0,0,1,3,'https://eldenring.fanapis.com/images/weapons/17f695c221bl0i1oti2aqelikacuj6.png','-','-','-','D','D','-','-','-'),(82,'Nox Flowing Sword',212,636,'curved_sword','Weapon',0,0,0,8,15,0,0,0,1,4,'https://eldenring.fanapis.com/images/weapons/17f69913ab4l0i1otlpefqm0g08exp.png','-','-','-','E','D','-','-','-'),(83,'Dagger',204,612,'dagger','Weapon',0,0,0,5,9,0,0,0,1,2,'https://eldenring.fanapis.com/images/weapons/17f699693fbl0i1otqw0glcy3u6fp0k.png','-','-','-','D','C','-','-','-'),(84,'Grossmesser',215,645,'curved_sword','Weapon',0,0,0,14,12,0,0,0,1,5,'https://eldenring.fanapis.com/images/weapons/17f69ba85cal0i1ou17700c5cqef3i.png','-','-','-','D','D','-','-','-'),(85,'Black Knife',241,723,'dagger','Weapon',0,0,0,8,12,0,18,0,1,2,'https://eldenring.fanapis.com/images/weapons/17f69bb7d32l0i1ou85ft99zwecdel.png','-','-','-','E','D','-','D','-'),(86,'Parrying Dagger',185,555,'dagger','Weapon',0,0,0,5,14,0,0,0,1,2,'https://eldenring.fanapis.com/images/weapons/17f6959f1adl0i1ou9x8vs08p3u09g.png','-','-','-','E','C','-','-','-'),(87,'Miséricorde',232,696,'dagger','Weapon',0,0,0,7,12,0,0,0,1,2,'https://eldenring.fanapis.com/images/weapons/17f69aa066dl0i1ouek4e8nmlybotp.png','-','-','-','E','D','-','-','-'),(88,'Reduvia',189,567,'dagger','Weapon',0,0,0,5,13,0,0,13,1,3,'https://eldenring.fanapis.com/images/weapons/17f69d42419l0i1oujp0m1csaaqdanf.png','-','-','-','E','D','-','-','D'),(89,'Crystal Knife',235,705,'dagger','Weapon',0,0,0,8,12,9,0,0,1,2,'https://eldenring.fanapis.com/images/weapons/17f695c23a5l0i1ourjc45t3ot8y0r.png','-','-','-','D','D','D','-','-'),(90,'Celebrant\'s Sickle',179,537,'dagger','Weapon',0,0,0,6,11,0,0,0,1,2,'https://eldenring.fanapis.com/images/weapons/17f69538376l0i1ouzstk2t2dod57i.png','-','-','-','E','C','-','-','-'),(91,'Glintstone Kris',235,705,'dagger','Weapon',0,0,0,5,12,16,0,0,1,2,'https://eldenring.fanapis.com/images/weapons/17f69756a35l0i1ov1vi3cb4201sxa.png','-','-','-','E','D','D','-','-'),(92,'Scorpion\'s Stinger',189,567,'dagger','Weapon',0,0,0,6,12,0,0,0,1,3,'https://eldenring.fanapis.com/images/weapons/17f69d58e08l0i1ovazqw2hxmxgdc.png','-','-','-','D','C','-','-','-'),(93,'Great Knife',185,555,'dagger','Weapon',0,0,0,6,12,0,0,0,1,2,'https://eldenring.fanapis.com/images/weapons/17f6994d16cl0i1ovl2w2asf8hogd.png','-','-','-','E','C','-','-','-'),(94,'Wakizashi',194,582,'dagger','Weapon',0,0,0,9,13,0,0,0,1,3,'https://eldenring.fanapis.com/images/weapons/17f69a01b63l0i1ovq80hzuqcz211pn.png','-','-','-','D','D','-','-','-'),(95,'Cinquedea',198,594,'dagger','Weapon',0,0,0,10,10,0,0,0,1,4,'https://eldenring.fanapis.com/images/weapons/17f6986cfc4l0i1ovvz1l7bcfxqjc9.png','-','-','-','D','E','-','-','-'),(96,'Ivory Sickle',220,660,'dagger','Weapon',0,0,0,6,11,13,0,0,1,2,'https://eldenring.fanapis.com/images/weapons/17f69dba532l0i1ow5zn175dgtjn5d.png','-','-','-','E','D','D','-','-'),(97,'Erdsteel Dagger',177,531,'dagger','Weapon',0,0,0,7,12,0,14,0,1,2,'https://eldenring.fanapis.com/images/weapons/17f69c27224l0i1owfsl4rcc4fgbpe.png','-','-','-','D','D','-','D','-'),(98,'Blade Of Calling',224,672,'dagger','Weapon',0,0,0,6,13,0,15,0,1,2,'https://eldenring.fanapis.com/images/weapons/17f69619348l0i1owhkpnh4pq8aju.png','-','-','-','D','D','-','C','-'),(99,'Bloodstained Dagger',191,573,'dagger','Weapon',0,0,0,9,12,0,0,0,1,2,'https://eldenring.fanapis.com/images/weapons/17f69568512l0i1owirx8rozwu94e.png','-','-','-','C','E','-','-','-'),(100,'Spiked Caestus',191,573,'fist','Weapon',0,0,0,8,10,0,0,0,1,2,'https://eldenring.fanapis.com/images/weapons/17f69822bd8l0i1owzfs8dkv6m0tk.png','-','-','-','D','D','-','-','-'),(101,'Caestus',190,570,'fist','Weapon',0,0,0,8,8,0,0,0,1,2,'https://eldenring.fanapis.com/images/weapons/17f6961de5dl0i1ox1mrfqv4sj0p5.png','-','-','-','D','D','-','-','-'),(102,'Grafted Dragon',246,738,'fist','Weapon',0,0,0,20,14,0,16,0,1,3,'https://eldenring.fanapis.com/images/weapons/17f69598b19l0i1ox85gn7f2sgqpad.png','-','-','-','D','D','-','D','-'),(103,'Iron Ball',201,603,'fist','Weapon',0,0,0,11,8,0,0,0,1,3,'https://eldenring.fanapis.com/images/weapons/17f69bdc512l0i1ox8z0tvmo6500lc.png','-','-','-','D','E','-','-','-'),(104,'Star Fist',105,315,'fist','Weapon',0,0,0,12,8,0,0,0,1,3,'https://eldenring.fanapis.com/images/weapons/17f6958d2a1l0i1oxak1ho6m56edgwi.png','-','-','-','D','E','-','-','-'),(105,'Katar',207,621,'fist','Weapon',0,0,0,8,10,0,0,0,1,3,'https://eldenring.fanapis.com/images/weapons/17f699730a1l0i1oxo8gfllal3rur.png','-','-','-','D','D','-','-','-'),(106,'Clinging Bone',204,612,'fist','Weapon',0,0,0,8,22,0,0,16,1,3,'https://eldenring.fanapis.com/images/weapons/17f695cc915l0i1oxrft0i2enqepoe.png','-','-','-','E','C','-','-','D'),(107,'Cipher Pata',185,555,'fist','Weapon',0,0,0,0,0,0,30,0,1,0,'https://eldenring.fanapis.com/images/weapons/17f69de7e01l0i1oxypr2s4rzvhwnj.png','-','-','-','-','-','-','C','-'),(108,'Veteran\'s Prosthesis',236,708,'fist','Weapon',0,0,0,15,12,0,0,0,1,4,'https://eldenring.fanapis.com/images/weapons/17f69912ed2l0i1oxzumweqnzkb2tl.png','-','-','-','D','D','-','-','-'),(109,'Nightrider Flail',212,636,'flail','Weapon',0,0,0,10,24,0,0,0,1,6,'https://eldenring.fanapis.com/images/weapons/17f69d96e43l0i1oy4z04zq0mvzanru.png','-','-','-','E','C','-','-','-'),(110,'Flail',209,627,'flail','Weapon',0,0,0,10,18,0,0,0,1,5,'https://eldenring.fanapis.com/images/weapons/17f69552774l0i1oyd6lwf3vlq0nhn.png','-','-','-','D','D','-','-','-'),(111,'Family Heads',243,729,'flail','Weapon',0,0,0,0,0,0,0,0,1,6,'https://eldenring.fanapis.com/images/weapons/17f695341ecl0i1oyf1mscsd2tuuid.png','-','-','-','-','-','-','-','-'),(112,'Bastard\'s Stars',243,729,'flail','Weapon',0,0,0,8,22,22,0,0,1,6,'https://eldenring.fanapis.com/images/weapons/17f6992e218l0i1oykgr0udpp09p3.png','-','-','-','E','D','C','-','-'),(113,'Glintstone Staff',288,864,'glintstone_staff','Weapon',0,0,0,6,0,10,0,0,1,3,'https://eldenring.fanapis.com/images/weapons/17f69930219l0i1oytgbre6o33dti.png','-','-','-','E','-','C','-','-'),(114,'Crystal Staff',299,897,'glintstone_staff','Weapon',0,0,0,8,0,48,0,0,1,5,'https://eldenring.fanapis.com/images/weapons/17f699946f4l0i1oz2nopkhsi7qz5p.png','-','-','-','D','-','B','-','-'),(115,'Chainlink Flail',209,627,'flail','Weapon',0,0,0,18,12,0,0,0,1,8,'https://eldenring.fanapis.com/images/weapons/17f69c119f0l0i1oz3m7cwvc1jqa6w.png','-','-','-','C','E','-','-','-'),(116,'Gelmir Glintstone Staff',129,387,'glintstone_staff','Weapon',0,0,0,6,0,14,14,0,1,3,'https://eldenring.fanapis.com/images/weapons/17f69d7a8dcl0i1oz4x85o3hhhl069.png','-','-','-','E','-','D','D','-'),(117,'Demi-human Queen\'s Staff',91,273,'glintstone_staff','Weapon',0,0,0,6,0,10,0,0,1,3,'https://eldenring.fanapis.com/images/weapons/17f6960232el0i1oz9tjni3i1ghuy.png','-','-','-','D','-','C','-','-'),(118,'Carian Regal Scepter',264,792,'glintstone_staff','Weapon',0,0,0,8,10,60,0,0,1,3,'https://eldenring.fanapis.com/images/weapons/17f6953c900l0i1ozjupz92p99yzi.png','-','-','-','E','E','B','-','-'),(119,'Astrologer\'s Staff',291,873,'glintstone_staff','Weapon',0,0,0,7,0,16,0,0,1,3,'https://eldenring.fanapis.com/images/weapons/17f69b2786dl0i1ozt246l3i5ng1n3.png','-','-','-','E','-','C','-','-'),(120,'Digger\'s Staff',284,852,'glintstone_staff','Weapon',0,0,0,8,0,12,0,0,1,5,'https://eldenring.fanapis.com/images/weapons/17f6960a2b7l0i1ozuak6b667gyiqq.png','-','-','-','D','-','C','-','-'),(121,'Prince Of Death\'s Star',125,375,'glintstone_staff','Weapon',0,0,0,6,0,18,18,0,1,3,'https://eldenring.fanapis.com/images/weapons/17f697c8bb1l0i1ozxd3885l5ejmcw.png','-','-','-','E','-','D','D','-'),(122,'Carian Glintblade Staff',122,366,'glintstone_staff','Weapon',0,0,0,6,12,22,0,0,1,3,'https://eldenring.fanapis.com/images/weapons/17f69bfdbcdl0i1ozxotkx767c6z5e.png','-','-','-','E','E','C','-','-'),(123,'Albinauric Staff',117,351,'glintstone_staff','Weapon',0,0,0,6,0,10,0,12,1,3,'https://eldenring.fanapis.com/images/weapons/17f69d0ae08l0i1p06vghydco2o29u.png','-','-','-','E','-','D','-','C'),(124,'Academy Glintstone Staff',255,765,'glintstone_staff','Weapon',0,0,0,6,0,28,0,0,1,3,'https://eldenring.fanapis.com/images/weapons/17f69dea799l0i1p0jj1dc7gc9ooad.png','-','-','-','E','-','B','-','-'),(125,'Carian Glintstone Staff',288,864,'glintstone_staff','Weapon',0,0,0,6,8,24,0,0,1,3,'https://eldenring.fanapis.com/images/weapons/17f6967c49cl0i1p0mowlnjq4ufrl.png','-','-','-','E','-','C','-','-'),(126,'Azur\'s Glintstone Staff',290,870,'glintstone_staff','Weapon',0,0,0,10,0,52,0,0,1,4,'https://eldenring.fanapis.com/images/weapons/17f695d9e5dl0i1p0otrlfxvt1g9n9.png','-','-','-','D','-','B','-','-'),(127,'Lusat\'s Glintstone Staff',303,909,'glintstone_staff','Weapon',0,0,0,10,0,52,0,0,1,4,'https://eldenring.fanapis.com/images/weapons/17f695a0063l0i1p0qdogpnbjb7xnf.png','-','-','-','D','-','B','-','-'),(128,'Meteorite Staff',99,297,'glintstone_staff','Weapon',0,0,0,6,0,18,0,0,1,5,'https://eldenring.fanapis.com/images/weapons/17f6995e6eel0i1p0ujryl4uvjkiji.png','-','-','-','D','-','S','-','-'),(129,'Staff Of The Guilty',265,795,'glintstone_staff','Weapon',0,0,0,8,0,0,12,0,1,5,'https://eldenring.fanapis.com/images/weapons/17f698cdcd5l0i1p17cuvrv89tk1t.png','-','-','-','D','-','-','C','-'),(130,'Rotten Crystal Staff',310,930,'glintstone_staff','Weapon',0,0,0,8,0,48,0,0,1,5,'https://eldenring.fanapis.com/images/weapons/17f69594fd1l0i1p1ad5rxu1z3y9xt.png','-','-','-','D','-','B','-','-'),(131,'Greataxe',251,753,'greataxe','Weapon',0,0,0,30,8,0,0,0,1,13,'https://eldenring.fanapis.com/images/weapons/17f69932567l0i1p1g57mgpbxaj4hw.png','-','-','-','D','D','-','-','-'),(132,'Great Omenkiller Cleaver',242,726,'greataxe','Weapon',0,0,0,23,12,0,0,0,1,11,'https://eldenring.fanapis.com/images/weapons/17f69c517f3l0i1p1j5gib5p31b06c.png','-','-','-','D','D','-','-','-'),(133,'Staff Of Loss',276,828,'glintstone_staff','Weapon',0,0,0,6,12,14,0,0,1,3,'https://eldenring.fanapis.com/images/weapons/17f69c940f6l0i1p1noaxeazv2s6xo.png','-','-','-','E','E','C','-','-'),(134,'Crescent Moon Axe',246,738,'greataxe','Weapon',0,0,0,25,15,0,0,0,1,13,'https://eldenring.fanapis.com/images/weapons/17f6962ddb3l0i1p1wgacx8m0mpy3c.png','-','-','-','D','D','-','-','-'),(135,'Axe Of Godrick',242,726,'greataxe','Weapon',0,0,0,34,22,0,0,0,1,11,'https://eldenring.fanapis.com/images/weapons/17f69a0a0del0i1p1ze2uhbxr6enmw.png','-','-','-','D','D','-','-','-'),(136,'Longhaft Axe',246,738,'greataxe','Weapon',0,0,0,24,8,0,0,0,1,13,'https://eldenring.fanapis.com/images/weapons/17f69822237l0i1p270w3dlqvx3kil.png','-','-','-','D','D','-','-','-'),(137,'Executioner\'s Greataxe',265,795,'greataxe','Weapon',0,0,0,34,8,0,0,0,1,15,'https://eldenring.fanapis.com/images/weapons/17f69bd922al0i1p2frazvyrv41tge.png','-','-','-','C','E','-','-','-'),(138,'Rusted Anchor',247,741,'greataxe','Weapon',0,0,0,26,9,0,0,0,1,13,'https://eldenring.fanapis.com/images/weapons/17f696240e3l0i1p2l8nsbm1tuf3kq.png','-','-','-','C','E','-','-','-'),(139,'Winged Greathorn',230,690,'greataxe','Weapon',0,0,0,30,20,0,0,0,1,11,'https://eldenring.fanapis.com/images/weapons/17f699a5bafl0i1p2louzpgjcml2zi.png','-','-','-','D','D','-','-','-'),(140,'Butchering Knife',234,702,'greataxe','Weapon',0,0,0,16,20,0,0,0,1,9,'https://eldenring.fanapis.com/images/weapons/17f698a1aa2l0i1p2ttzr3kqvtkrqo.png','-','-','-','E','C','-','-','-'),(141,'Gargoyle\'s Great Axe',223,669,'greataxe','Weapon',0,0,0,24,8,0,0,0,1,0,'https://eldenring.fanapis.com/images/weapons/17f69aff1efl0i1p2xlel2i8mhvc2o.png','-','-','-','C','E','-','-','-'),(142,'Lion Greatbow',270,810,'great_bow','Weapon',0,0,0,22,18,0,0,0,1,10,'https://eldenring.fanapis.com/images/weapons/17f694ec20bl0i1p34h48fycewmkr1.png','-','-','-','D','D','-','-','-'),(143,'Erdtree Greatbow',275,825,'great_bow','Weapon',0,0,0,20,14,0,14,0,1,11,'https://eldenring.fanapis.com/images/weapons/17f69727d35l0i1p3af7vawzb2qx4v.png','-','-','-','E','E','-','D','-'),(144,'Golem Greatbow',280,840,'great_bow','Weapon',0,0,0,24,18,0,0,0,1,15,'https://eldenring.fanapis.com/images/weapons/17f69ba8511l0i1p3aular3j6um6ed.png','-','-','-','D','E','-','-','-'),(145,'great_bow',275,825,'great_bow','Weapon',0,0,0,20,20,0,0,0,1,10,'https://eldenring.fanapis.com/images/weapons/17f6967c4f3l0i1p3l1xull5qamw2.png','-','-','-','D','D','-','-','-'),(146,'Mohgwyn\'s Sacred Spear',258,774,'great_spear','Weapon',0,0,0,24,14,0,0,27,1,10,'https://eldenring.fanapis.com/images/weapons/17f696abc5el0i1p3mxdl2nf7g3wsu.png','-','-','-','D','E','-','-','D'),(147,'Siluria\'s Tree',280,840,'great_spear','Weapon',0,0,0,27,13,0,0,0,1,10,'https://eldenring.fanapis.com/images/weapons/17f6948ce42l0i1p3rnqwtrftgh5gg.png','-','-','-','D','D','-','D','-'),(148,'Vyke\'s War Spear',269,807,'great_spear','Weapon',0,0,0,16,20,0,18,0,1,8,'https://eldenring.fanapis.com/images/weapons/17f6949e9bbl0i1p3z882yhinlaqxj.png','-','-','-','E','C','-','D','-'),(149,'Serpent-hunter',211,633,'great_spear','Weapon',0,0,0,0,0,0,0,0,1,12,'https://eldenring.fanapis.com/images/weapons/17f69b0a1dcl0i1p3zvfkgywidwr2.png','-','-','-','B','E','-','-','-'),(150,'Lance',223,669,'great_spear','Weapon',0,0,0,20,14,0,0,0,1,9,'https://eldenring.fanapis.com/images/weapons/17f6965c8c7l0i1p4ca48460ednlrf.png','-','-','-','D','D','-','-','-'),(151,'Treespear',301,903,'great_spear','Weapon',0,0,0,15,22,0,0,0,1,10,'https://eldenring.fanapis.com/images/weapons/17f6995c642l0i1p4de8g3enadtufs.png','-','-','-','D','D','-','D','-'),(152,'Bastard Sword',238,714,'greatsword','Weapon',0,0,0,16,10,0,0,0,1,9,'https://eldenring.fanapis.com/images/weapons/17f69a8d915l0i1p4kqv889wy4d4vc.png','-','-','-','D','D','-','-','-'),(153,'Forked Greatsword',224,672,'greatsword','Weapon',0,0,0,14,16,0,0,0,1,9,'https://eldenring.fanapis.com/images/weapons/17f6995269el0i1p4oqujogklpkccd.png','-','-','-','D','D','-','-','-'),(154,'Iron Greatsword',249,747,'greatsword','Weapon',0,0,0,18,10,0,0,0,1,12,'https://eldenring.fanapis.com/images/weapons/17f698d80fal0i1p4tl3fnkays6xcs.png','-','-','-','C','E','-','-','-'),(155,'Lordsworn\'s Greatsword',246,738,'greatsword','Weapon',0,0,0,16,10,0,0,0,1,9,'https://eldenring.fanapis.com/images/weapons/17f69c84a0fl0i1p53njeg78jpm83g.png','-','-','-','D','D','-','-','-'),(156,'Knight\'s Greatsword',241,723,'greatsword','Weapon',0,0,0,16,12,0,0,0,1,10,'https://eldenring.fanapis.com/images/weapons/17f696c3869l0i1p57ui4dkke1j2lb.png','-','-','-','D','D','-','-','-'),(157,'Flamberge',229,687,'greatsword','Weapon',0,0,0,15,14,0,0,0,1,10,'https://eldenring.fanapis.com/images/weapons/17f69958ad2l0i1p5cvrojl4ty52zs.png','-','-','-','D','C','-','-','-'),(158,'Ordovis\'s Greatsword',276,828,'greatsword','Weapon',0,0,0,25,13,0,15,0,1,12,'https://eldenring.fanapis.com/images/weapons/17f69914456l0i1p5gc8d6bi642ubp.png','-','-','-','C','E','-','D','-'),(159,'Alabaster Lord\'s Sword',266,798,'greatsword','Weapon',0,0,0,16,12,18,0,0,1,8,'https://eldenring.fanapis.com/images/weapons/17f69a3766al0i1p5jn27ea0xazje3.png','-','-','-','D','E','D','-','-'),(160,'Banished Knight\'s Greatsword',242,726,'greatsword','Weapon',0,0,0,17,0,0,0,0,1,10,'https://eldenring.fanapis.com/images/weapons/17f6961c7efl0i1p5tbamvedpnmzx4.png','-','-','-','D','-','-','-','-'),(161,'Dark Moon Greatsword',280,840,'greatsword','Weapon',0,0,0,16,11,38,0,0,1,10,'https://eldenring.fanapis.com/images/weapons/17f69aa76b3l0i1p5w4xa7tbhq0qit.png','-','-','-','D','D','C','-','-'),(162,'Sacred Relic Sword',304,912,'greatsword','Weapon',0,0,0,14,24,0,22,0,1,11,'https://eldenring.fanapis.com/images/weapons/17f6971ad09l0i1p698i6hg5fqq3ir.png','-','-','-','E','D','-','D','-'),(163,'Helphen\'s Steeple',302,906,'greatsword','Weapon',0,0,0,19,10,22,0,0,1,12,'https://eldenring.fanapis.com/images/weapons/17f69a34499l0i1p69mtmqzfrxa7b.png','-','-','-','D','E','D','-','-'),(164,'Blasphemous Blade',299,897,'greatsword','Weapon',0,0,0,22,15,0,21,0,1,14,'https://eldenring.fanapis.com/images/weapons/17f69a18c12l0i1p6irjv6m8ue2f5.png','-','-','-','D','D','-','D','-'),(165,'Marais Executioner\'s Sword',255,765,'greatsword','Weapon',0,0,0,24,14,0,0,23,1,12,'https://eldenring.fanapis.com/images/weapons/17f69af1239l0i1p6tbsakd85i69of.png','-','-','-','C','E','-','-','D'),(166,'Sword Of Milos',241,723,'greatsword','Weapon',0,0,0,15,19,0,0,0,1,10,'https://eldenring.fanapis.com/images/weapons/17f6998ff30l0i1p6uu73zw546f13u.png','-','-','-','D','D','-','-','-'),(167,'Golden Order Greatsword',289,867,'greatsword','Weapon',0,0,0,16,21,0,18,0,1,10,'https://eldenring.fanapis.com/images/weapons/17f69c19b1al0i1p77ig6czaoxosd.png','-','-','-','E','D','-','C','-'),(168,'Claymore',238,714,'greatsword','Weapon',0,0,0,16,13,0,0,0,1,9,'https://eldenring.fanapis.com/images/weapons/17f69d938dal0i1p7cva71qgpwuo6w.png','-','-','-','D','D','-','-','-'),(169,'Gargoyle\'s Greatsword',233,699,'greatsword','Weapon',0,0,0,18,10,0,0,0,1,12,'https://eldenring.fanapis.com/images/weapons/17f69d64ed7l0i1p7jmmtge0ag3i4.png','-','-','-','C','E','-','-','-'),(170,'Death\'s Poker',259,777,'greatsword','Weapon',0,0,0,15,17,11,0,0,1,9,'https://eldenring.fanapis.com/images/weapons/17f69d8a812l0i1p7s9xmq3zqql69.png','-','-','-','D','D','E','-','-'),(171,'Gargoyle\'s Blackblade',324,972,'greatsword','Weapon',0,0,0,18,10,0,22,0,1,12,'https://eldenring.fanapis.com/images/weapons/17f69d4d41el0i1p7vs0vjortsg7oc.png','-','-','-','D','E','-','D','-'),(172,'Pest\'s Glaive',220,660,'halberd','Weapon',0,0,0,13,13,0,0,0,1,7,'https://eldenring.fanapis.com/images/weapons/17f6998e2a7l0i1p8fxd6bbyw83nts.png','-','-','-','D','D','-','-','-'),(173,'Halberd',225,675,'halberd','Weapon',0,0,0,14,12,0,0,0,1,8,'https://eldenring.fanapis.com/images/weapons/17f696b2b4al0i1p8ly2eaf2vbepd6.png','-','-','-','D','D','-','-','-'),(174,'Lucerne',221,663,'halberd','Weapon',0,0,0,15,12,0,0,0,1,7,'https://eldenring.fanapis.com/images/weapons/17f69a4b70bl0i1p8n5ha1qpziq1xg.png','-','-','-','D','C','-','-','-'),(175,'Banished Knight\'s Halberd',225,675,'halberd','Weapon',0,0,0,14,12,0,0,0,1,8,'https://eldenring.fanapis.com/images/weapons/17f698a6131l0i1p8u3hufx2lc7nr.png','-','-','-','D','D','-','-','-'),(176,'Commander\'s Standard',238,714,'halberd','Weapon',0,0,0,24,14,0,0,0,1,12,'https://eldenring.fanapis.com/images/weapons/17f6991e5c5l0i1p8vp4fgo45r89ky.png','-','-','-','D','D','-','-','-'),(177,'Ripple Crescent Halberd',186,558,'halberd','Weapon',0,0,0,12,0,0,0,0,1,9,'https://eldenring.fanapis.com/images/weapons/17f694ee743l0i1p9ku7l29fh314nu.png','-','-','-','-','-','-','-','B'),(178,'Nightrider Glaive',229,687,'halberd','Weapon',0,0,0,26,10,0,0,0,1,12,'https://eldenring.fanapis.com/images/weapons/17f6962a77bl0i1p9nswfravtg3kil.png','-','-','-','C','E','-','-','-'),(179,'Vulgar Militia Saw',226,678,'halberd','Weapon',0,0,0,15,0,0,0,0,1,8,'https://eldenring.fanapis.com/images/weapons/17f6959d46el0i1p9thpf3fa8syut.png','-','-','-','D','-','-','-','-'),(180,'Golden Halberd',321,963,'halberd','Weapon',0,0,0,30,14,0,12,0,1,14,'https://eldenring.fanapis.com/images/weapons/17f6973b001l0i1p9v6qffivf6eh3.png','-','-','-','D','E','-','D','-'),(181,'Glaive',232,696,'halberd','Weapon',0,0,0,18,15,0,0,0,1,10,'https://eldenring.fanapis.com/images/weapons/17f69afd8dcl0i1p9y9s33uzxd9fek.png','-','-','-','D','D','-','-','-'),(182,'Loretta\'s War Sickle',281,843,'halberd','Weapon',0,0,0,20,15,20,0,0,1,10,'https://eldenring.fanapis.com/images/weapons/17f69869f89l0i1panhih63470rmve.png','-','-','-','D','D','D','-','-'),(183,'Guardian\'s Swordspear',239,717,'halberd','Weapon',0,0,0,17,16,0,0,0,1,9,'https://eldenring.fanapis.com/images/weapons/17f6984431bl0i1papfl53ticoff4p.png','-','-','-','E','C','-','-','-'),(184,'Dragon Halberd',235,705,'halberd','Weapon',0,0,0,22,10,0,0,0,1,11,'https://eldenring.fanapis.com/images/weapons/17f69c95d75l0i1paugymrcjquua4q.png','-','-','-','D','D','-','-','-'),(185,'Vulgar Militia Shotel',121,363,'curved_sword','Weapon',0,0,0,14,16,0,0,0,1,8,'https://eldenring.fanapis.com/images/weapons/17f69884882l0i1pawmnlwtwvbmm8.png','-','-','-','E','C','-','-','-'),(186,'Gargoyle\'s Halberd',231,693,'halberd','Weapon',0,0,0,26,10,0,0,0,1,12,'https://eldenring.fanapis.com/images/weapons/17f69c725a8l0i1pay72k5pcw8pvc6.png','-','-','-','C','E','-','-','-'),(187,'Mace',215,645,'hammer','Weapon',0,0,0,12,7,0,0,0,1,5,'https://eldenring.fanapis.com/images/weapons/17f69a7bbbcl0i1pbo28bmzr0t6jyp.png','-','-','-','D','D','-','-','-'),(188,'Gargoyle\'s Black Halberd',326,978,'halberd','Weapon',0,0,0,26,10,0,22,0,1,12,'https://eldenring.fanapis.com/images/weapons/17f69a5df3cl0i1pboo1un3fj711tg.png','-','-','-','D','E','-','D','-'),(189,'Curved Club',214,642,'hammer','Weapon',0,0,0,11,7,0,0,0,1,5,'https://eldenring.fanapis.com/images/weapons/17f696774f3l0i1pbvceygv4mkw0d7.png','-','-','-','C','E','-','-','-'),(190,'Warpick',208,624,'hammer','Weapon',0,0,0,11,9,0,0,0,1,3,'https://eldenring.fanapis.com/images/weapons/17f694ca651l0i1pbx2gimykg3587g.png','-','-','-','D','D','-','-','-'),(191,'Club',203,609,'hammer','Weapon',0,0,0,10,0,0,0,0,1,4,'https://eldenring.fanapis.com/images/weapons/17f694bb057l0i1pc726b2jy8z22n.png','-','-','-','C','-','-','-','-'),(192,'Spiked Club',214,642,'hammer','Weapon',0,0,0,12,7,0,0,0,1,5,'https://eldenring.fanapis.com/images/weapons/17f699d1084l0i1pcmssd76cdlcjqk.png','-','-','-','D','D','-','-','-'),(193,'hammer',224,672,'hammer','Weapon',0,0,0,14,7,0,0,0,1,7,'https://eldenring.fanapis.com/images/weapons/17f69a22461l0i1pcneoqys4gxbav.png','-','-','-','D','D','-','-','-'),(194,'Varré\'s Bouquet',146,438,'hammer','Weapon',0,0,0,8,16,0,0,24,1,2,'https://eldenring.fanapis.com/images/weapons/17f69aced5el0i1pcsbypcz3lxclfq.png','-','-','-','E','D','-','-','C'),(195,'Morning Star',218,654,'hammer','Weapon',0,0,0,12,8,0,0,0,1,5,'https://eldenring.fanapis.com/images/weapons/17f69d6e6e0l0i1pctcpzxxaoxt1wc.png','-','-','-','D','D','-','-','-'),(196,'Monk\'s Flamemace',226,678,'hammer','Weapon',0,0,0,13,13,0,0,0,1,6,'https://eldenring.fanapis.com/images/weapons/17f69b676c4l0i1pcy677icvt5r8m9.png','-','-','-','E','D','-','-','-'),(197,'Envoy\'s Horn',258,774,'hammer','Weapon',0,0,0,10,0,0,0,0,1,4,'https://eldenring.fanapis.com/images/weapons/17f695571bbl0i1pdcktfpfya20p2.png','-','-','-','D','-','-','-','-'),(198,'Scepter Of The All-knowing',263,789,'hammer','Weapon',0,0,0,12,18,21,0,0,1,5,'https://eldenring.fanapis.com/images/weapons/17f6980f9d0l0i1pdddh1p7a12vqnc.png','-','-','-','E','D','D','-','-'),(199,'Nox Flowing Hammer',222,666,'hammer','Weapon',0,0,0,17,7,0,0,0,1,7,'https://eldenring.fanapis.com/images/weapons/17f69b63034l0i1pdhypowirop759.png','-','-','-','C','E','-','-','-'),(200,'Ringed Finger',221,663,'hammer','Weapon',0,0,0,17,7,0,0,0,1,5,'https://eldenring.fanapis.com/images/weapons/17f69b7f413l0i1pdlfnyqleuyg0fm.png','-','-','-','D','D','-','-','-'),(201,'Stone Club',222,666,'hammer','Weapon',0,0,0,16,8,0,0,0,1,7,'https://eldenring.fanapis.com/images/weapons/17f6984dcccl0i1pdm4f6od648mce.png','-','-','-','C','E','-','-','-'),(202,'Marika\'s Hammer',266,798,'hammer','Weapon',0,0,0,20,0,0,0,0,1,6,'https://eldenring.fanapis.com/images/weapons/17f6976dccbl0i1pdxa3y1gcjkryhw.png','-','-','-','D','-','-','-','-'),(203,'Bloody Helice',230,690,'heavy_thrusting_sword','Weapon',0,0,0,16,19,0,0,17,1,8,'https://eldenring.fanapis.com/images/weapons/17f69987c03l0i1pdyutp139wmu1sh.png','-','-','-','E','D','-','-','D'),(204,'Great Épée',224,672,'heavy_thrusting_sword','Weapon',0,0,0,15,16,0,0,0,1,7,'https://eldenring.fanapis.com/images/weapons/17f696cbcb2l0i1pe89fm2alskh2df.png','-','-','-','D','D','-','-','-'),(205,'Godskin Stitcher',227,681,'heavy_thrusting_sword','Weapon',0,0,0,14,17,0,0,0,1,7,'https://eldenring.fanapis.com/images/weapons/17f6969f10el0i1pecne5vzed6lx56.png','-','-','-','D','D','-','-','-'),(206,'Dragon King\'s Cragblade',251,753,'heavy_thrusting_sword','Weapon',0,0,0,18,37,0,0,0,1,8,'https://eldenring.fanapis.com/images/weapons/17f699a14b1l0i1pekzisiwkpul53i.png','-','-','-','E','D','-','-','-'),(207,'Uchigatana',215,645,'katana','Weapon',0,0,0,11,15,0,0,0,1,6,'https://eldenring.fanapis.com/images/weapons/17f69cd8a23l0i1peugvwepjdkaqh.png','-','-','-','D','D','-','-','-'),(208,'Nagakiba',215,645,'katana','Weapon',0,0,0,18,22,0,0,0,1,7,'https://eldenring.fanapis.com/images/weapons/17f69728e6al0i1peyh4scwxfhl357.png','-','-','-','D','C','-','-','-'),(209,'Hand Of Malenia',217,651,'katana','Weapon',0,0,0,16,48,0,0,0,1,7,'https://eldenring.fanapis.com/images/weapons/17f69667faal0i1pezui5k6y6r0fin.png','-','-','-','E','B','-','-','-'),(210,'Meteoric Ore Blade',284,852,'katana','Weapon',0,0,0,15,14,18,0,0,1,8,'https://eldenring.fanapis.com/images/weapons/17f69513a8al0i1pf3ozolljjevfk.png','-','-','-','D','E','D','-','-'),(211,'Rivers Of Blood',278,834,'katana','Weapon',0,0,0,12,18,0,0,20,1,7,'https://eldenring.fanapis.com/images/weapons/17f6946d08bl0i1pfb4sevs913hvu.png','-','-','-','E','D','-','-','D'),(212,'Moonveil',260,780,'katana','Weapon',0,0,0,12,18,23,0,0,1,7,'https://eldenring.fanapis.com/images/weapons/17f69a10accl0i1pfj7uwvc9kzei7d.png','-','-','-','E','D','C','-','-'),(213,'Dragonscale Blade',210,630,'katana','Weapon',0,0,0,12,20,0,0,0,1,6,'https://eldenring.fanapis.com/images/weapons/17f69c558e4l0i1pfn93tt9wcpo0di.png','-','-','-','D','C','-','-','-'),(214,'Serpentbone Blade',3,0,'katana','Weapon',0,0,0,11,22,0,0,0,1,6,'https://eldenring.fanapis.com/images/weapons/17f69d611efl0i1pfqtebu0oq2b2w4.png','-','-','-','E','C','-','-','-'),(215,'Shortbow',194,582,'light_bow','Weapon',0,0,0,8,10,0,0,0,1,3,'https://eldenring.fanapis.com/images/weapons/17f6994d14el0i1pfsvoe12uhfhqnc.png','-','-','-','E','E','-','-','-'),(216,'Misbegotten Shortbow',193,579,'light_bow','Weapon',0,0,0,16,8,0,0,0,1,3,'https://eldenring.fanapis.com/images/weapons/17f69b492f2l0i1pg02g5smf5kummp.png','-','-','-','D','E','-','-','-'),(217,'Red Branch Shortbow',194,582,'light_bow','Weapon',0,0,0,8,16,0,0,0,1,3,'https://eldenring.fanapis.com/images/weapons/17f6971cafal0i1pg8ls91ef3yrf8r.png','-','-','-','E','D','-','-','-'),(218,'Harp Bow',191,573,'light_bow','Weapon',0,0,0,9,9,0,0,0,1,2,'https://eldenring.fanapis.com/images/weapons/17f69491311l0i1pgceffu5ll8sovn.png','-','-','-','E','E','-','-','-'),(219,'Composite Bow',194,582,'light_bow','Weapon',0,0,0,15,15,0,0,0,1,3,'https://eldenring.fanapis.com/images/weapons/17f6976f477l0i1pgfgwmdenvupj5.png','-','-','-','E','D','-','-','-'),(220,'Scythe',225,675,'reaper','Weapon',0,0,0,14,14,0,0,0,1,8,'https://eldenring.fanapis.com/images/weapons/17f69502a09l0i1pgjcmg5igz1j0mr.png','-','-','-','E','C','-','-','-'),(221,'Grave Scythe',244,732,'reaper','Weapon',0,0,0,17,0,0,0,0,1,10,'https://eldenring.fanapis.com/images/weapons/17f69920f78l0i1pgs2yaxn0jafxk.png','-','-','-','D','-','-','-','-'),(222,'Halo Scythe',294,882,'reaper','Weapon',0,0,0,13,16,0,15,0,1,9,'https://eldenring.fanapis.com/images/weapons/17f697b3423l0i1pgz84q3gg342rvu.png','-','-','-','D','D','-','E','-'),(223,'Winged Scythe',291,873,'reaper','Weapon',0,0,0,16,16,0,24,0,1,8,'https://eldenring.fanapis.com/images/weapons/17f69abddefl0i1ph323xr196zcpc.png','-','-','-','E','D','-','D','-'),(224,'Finger Seal',239,717,'sacred_seal','Weapon',0,0,0,4,0,0,10,0,1,2,'https://eldenring.fanapis.com/images/weapons/17f699368ccl0i1ph45qf42ty540od.png','-','-','-','E','-','-','C','-'),(225,'Godslayer\'s Seal',254,762,'sacred_seal','Weapon',0,0,0,4,0,0,27,0,1,2,'https://eldenring.fanapis.com/images/weapons/17f69bbd392l0i1ph9qxgols7hl7qc.png','-','-','-','E','-','-','C','-'),(226,'Giant\'s Seal',125,375,'sacred_seal','Weapon',0,0,0,4,0,0,14,0,1,2,'https://eldenring.fanapis.com/images/weapons/17f6995ccbfl0i1phh558cbgycwuo.png','-','-','-','E','-','-','C','-'),(227,'Clawmark Seal',191,573,'sacred_seal','Weapon',0,0,0,4,0,0,10,0,1,2,'https://eldenring.fanapis.com/images/weapons/17f697c0b2dl0i1phqrezjlqqlunoa.png','-','-','-','D','-','-','D','-'),(228,'Golden Order Seal',184,552,'sacred_seal','Weapon',0,0,0,0,0,17,17,0,1,0,'https://eldenring.fanapis.com/images/weapons/17f69d76aa8l0i1phsgjq5azzb5g1.png','-','-','-','-','-','D','D','-'),(229,'Erdtree Seal',200,600,'sacred_seal','Weapon',0,0,0,0,0,0,40,0,1,0,'https://eldenring.fanapis.com/images/weapons/17f69746125l0i1phti5gxbjc1nfhx.png','-','-','-','-','-','-','C','-'),(230,'Erdtree Seal',200,600,'sacred_seal','Weapon',0,0,0,0,0,0,40,0,1,0,'https://eldenring.fanapis.com/images/weapons/17f698bacafl0i1phz3om56qt5bqof.png','-','-','-','-','-','-','C','-'),(231,'Dragon Communion Seal',185,555,'sacred_seal','Weapon',0,0,0,0,0,0,10,10,1,0,'https://eldenring.fanapis.com/images/weapons/17f697307d1l0i1pi6qvgmp5wuhmk.png','-','-','-','-','-','-','D','C'),(232,'Frenzied Flame Seal',125,375,'sacred_seal','Weapon',0,0,0,0,0,0,10,10,1,0,'https://eldenring.fanapis.com/images/weapons/17f69885c93l0i1pihpfc550piu1x.png','-','-','-','E','E','E','D','-'),(233,'Spear',214,642,'spear','Weapon',0,0,0,12,15,0,0,0,1,5,'https://eldenring.fanapis.com/images/weapons/17f697047a0l0i1pik0le4bp23xal.png','-','-','-','E','D','-','-','-'),(234,'Short Spear',212,636,'spear','Weapon',0,0,0,10,10,0,0,0,1,4,'https://eldenring.fanapis.com/images/weapons/17f69bba35dl0i1pilsvl3r9ub4cf9.png','-','-','-','D','D','-','-','-'),(235,'Crystal Spear',243,729,'spear','Weapon',0,0,0,10,16,16,0,0,1,6,'https://eldenring.fanapis.com/images/weapons/17f69a617edl0i1piq3kor6g6xs3ql.png','-','-','-','E','D','E','-','-'),(236,'Clayman\'s Harpoon',263,789,'spear','Weapon',0,0,0,0,0,0,0,0,1,6,'https://eldenring.fanapis.com/images/weapons/17f69b1e4cfl0i1piuurxtzf8019c.png','-','-','-','D','E','D','-','-'),(237,'Partisan',223,669,'spear','Weapon',0,0,0,15,12,0,0,0,1,7,'https://eldenring.fanapis.com/images/weapons/17f698971dfl0i1pja9443dg722bb3.png','-','-','-','D','D','-','-','-'),(238,'Celebrant\'s Rib-rake',209,627,'spear','Weapon',0,0,0,8,14,0,0,0,1,5,'https://eldenring.fanapis.com/images/weapons/17f694b74eel0i1pjc1y7lp7e97wy.png','-','-','-','E','D','-','-','-'),(239,'Cleanrot Spear',268,804,'spear','Weapon',0,0,0,16,0,0,0,0,1,6,'https://eldenring.fanapis.com/images/weapons/17f698acb69l0i1pjffhe1kjzha5v.png','-','-','-','D','D','-','D','-'),(240,'Pike',215,645,'spear','Weapon',0,0,0,20,14,0,0,0,1,8,'https://eldenring.fanapis.com/images/weapons/17f6975ef77l0i1pjgwds05239gwag.png','-','-','-','D','D','-','-','-'),(241,'Torchpole',235,705,'spear','Weapon',0,0,0,14,15,0,0,0,1,6,'https://eldenring.fanapis.com/images/weapons/17f69d10518l0i1pjt3166nis69mk9.png','-','-','-','D','D','-','E','-'),(242,'Bolt Of Gransax',261,783,'spear','Weapon',0,0,0,20,40,0,0,0,1,9,'https://eldenring.fanapis.com/images/weapons/17f6993e936l0i1pjyhfk7vfpgc8ce.png','-','-','-','D','D','-','-','-'),(243,'Cross-naginata',222,666,'spear','Weapon',0,0,0,16,20,0,0,0,1,8,'https://eldenring.fanapis.com/images/weapons/17f69b7874el0i1pk0zpdda5qgjzi.png','-','-','-','D','C','-','-','-'),(244,'Death Ritual Spear',273,819,'spear','Weapon',0,0,0,11,20,18,0,0,1,7,'https://eldenring.fanapis.com/images/weapons/17f6963cc83l0i1pk36gu3e5f8fpxm.png','-','-','-','E','D','D','-','-'),(245,'Inquisitor\'s Girandole',268,804,'spear','Weapon',0,0,0,18,15,0,16,0,1,8,'https://eldenring.fanapis.com/images/weapons/17f69ac78dcl0i1pke5of594dboffh.png','-','-','-','D','D','-','D','-'),(246,'Spiked Spear',120,360,'spear','Weapon',0,0,0,14,0,0,0,0,1,6,'https://eldenring.fanapis.com/images/weapons/17f6975dd97l0i1pkiw33ipbj1wu2d.png','-','-','-','D','-','-','-','-'),(247,'Rotten Crystal Spear',235,705,'spear','Weapon',0,0,0,10,16,16,0,0,1,6,'https://eldenring.fanapis.com/images/weapons/17f69c12977l0i1pkr6s0g1o7v5kz.png','-','-','-','E','D','E','-','-'),(248,'Iron Spear',214,642,'spear','Weapon',0,0,0,13,11,0,0,0,1,5,'https://eldenring.fanapis.com/images/weapons/17f698a34afl0i1pku2sj7lswv0zy.png','-','-','-','D','D','-','-','-'),(249,'Winged Spear',178,534,'spear','Weapon',0,0,0,10,10,0,0,0,1,5,'https://eldenring.fanapis.com/images/weapons/17f697d5fe2l0i1pkvirys2xrxe0un.png','-','-','-','D','C','-','-','-'),(250,'Longsword',210,630,'straight_sword','Weapon',0,0,0,10,10,0,0,0,1,4,'https://eldenring.fanapis.com/images/weapons/17f69a84ec9l0i1pl7rf93vq4jlbt8.png','-','-','-','D','D','-','-','-'),(251,'Short Sword',202,606,'straight_sword','Weapon',0,0,0,8,10,0,0,0,1,3,'https://eldenring.fanapis.com/images/weapons/17f699b4949l0i1plb5z4sznm17g7p.png','-','-','-','D','D','-','-','-'),(252,'Broadsword',217,651,'straight_sword','Weapon',0,0,0,10,10,0,0,0,1,4,'https://eldenring.fanapis.com/images/weapons/17f696356b4l0i1pljd3dmbyei0rzd.png','-','-','-','D','E','-','-','-'),(253,'Lordsworn\'s Straight Sword',225,675,'straight_sword','Weapon',0,0,0,10,10,0,0,0,1,4,'https://eldenring.fanapis.com/images/weapons/17f69b31ef4l0i1plkiau08p955pt5.png','-','-','-','D','D','-','-','-'),(254,'Weathered Straight Sword',203,609,'straight_sword','Weapon',0,0,0,7,10,0,0,0,1,3,'https://eldenring.fanapis.com/images/weapons/17f6953c2f2l0i1pltkmb7nxuvfxgo.png','-','-','-','D','D','-','-','-'),(255,'Golden Epitaph',270,810,'straight_sword','Weapon',0,0,0,12,10,0,14,0,1,4,'https://eldenring.fanapis.com/images/weapons/17f697020ddl0i1pm0mkycj3pyzli7.png','-','-','-','D','D','-','D','-'),(256,'Ornamental Straight Sword',211,633,'straight_sword','Weapon',0,0,0,10,14,0,0,0,1,3,'https://eldenring.fanapis.com/images/weapons/17f69523142l0i1pm7iurzr5rt7vpb.png','-','-','-','E','D','-','-','-'),(257,'Coded Sword',185,555,'straight_sword','Weapon',0,0,0,0,0,0,20,0,1,3,'https://eldenring.fanapis.com/images/weapons/17f69d1c283l0i1pm7km9k4n9hesqp.png','-','-','-','-','-','-','B','-'),(258,'Sword Of Night And Flame',299,897,'straight_sword','Weapon',0,0,0,12,12,0,24,0,1,4,'https://eldenring.fanapis.com/images/weapons/17f69dcdeb9l0i1pmay6pw29q0kz9j.png','-','-','-','E','E','-','D','-'),(259,'Carian Knight\'s Sword',276,828,'straight_sword','Weapon',0,0,0,10,10,18,0,0,1,4,'https://eldenring.fanapis.com/images/weapons/17f69b44345l0i1pmq6va882h9uvf.png','-','-','-','D','D','D','-','-'),(260,'Crystal Sword',274,822,'straight_sword','Weapon',0,0,0,13,10,15,0,0,1,5,'https://eldenring.fanapis.com/images/weapons/17f69b32328l0i1pmuqj0u81mxsett.png','-','-','-','D','E','D','-','-'),(261,'Sword Of St Trina',239,717,'straight_sword','Weapon',0,0,0,10,12,0,0,0,1,3,'https://eldenring.fanapis.com/images/weapons/17f698685e3l0i1pmwzhhrnhxcf81.png','-','-','-','D','D','-','-','-'),(262,'Miquellan Knight\'s Sword',273,819,'straight_sword','Weapon',0,0,0,11,11,0,16,0,1,4,'https://eldenring.fanapis.com/images/weapons/17f69aa244al0i1pmyf54x5qm8xb1r.png','-','-','-','D','D','-','E','-'),(263,'Cane Sword',196,588,'straight_sword','Weapon',0,0,0,8,11,0,0,0,1,3,'https://eldenring.fanapis.com/images/weapons/17f6997d3a3l0i1pn2970lts73cbnn.png','-','-','-','E','D','-','-','-'),(264,'Regalia Of Eochaid',246,738,'straight_sword','Weapon',0,0,0,12,0,0,0,0,1,6,'https://eldenring.fanapis.com/images/weapons/17f69d2e16cl0i1pndl0cqdeg1df40a.png','-','-','-','E','-','-','-','-'),(265,'Noble\'s Slender Sword',211,633,'straight_sword','Weapon',0,0,0,8,0,0,0,0,1,4,'https://eldenring.fanapis.com/images/weapons/17f6976fa7el0i1pnla0wdjcpf4iqvm.png','-','-','-','E','-','-','-','-'),(266,'Warhawk\'s Talon',201,603,'straight_sword','Weapon',0,0,0,10,16,0,0,0,1,3,'https://eldenring.fanapis.com/images/weapons/17f69b005b3l0i1pnmcmlgow749t19.png','-','-','-','D','C','-','-','-'),(267,'Rotten Crystal Sword',268,804,'straight_sword','Weapon',0,0,0,13,10,15,0,0,1,5,'https://eldenring.fanapis.com/images/weapons/17f69d445cel0i1pnsmtteechmemmd.png','-','-','-','D','E','D','-','-'),(268,'Lazuli Glintstone Sword',273,819,'straight_sword','Weapon',0,0,0,8,0,0,0,0,1,4,'https://eldenring.fanapis.com/images/weapons/17f697a64ccl0i1pnuagdt1sfmx0pk.png','-','-','-','D','-','-','-','-'),(269,'Estoc',207,621,'thrusting_sword','Weapon',0,0,0,11,13,0,0,0,1,5,'https://eldenring.fanapis.com/images/weapons/17f69747395l0i1po2ze4jsp35ms3t.png','-','-','-','E','C','-','-','-'),(270,'Rapier',226,678,'thrusting_sword','Weapon',0,0,0,7,12,0,0,0,1,3,'https://eldenring.fanapis.com/images/weapons/17f69c6c09el0i1poegki2ecno2vw.png','-','-','-','E','C','-','-','-'),(271,'Cleanrot Knight\'s Sword',209,627,'thrusting_sword','Weapon',0,0,0,13,11,0,0,0,1,4,'https://eldenring.fanapis.com/images/weapons/17f6990b8f9l0i1poeub82lv32r18o.png','-','-','-','D','D','-','-','-'),(272,'Rogier\'s Rapier',203,609,'thrusting_sword','Weapon',0,0,0,8,17,0,0,0,1,4,'https://eldenring.fanapis.com/images/weapons/17f69d58854l0i1pom1ferfthsgsd.png','-','-','-','E','C','-','-','-'),(273,'Antspur Rapier',198,594,'thrusting_sword','Weapon',0,0,0,10,20,0,0,0,1,3,'https://eldenring.fanapis.com/images/weapons/17f697b4c08l0i1pomqr1pxcel70uf.png','-','-','-','D','D','-','-','-'),(274,'Frozen Needle',199,597,'thrusting_sword','Weapon',0,0,0,11,18,0,0,0,1,3,'https://eldenring.fanapis.com/images/weapons/17f69a8a231l0i1potleffsoj8ycfb.png','-','-','-','E','D','-','-','-'),(275,'torch',251,753,'torch','Weapon',0,0,0,5,5,0,0,0,1,2,'https://eldenring.fanapis.com/images/weapons/17f69a2e19cl0i1pp06n0kd7rxesjl.png','-','-','-','D','D','-','-','-'),(276,'Noble\'s Estoc',204,612,'thrusting_sword','Weapon',0,0,0,9,10,0,0,0,1,4,'https://eldenring.fanapis.com/images/weapons/17f6999d8b5l0i1pp5phyiipgx4eoi.png','-','-','-','D','D','-','-','-'),(277,'Steel-wire Torch',270,810,'torch','Weapon',0,0,0,10,8,0,0,0,1,3,'https://eldenring.fanapis.com/images/weapons/17f69c23d73l0i1ppcoi0x9lzm1frn.png','-','-','-','D','C','-','-','-'),(278,'St. Trina\'s Torch',242,726,'torch','Weapon',0,0,0,10,10,0,14,0,1,3,'https://eldenring.fanapis.com/images/weapons/17f69762fd7l0i1ppfr1nudb4uz853.png','-','-','-','E','D','-','D','-'),(279,'Ghostflame Torch',240,720,'torch','Weapon',0,0,0,10,10,14,0,0,1,3,'https://eldenring.fanapis.com/images/weapons/17f69ca18e3l0i1pplg1qd5hx85vfgj.png','-','-','-','E','E','D','-','-'),(280,'Beast-repellent Torch',262,786,'torch','Weapon',0,0,0,12,8,0,0,0,1,3,'https://eldenring.fanapis.com/images/weapons/17f694a60fal0i1pprpdod0sn0veh.png','-','-','-','C','E','-','-','-'),(281,'Sentry\'s Torch',256,768,'torch','Weapon',0,0,0,15,8,0,15,0,1,5,'https://eldenring.fanapis.com/images/weapons/17f69cf8934l0i1ppuzogdnseu6l7f.png','-','-','-','D','E','-','D','-'),(282,'Godskin Peeler',221,663,'twinblade','Weapon',0,0,0,17,22,0,0,0,1,8,'https://eldenring.fanapis.com/images/weapons/17f69528e34l0i1pq5pn4dg3bbkmj.png','-','-','-','E','C','-','-','-'),(283,'Twinned Knight Swords',222,666,'twinblade','Weapon',0,0,0,16,18,0,0,0,1,8,'https://eldenring.fanapis.com/images/weapons/17f69a2b9c8l0i1pqbpbbyiylafnx.png','-','-','-','D','E','-','-','-'),(284,'Eleonora\'s Poleblade',244,732,'twinblade','Weapon',0,0,0,12,21,0,0,19,1,6,'https://eldenring.fanapis.com/images/weapons/17f69d7ad55l0i1pqhdj20wzeg63ts.png','-','-','-','E','E','-','-','D'),(285,'Gargoyle\'s Twinblade',223,669,'twinblade','Weapon',0,0,0,18,15,0,0,0,1,9,'https://eldenring.fanapis.com/images/weapons/17f695e037bl0i1pqkyetqd7zbu8l.png','-','-','-','C','E','-','-','-'),(286,'Gargoyle\'s Black Blades',278,834,'twinblade','Weapon',0,0,0,18,15,0,22,0,1,9,'https://eldenring.fanapis.com/images/weapons/17f69a3190el0i1pqs4x6j5c6xpye.png','-','-','-','C','E','-','D','-'),(287,'Large Club',231,693,'warhammer','Weapon',0,0,0,22,0,0,0,0,1,9,'https://eldenring.fanapis.com/images/weapons/17f698bc778l0i1pqyr7r7agoq3o5d.png','-','-','-','C','-','-','-','-'),(288,'Greathorn Hammer',234,702,'warhammer','Weapon',0,0,0,22,10,0,0,0,1,10,'https://eldenring.fanapis.com/images/weapons/17f696c1ee3l0i1pr4ayhpbcwld3pn.png','-','-','-','D','D','-','-','-'),(289,'Battle Hammer',231,693,'warhammer','Weapon',0,0,0,26,8,0,0,0,1,10,'https://eldenring.fanapis.com/images/weapons/17f69b42027l0i1prapddaur3pdili.png','-','-','-','C','E','-','-','-'),(290,'Great Mace',234,702,'warhammer','Weapon',0,0,0,28,0,0,0,0,1,12,'https://eldenring.fanapis.com/images/weapons/17f69a1045al0i1prfggf7geafalun.png','-','-','-','C','-','-','-','-'),(291,'Curved Great Club',245,735,'warhammer','Weapon',0,0,0,24,10,0,0,0,1,10,'https://eldenring.fanapis.com/images/weapons/17f69aaf476l0i1prkfafl8jets7wh.png','-','-','-','D','D','-','-','-'),(292,'Celebrant\'s Skull',238,714,'warhammer','Weapon',0,0,0,18,12,0,0,0,1,9,'https://eldenring.fanapis.com/images/weapons/17f69ace310l0i1proreclwz3grgz.png','-','-','-','D','D','-','-','-'),(293,'Beastclaw Greathammer',291,873,'warhammer','Weapon',0,0,0,20,10,0,18,0,1,9,'https://eldenring.fanapis.com/images/weapons/17f69aff56dl0i1przmnvkw34pmvm.png','-','-','-','D','D','-','D','-'),(294,'Twinblade',219,657,'twinblade','Weapon',0,0,0,10,18,0,0,0,1,7,'https://eldenring.fanapis.com/images/weapons/17f69afb6c2l0i1ps6dducecpwa4m.png','-','-','-','D','D','-','-','-'),(295,'Envoy\'s Long Horn',298,894,'warhammer','Weapon',0,0,0,23,11,0,18,0,1,10,'https://eldenring.fanapis.com/images/weapons/17f69c5e336l0i1ps8m2w27as1vumo.png','-','-','-','D','D','-','D','-'),(296,'Pickaxe',244,732,'warhammer','Weapon',0,0,0,22,10,0,0,0,1,10,'https://eldenring.fanapis.com/images/weapons/17f69aa2722l0i1ps9o8lwz4rprn29.png','-','-','-','D','D','-','-','-'),(297,'Cranial Vessel Candlestand',296,888,'warhammer','Weapon',0,0,0,26,8,0,22,0,1,13,'https://eldenring.fanapis.com/images/weapons/17f69657dc0l0i1psc1sw2ehitb9m.png','-','-','-','D','E','-','D','-'),(298,'Great Stars',235,705,'warhammer','Weapon',0,0,0,22,0,0,0,0,1,10,'https://eldenring.fanapis.com/images/weapons/17f69dc134al0i1psnm7v5asqrwh7g.png','-','-','-','D','-','-','-','-'),(299,'Devourer\'s Scepter',276,828,'warhammer','Weapon',0,0,0,24,20,0,25,0,1,12,'https://eldenring.fanapis.com/images/weapons/17f69b4d221l0i1psy7bxk9acqs5xv.png','-','-','-','D','D','-','D','-'),(300,'Brick Hammer',222,666,'warhammer','Weapon',0,0,0,31,0,0,0,0,1,13,'https://eldenring.fanapis.com/images/weapons/17f69c5bf40l0i1pszirywq0wqy1l.png','-','-','-','B','-','-','-','-'),(301,'Whip',200,600,'whip','Weapon',0,0,0,8,14,0,0,0,1,2,'https://eldenring.fanapis.com/images/weapons/17f69d7e396l0i1pt3tuf213zcu8u.png','-','-','-','D','D','-','-','-'),(302,'Rotten Battle Hammer',226,678,'warhammer','Weapon',0,0,0,26,8,0,0,0,1,10,'https://eldenring.fanapis.com/images/weapons/17f699989edl0i1pt44dx2gkj49me6.png','-','-','-','C','E','-','-','-'),(303,'Thorned Whip',202,606,'whip','Weapon',0,0,0,8,16,0,0,0,1,3,'https://eldenring.fanapis.com/images/weapons/17f69571714l0i1ptc8s1fsagr8zf.png','-','-','-','E','C','-','-','-'),(304,'Magma Whip Candlestick',244,732,'whip','Weapon',0,0,0,8,16,0,18,0,1,3,'https://eldenring.fanapis.com/images/weapons/17f69c5c0bfl0i1ptlhsrovoc8dx07.png','-','-','-','E','D','-','D','-'),(305,'Hoslow\'s Petal Whip',210,630,'whip','Weapon',0,0,0,10,20,0,0,0,1,4,'https://eldenring.fanapis.com/images/weapons/17f694eefe9l0i1pto8dn7ezy61a99.png','-','-','-','D','D','-','-','-'),(306,'Giant\'s Red Braid',235,705,'whip','Weapon',0,0,0,18,12,0,21,0,1,3,'https://eldenring.fanapis.com/images/weapons/17f696af19bl0i1ptpv0fdawl72o4yq.png','-','-','-','D','D','-','D','-'),(307,'Urumi',201,603,'whip','Weapon',0,0,0,10,19,0,0,0,1,3,'https://eldenring.fanapis.com/images/weapons/17f69691044l0i1ptyliubsc1c29o9.png','-','-','-','E','C','-','-','-'),(308,'All-knowing Greaves',48,960,'leg_armor','Armor',0,0,0,0,0,0,0,0,1,7,'https://eldenring.fanapis.com/images/armors/17f696e0685l0i0nblzy58h0qvewk.png','-','-','-','-','-','-','-','-'),(309,'All-knowing Armor',86,1720,'chest_armor','Armor',0,0,0,0,0,0,0,0,1,11,'https://eldenring.fanapis.com/images/armors/17f69515b49l0i0nbno079cqzlskebf.png','-','-','-','-','-','-','-','-'),(310,'All-knowing Helm',29,580,'helm','Armor',0,0,0,0,0,0,0,0,1,5,'https://eldenring.fanapis.com/images/armors/17f69751613l0i0nbp9nsdqjza4rxf.png','-','-','-','-','-','-','-','-'),(311,'Alberich\'s Robe (altered)',60,1200,'chest_armor','Armor',0,0,0,0,0,0,0,0,1,3,'https://eldenring.fanapis.com/images/armors/17f696221c3l0i0nbrxr4gcdi7uag.png','-','-','-','-','-','-','-','-'),(312,'All-knowing Armor (altered)',81,1620,'chest_armor','Armor',0,0,0,0,0,0,0,0,1,9,'https://eldenring.fanapis.com/images/armors/17f69b8efedl0i0nbtfdfkxtl7iqc.png','-','-','-','-','-','-','-','-'),(313,'Aristocrat Coat',71,1420,'chest_armor','Armor',0,0,0,0,0,0,0,0,1,7,'https://eldenring.fanapis.com/images/armors/17f69623cf1l0i0nbutr05ucarsvt.png','-','-','-','-','-','-','-','-'),(314,'Aristocrat Garb',54,1080,'chest_armor','Armor',0,0,0,0,0,0,0,0,1,5,'https://eldenring.fanapis.com/images/armors/17f692d6b5al0i0nbvb3a2bhklmel9.png','-','-','-','-','-','-','-','-'),(315,'Aristocrat Garb (altered)',54,1080,'chest_armor','Armor',0,0,0,0,0,0,0,0,1,4,'https://eldenring.fanapis.com/images/armors/17f697ac6cal0i0nbwibax7uqbwu4d.png','-','-','-','-','-','-','-','-'),(316,'All-knowing Gauntlets',19,380,'gauntlets','Armor',0,0,0,0,0,0,0,0,1,4,'https://eldenring.fanapis.com/images/armors/17f6984f152l0i0nc38cztqhxqc6rw.png','-','-','-','-','-','-','-','-'),(317,'Alberich\'s Robe',66,1320,'chest_armor','Armor',0,0,0,0,0,0,0,0,1,4,'https://eldenring.fanapis.com/images/armors/17f6995f6eal0i0nc3hn7d7pl7mx.png','-','-','-','-','-','-','-','-'),(318,'Azur\'s Glintstone Robe',78,1560,'chest_armor','Armor',0,0,0,0,0,0,0,0,1,7,'https://eldenring.fanapis.com/images/armors/17f694ffd2el0i0ndf0zrwzni9hv1.png','-','-','-','-','-','-','-','-'),(319,'Battlemage Robe',68,1360,'chest_armor','Armor',0,0,0,0,0,0,0,0,1,4,'https://eldenring.fanapis.com/images/armors/17f69965516l0i0ndhqx8pi2kbhe8d.png','-','-','-','-','-','-','-','-'),(320,'Banished Knight Armor (altered)',119,2380,'chest_armor','Armor',0,0,0,0,0,0,0,0,1,17,'https://eldenring.fanapis.com/images/armors/17f69ba0a8al0i0ndi7y4hl33hny4.png','-','-','-','-','-','-','-','-'),(321,'Astrologer Robe',76,1520,'chest_armor','Armor',0,0,0,0,0,0,0,0,1,6,'https://eldenring.fanapis.com/images/armors/17f696dc24el0i0ndj4er6v25jkwqd.png','-','-','-','-','-','-','-','-'),(322,'Bandit Garb',73,1460,'chest_armor','Armor',0,0,0,0,0,0,0,0,1,8,'https://eldenring.fanapis.com/images/armors/17f69989b5bl0i0ndk23xuv2wasv77.png','-','-','-','-','-','-','-','-'),(323,'Astrologer Robe (altered)',71,1420,'chest_armor','Armor',0,0,0,0,0,0,0,0,1,5,'https://eldenring.fanapis.com/images/armors/17f694e487fl0i0ndlkf15nkhfpgah.png','-','-','-','-','-','-','-','-'),(324,'Beast Champion Armor',117,2340,'chest_armor','Armor',0,0,0,0,0,0,0,0,1,16,'https://eldenring.fanapis.com/images/armors/17f694178c9l0i0ndn4e10pcg63tee.png','-','-','-','-','-','-','-','-'),(325,'Black Knife Armor',79,1580,'chest_armor','Armor',0,0,0,0,0,0,0,0,1,9,'https://eldenring.fanapis.com/images/armors/17f696d739fl0i0ndpwqkk3g89lpk.png','-','-','-','-','-','-','-','-'),(326,'Beast Champion Armor (altered)',121,2420,'chest_armor','Armor',0,0,0,0,0,0,0,0,1,16,'https://eldenring.fanapis.com/images/armors/17f69391b3bl0i0ndt4c0it6kwlyag.png','-','-','-','-','-','-','-','-'),(327,'Banished Knight Armor',120,2400,'chest_armor','Armor',0,0,0,0,0,0,0,0,1,18,'https://eldenring.fanapis.com/images/armors/17f6935585fl0i0ne8s2gcl84asvoi.png','-','-','-','-','-','-','-','-'),(328,'Black Knife Armor (altered)',79,1580,'chest_armor','Armor',0,0,0,0,0,0,0,0,1,9,'https://eldenring.fanapis.com/images/armors/17f6937143al0i0neejcyw9x5dlcff.png','-','-','-','-','-','-','-','-'),(329,'Bloodsoaked Tabard',80,1600,'chest_armor','Armor',0,0,0,0,0,0,0,0,1,8,'https://eldenring.fanapis.com/images/armors/17f694aa574l0i0nfrfjfovdfsmoob.png','-','-','-','-','-','-','-','-'),(330,'Bloodhound Knight Armor (altered)',82,1640,'chest_armor','Armor',0,0,0,0,0,0,0,0,1,10,'https://eldenring.fanapis.com/images/armors/17f6930b5f4l0i0nfs4e48erx5y37e.png','-','-','-','-','-','-','-','-'),(331,'Blaidd\'s Armor (altered)',96,1920,'chest_armor','Armor',0,0,0,0,0,0,0,0,1,13,'https://eldenring.fanapis.com/images/armors/17f695d4d39l0i0nfv30z1i34pnvzqf.png','-','-','-','-','-','-','-','-'),(332,'Bloodhound Knight Armor',86,1720,'chest_armor','Armor',0,0,0,0,0,0,0,0,1,11,'https://eldenring.fanapis.com/images/armors/17f69756830l0i0nfv30b2rsq1b3p5.png','-','-','-','-','-','-','-','-'),(333,'Blackflame Monk Armor',91,1820,'chest_armor','Armor',0,0,0,0,0,0,0,0,1,12,'https://eldenring.fanapis.com/images/armors/17f6978a0d3l0i0nfv5cv59797t18.png','-','-','-','-','-','-','-','-'),(334,'Blaidd\'s Armor',99,1980,'chest_armor','Armor',0,0,0,0,0,0,0,0,1,14,'https://eldenring.fanapis.com/images/armors/17f6960eae6l0i0nfy8iinlzz27.png','-','-','-','-','-','-','-','-'),(335,'Blue Silver Mail Armor (altered)',77,1540,'chest_armor','Armor',0,0,0,0,0,0,0,0,1,9,'https://eldenring.fanapis.com/images/armors/17f69b8ac34l0i0ng1cl9m395exm9.png','-','-','-','-','-','-','-','-'),(336,'Blue Festive Garb',67,1340,'chest_armor','Armor',0,0,0,0,0,0,0,0,1,4,'https://eldenring.fanapis.com/images/armors/17f697cd43al0i0ng1v05yt93pykiy.png','-','-','-','-','-','-','-','-'),(337,'Blue Cloth Vest',74,1480,'chest_armor','Armor',0,0,0,0,0,0,0,0,1,8,'https://eldenring.fanapis.com/images/armors/17f692f8268l0i0ng2x7ww9rwst8uv.png','-','-','-','-','-','-','-','-'),(338,'Blue Silver Mail Armor',80,1600,'chest_armor','Armor',0,0,0,0,0,0,0,0,1,9,'https://eldenring.fanapis.com/images/armors/17f69470de4l0i0ng3qcwe0r963svq.png','-','-','-','-','-','-','-','-'),(339,'Brave\'s Battlewear',67,1340,'chest_armor','Armor',0,0,0,0,0,0,0,0,1,4,'https://eldenring.fanapis.com/images/armors/17f69afe5b2l0i0nhch0j37nxu532xb.png','-','-','-','-','-','-','-','-'),(340,'Briar Armor (altered)',82,1640,'chest_armor','Armor',0,0,0,0,0,0,0,0,1,11,'https://eldenring.fanapis.com/images/armors/17f69a0b826l0i0nhemarkphpvbzxt.png','-','-','-','-','-','-','-','-'),(341,'Carian Knight Armor',87,1740,'chest_armor','Armor',0,0,0,0,0,0,0,0,1,11,'https://eldenring.fanapis.com/images/armors/17f6971b296l0i0nhfp8qwuekeaesn.png','-','-','-','-','-','-','-','-'),(342,'Briar Armor',92,1840,'chest_armor','Armor',0,0,0,0,0,0,0,0,1,12,'https://eldenring.fanapis.com/images/armors/17f69bd3117l0i0nhi5aujkgurxk7s.png','-','-','-','-','-','-','-','-'),(343,'Carian Knight Armor (altered)',85,1700,'chest_armor','Armor',0,0,0,0,0,0,0,0,1,10,'https://eldenring.fanapis.com/images/armors/17f697f035fl0i0nhj9wfzbt4cchj.png','-','-','-','-','-','-','-','-'),(344,'Brave\'s Battlewear (altered)',67,1340,'chest_armor','Armor',0,0,0,0,0,0,0,0,1,4,'https://eldenring.fanapis.com/images/armors/17f6997525al0i0nhjhufowjmfwto.png','-','-','-','-','-','-','-','-'),(345,'Chain Armor',73,1460,'chest_armor','Armor',0,0,0,0,0,0,0,0,1,9,'https://eldenring.fanapis.com/images/armors/17f69a89e68l0i0nhk83o7u0bpk91k.png','-','-','-','-','-','-','-','-'),(346,'Champion Pauldron',59,1180,'chest_armor','Armor',0,0,0,0,0,0,0,0,1,5,'https://eldenring.fanapis.com/images/armors/17f69aac7del0i0nhkvop92drjzgq.png','-','-','-','-','-','-','-','-'),(347,'Bull-goat Armor',127,2540,'chest_armor','Armor',0,0,0,0,0,0,0,0,1,27,'https://eldenring.fanapis.com/images/armors/17f69a8a3f0l0i0nhqn02vvk1xgq65q.png','-','-','-','-','-','-','-','-'),(348,'Chain-draped Tabard',79,1580,'chest_armor','Armor',0,0,0,0,0,0,0,0,1,8,'https://eldenring.fanapis.com/images/armors/17f69396920l0i0nhqr4mk5q440elb.png','-','-','-','-','-','-','-','-'),(349,'Cloth Garb',62,1240,'chest_armor','Armor',0,0,0,0,0,0,0,0,1,3,'https://eldenring.fanapis.com/images/armors/17f69be686fl0i0nizg2fcjv8u31em.png','-','-','-','-','-','-','-','-'),(350,'Cleanrot Armor (altered)',101,2020,'chest_armor','Armor',0,0,0,0,0,0,0,0,1,14,'https://eldenring.fanapis.com/images/armors/17f69aaa630l0i0nj3bpfc2hdtz6bd.png','-','-','-','-','-','-','-','-'),(351,'Commoner\'s Garb (altered)',68,1360,'chest_armor','Armor',0,0,0,0,0,0,0,0,1,4,'https://eldenring.fanapis.com/images/armors/17f69b1dc9cl0i0nj8l9fmv72bzrsi.png','-','-','-','-','-','-','-','-'),(352,'Cleanrot Armor',108,2160,'chest_armor','Armor',0,0,0,0,0,0,0,0,1,15,'https://eldenring.fanapis.com/images/armors/17f69574f29l0i0nj8lj0vaeprdgq.png','-','-','-','-','-','-','-','-'),(353,'Commoner\'s Garb',71,1420,'chest_armor','Armor',0,0,0,0,0,0,0,0,1,5,'https://eldenring.fanapis.com/images/armors/17f69bf382el0i0njdautt61bo7uj.png','-','-','-','-','-','-','-','-'),(354,'Confessor Armor (altered)',71,1420,'chest_armor','Armor',0,0,0,0,0,0,0,0,1,7,'https://eldenring.fanapis.com/images/armors/17f69804d5fl0i0njgjdpbczm2va3d.png','-','-','-','-','-','-','-','-'),(355,'Confessor Armor',79,1580,'chest_armor','Armor',0,0,0,0,0,0,0,0,1,8,'https://eldenring.fanapis.com/images/armors/17f69854218l0i0njgqjqpsw5xkvfa.png','-','-','-','-','-','-','-','-'),(356,'Commoner\'s Simple Garb',71,1420,'chest_armor','Armor',0,0,0,0,0,0,0,0,1,5,'https://eldenring.fanapis.com/images/armors/17f695d1369l0i0njkocj642d4zzl.png','-','-','-','-','-','-','-','-'),(357,'Commoner\'s Simple Garb (altered)',68,1360,'chest_armor','Armor',0,0,0,0,0,0,0,0,1,4,'https://eldenring.fanapis.com/images/armors/17f69ac8a94l0i0njlvxak0kr6y9r.png','-','-','-','-','-','-','-','-'),(358,'Consort\'s Robe',67,1340,'chest_armor','Armor',0,0,0,0,0,0,0,0,1,4,'https://eldenring.fanapis.com/images/armors/17f694d25a9l0i0njnlc9axlanhtan.png','-','-','-','-','-','-','-','-'),(359,'Crucible Axe Armor',111,2220,'chest_armor','Armor',0,0,0,0,0,0,0,0,1,16,'https://eldenring.fanapis.com/images/armors/17f69c07710l0i0nkbcxuu9u5cmd9.png','-','-','-','-','-','-','-','-'),(360,'Corhyn\'s Robe',74,1480,'chest_armor','Armor',0,0,0,0,0,0,0,0,1,6,'https://eldenring.fanapis.com/images/armors/17f69bd8054l0i0nkxr3clw4f1za97.png','-','-','-','-','-','-','-','-'),(361,'Crucible Tree Armor',111,2220,'chest_armor','Armor',0,0,0,0,0,0,0,0,1,16,'https://eldenring.fanapis.com/images/armors/17f694aeec6l0i0nlb2yczejblw3fs.png','-','-','-','-','-','-','-','-'),(362,'Crucible Axe Armor (altered)',108,2160,'chest_armor','Armor',0,0,0,0,0,0,0,0,1,15,'https://eldenring.fanapis.com/images/armors/17f6977b703l0i0nlg5t37m2ncrcgg.png','-','-','-','-','-','-','-','-'),(363,'Crucible Tree Armor (altered)',108,2160,'chest_armor','Armor',0,0,0,0,0,0,0,0,1,15,'https://eldenring.fanapis.com/images/armors/17f6962d71bl0i0nlgnf87vzelcqvb.png','-','-','-','-','-','-','-','-'),(364,'Cuckoo Surcoat',83,1660,'chest_armor','Armor',0,0,0,0,0,0,0,0,1,11,'https://eldenring.fanapis.com/images/armors/17f696e2a6el0i0nlhjp412cuyw1b.png','-','-','-','-','-','-','-','-'),(365,'Cuckoo Knight Armor',92,1840,'chest_armor','Armor',0,0,0,0,0,0,0,0,1,12,'https://eldenring.fanapis.com/images/armors/17f69ad695cl0i0nlk7zosw17m45i.png','-','-','-','-','-','-','-','-'),(366,'Cuckoo Knight Armor (altered)',91,1820,'chest_armor','Armor',0,0,0,0,0,0,0,0,1,11,'https://eldenring.fanapis.com/images/armors/17f69924cd5l0i0nlqxpvm0jwhqpqq.png','-','-','-','-','-','-','-','-'),(367,'Deathbed Dress',47,940,'chest_armor','Armor',0,0,0,0,0,0,0,0,1,3,'https://eldenring.fanapis.com/images/armors/17f693e9142l0i0nlr04j56c87ebi7.png','-','-','-','-','-','-','-','-'),(368,'Depraved Perfumer Robe',70,1400,'chest_armor','Armor',0,0,0,0,0,0,0,0,1,5,'https://eldenring.fanapis.com/images/armors/17f69862df3l0i0nlxyv0dkfqf5tj.png','-','-','-','-','-','-','-','-'),(369,'Drake Knight Armor',81,1620,'chest_armor','Armor',0,0,0,0,0,0,0,0,1,9,'https://eldenring.fanapis.com/images/armors/17f696d7404l0i0nn7va4d6abbcotb.png','-','-','-','-','-','-','-','-'),(370,'Drake Knight Armor (altered)',71,1420,'chest_armor','Armor',0,0,0,0,0,0,0,0,1,8,'https://eldenring.fanapis.com/images/armors/17f699b9043l0i0nn83d0h57urk7fk.png','-','-','-','-','-','-','-','-'),(371,'Depraved Perfumer Robe (altered)',65,1300,'chest_armor','Armor',0,0,0,0,0,0,0,0,1,4,'https://eldenring.fanapis.com/images/armors/17f69909573l0i0nn85bvv7mliw69r.png','-','-','-','-','-','-','-','-'),(372,'Elden Lord Armor (altered)',70,1400,'chest_armor','Armor',0,0,0,0,0,0,0,0,1,8,'https://eldenring.fanapis.com/images/armors/17f6973b5c4l0i0nnb11yezcgr5rfzi.png','-','-','-','-','-','-','-','-'),(373,'Elden Lord Armor',78,1560,'chest_armor','Armor',0,0,0,0,0,0,0,0,1,9,'https://eldenring.fanapis.com/images/armors/17f693e09b8l0i0nndffutsb6b4e8k.png','-','-','-','-','-','-','-','-'),(374,'Dirty Chainmail',71,1420,'chest_armor','Armor',0,0,0,0,0,0,0,0,1,9,'https://eldenring.fanapis.com/images/armors/17f699fe52el0i0nne4l5nr3ut897n.png','-','-','-','-','-','-','-','-'),(375,'Errant Sorcerer Robe',68,1360,'chest_armor','Armor',0,0,0,0,0,0,0,0,1,4,'https://eldenring.fanapis.com/images/armors/17f69798ccbl0i0nnfvcte1t2jfs1b.png','-','-','-','-','-','-','-','-'),(376,'Erdtree Surcoat',83,1660,'chest_armor','Armor',0,0,0,0,0,0,0,0,1,11,'https://eldenring.fanapis.com/images/armors/17f6990e711l0i0nnhe1vsvmoy5cxi.png','-','-','-','-','-','-','-','-'),(377,'Eccentric\'s Armor',82,1640,'chest_armor','Armor',0,0,0,0,0,0,0,0,1,11,'https://eldenring.fanapis.com/images/armors/17f693c8f84l0i0nnir4iotp5rvfb3.png','-','-','-','-','-','-','-','-'),(378,'Eye Surcoat',76,1520,'chest_armor','Armor',0,0,0,0,0,0,0,0,1,9,'https://eldenring.fanapis.com/images/armors/17f69b81b0fl0i0nox6k1sywembhx8.png','-','-','-','-','-','-','-','-'),(379,'Festive Garb',68,1360,'chest_armor','Armor',0,0,0,0,0,0,0,0,1,4,'https://eldenring.fanapis.com/images/armors/17f69b9d0d3l0i0np1ewinq79w2phd.png','-','-','-','-','-','-','-','-'),(380,'Errant Sorcerer Robe (altered)',68,1360,'chest_armor','Armor',0,0,0,0,0,0,0,0,1,4,'https://eldenring.fanapis.com/images/armors/17f69809c2cl0i0np1gybgyzscj0p.png','-','-','-','-','-','-','-','-'),(381,'Festive Garb (altered)',61,1220,'chest_armor','Armor',0,0,0,0,0,0,0,0,1,3,'https://eldenring.fanapis.com/images/armors/17f692d489al0i0np20nfmvw8ku9t.png','-','-','-','-','-','-','-','-'),(382,'Fia\'s Robe',70,1400,'chest_armor','Armor',0,0,0,0,0,0,0,0,1,5,'https://eldenring.fanapis.com/images/armors/17f69bcba02l0i0np2hg16z35gtvl.png','-','-','-','-','-','-','-','-'),(383,'Fell Omen Cloak',73,1460,'chest_armor','Armor',0,0,0,0,0,0,0,0,1,5,'https://eldenring.fanapis.com/images/armors/17f69745003l0i0np2q18wxhgem49z.png','-','-','-','-','-','-','-','-'),(384,'Exile Armor',78,1560,'chest_armor','Armor',0,0,0,0,0,0,0,0,1,9,'https://eldenring.fanapis.com/images/armors/17f6947679al0i0np87exprtde60f.png','-','-','-','-','-','-','-','-'),(385,'Finger Maiden Robe (altered)',58,1160,'chest_armor','Armor',0,0,0,0,0,0,0,0,1,4,'https://eldenring.fanapis.com/images/armors/17f697bc348l0i0npao8lh55tj2dwt.png','-','-','-','-','-','-','-','-'),(386,'Finger Maiden Robe',65,1300,'chest_armor','Armor',0,0,0,0,0,0,0,0,1,4,'https://eldenring.fanapis.com/images/armors/17f69a076eel0i0npawdixarnezf9r.png','-','-','-','-','-','-','-','-'),(387,'Fingerprint Armor',82,1640,'chest_armor','Armor',0,0,0,0,0,0,0,0,1,11,'https://eldenring.fanapis.com/images/armors/17f69b6df92l0i0npbev39ka5gaueh.png','-','-','-','-','-','-','-','-'),(388,'Fingerprint Armor (altered)',82,1640,'chest_armor','Armor',0,0,0,0,0,0,0,0,1,10,'https://eldenring.fanapis.com/images/armors/17f692e48a9l0i0nq4invtcj4xoxg.png','-','-','-','-','-','-','-','-'),(389,'Fur Raiment',46,920,'chest_armor','Armor',0,0,0,0,0,0,0,0,1,5,'https://eldenring.fanapis.com/images/armors/17f69aaaa13l0i0nqk3jcpdpwb00yg.png','-','-','-','-','-','-','-','-'),(390,'Gelmir Knight Armor',93,1860,'chest_armor','Armor',0,0,0,0,0,0,0,0,1,12,'https://eldenring.fanapis.com/images/armors/17f695e41e2l0i0nqlnzqhrds6de4.png','-','-','-','-','-','-','-','-'),(391,'Gelmir Knight Armor (altered)',91,1820,'chest_armor','Armor',0,0,0,0,0,0,0,0,1,11,'https://eldenring.fanapis.com/images/armors/17f69ac51bfl0i0nqnn5hwqbyhej9f.png','-','-','-','-','-','-','-','-'),(392,'Fire Prelate Armor',130,2600,'chest_armor','Armor',0,0,0,0,0,0,0,0,1,25,'https://eldenring.fanapis.com/images/armors/17f698fce7fl0i0nqodwfje5g7qdem.png','-','-','-','-','-','-','-','-'),(393,'Godrick Knight Armor',90,1800,'chest_armor','Armor',0,0,0,0,0,0,0,0,1,12,'https://eldenring.fanapis.com/images/armors/17f69ad1925l0i0nqpxhwptd5dkycf.png','-','-','-','-','-','-','-','-'),(394,'Godksin Noble Robe',80,1610,'chest_armor','Armor',0,0,0,0,0,0,0,0,1,6,'https://eldenring.fanapis.com/images/armors/17f697838dbl0i0nqpyyrpkl1polw.png','-','-','-','-','-','-','-','-'),(395,'Fire Prelate Armor (altered)',121,2420,'chest_armor','Armor',0,0,0,0,0,0,0,0,1,18,'https://eldenring.fanapis.com/images/armors/17f6983f317l0i0nqr76b932gq1eoj.png','-','-','-','-','-','-','-','-'),(396,'Foot Soldier Tabard',81,1620,'chest_armor','Armor',0,0,0,0,0,0,0,0,1,8,'https://eldenring.fanapis.com/images/armors/17f693c5636l0i0nqs80ibau41zw46.png','-','-','-','-','-','-','-','-'),(397,'Fire Monk Armor',92,1840,'chest_armor','Armor',0,0,0,0,0,0,0,0,1,12,'https://eldenring.fanapis.com/images/armors/17f69708cd7l0i0nqs88hzvrpj80p7.png','-','-','-','-','-','-','-','-'),(398,'Godrick Knight Armor (altered)',89,1780,'chest_armor','Armor',0,0,0,0,0,0,0,0,1,11,'https://eldenring.fanapis.com/images/armors/17f6975d8a6l0i0nr44oj398jnk4qd.png','-','-','-','-','-','-','-','-'),(399,'Goldmask\'s Rags',53,1060,'chest_armor','Armor',0,0,0,0,0,0,0,0,1,2,'https://eldenring.fanapis.com/images/armors/17f69843734l0i0nrk3pzlcqfpqsj.png','-','-','-','-','-','-','-','-'),(400,'Gravekeeper Cloak',64,1280,'chest_armor','Armor',0,0,0,0,0,0,0,0,1,6,'https://eldenring.fanapis.com/images/armors/17f6936f1b2l0i0nrszrfarx7jjsn.png','-','-','-','-','-','-','-','-'),(401,'Godskin Apostle Robe',66,1320,'chest_armor','Armor',0,0,0,0,0,0,0,0,1,4,'https://eldenring.fanapis.com/images/armors/17f69587918l0i0nrw5hhe7jpirj1l.png','-','-','-','-','-','-','-','-'),(402,'Haligtree Crest Surcoat',84,1680,'chest_armor','Armor',0,0,0,0,0,0,0,0,1,11,'https://eldenring.fanapis.com/images/armors/17f697b1dc8l0i0nrz9dme9tiyu7a.png','-','-','-','-','-','-','-','-'),(403,'Gravekeeper Cloak (altered)',58,1160,'chest_armor','Armor',0,0,0,0,0,0,0,0,1,5,'https://eldenring.fanapis.com/images/armors/17f69543723l0i0nrzqwqnk37jx86q.png','-','-','-','-','-','-','-','-'),(404,'Guardian Garb',74,1480,'chest_armor','Armor',0,0,0,0,0,0,0,0,1,8,'https://eldenring.fanapis.com/images/armors/17f69816a34l0i0ns0d76sqqs8yds9.png','-','-','-','-','-','-','-','-'),(405,'Haligtree Knight Armor',92,1840,'chest_armor','Armor',0,0,0,0,0,0,0,0,1,12,'https://eldenring.fanapis.com/images/armors/17f693542bdl0i0ns0zp2tfb88ycs8.png','-','-','-','-','-','-','-','-'),(406,'Guardian Garb (full Bloom)',69,1380,'chest_armor','Armor',0,0,0,0,0,0,0,0,1,9,'https://eldenring.fanapis.com/images/armors/17f69862c2dl0i0ns8mbesz9lp03d.png','-','-','-','-','-','-','-','-'),(407,'Haligtree Knight Armor (altered)',91,1820,'chest_armor','Armor',0,0,0,0,0,0,0,0,1,11,'https://eldenring.fanapis.com/images/armors/17f69929f49l0i0ns9wsqy4m97c0fp.png','-','-','-','-','-','-','-','-'),(408,'High Page Clothes',72,1440,'chest_armor','Armor',0,0,0,0,0,0,0,0,1,5,'https://eldenring.fanapis.com/images/armors/17f697006efl0i0nsgci74miib1qwe.png','-','-','-','-','-','-','-','-'),(409,'Highwayman Cloth Armor',75,1500,'chest_armor','Armor',0,0,0,0,0,0,0,0,1,8,'https://eldenring.fanapis.com/images/armors/17f69317737l0i0nt25yag7pvs80be.png','-','-','-','-','-','-','-','-'),(410,'High Page Clothes (altered)',68,1360,'chest_armor','Armor',0,0,0,0,0,0,0,0,1,4,'https://eldenring.fanapis.com/images/armors/17f6982714el0i0nt70cm2pr5h4jhe.png','-','-','-','-','-','-','-','-'),(411,'Hoslow\'s Armor',91,1820,'chest_armor','Armor',0,0,0,0,0,0,0,0,1,12,'https://eldenring.fanapis.com/images/armors/17f69abd677l0i0ntbpaq2bpd1xvtv.png','-','-','-','-','-','-','-','-'),(412,'Ivory-draped Tabard',79,1580,'chest_armor','Armor',0,0,0,0,0,0,0,0,1,8,'https://eldenring.fanapis.com/images/armors/17f69a7b122l0i0ntcckeer2ct3dv.png','-','-','-','-','-','-','-','-'),(413,'Knight Armor',86,1720,'chest_armor','Armor',0,0,0,0,0,0,0,0,1,11,'https://eldenring.fanapis.com/images/armors/17f69503212l0i0nte4011gmp66g3jz.png','-','-','-','-','-','-','-','-'),(414,'Juvenile Scholar Robe',69,1380,'chest_armor','Armor',0,0,0,0,0,0,0,0,1,4,'https://eldenring.fanapis.com/images/armors/17f69a4d9f6l0i0ntecg0c1cz59ipm.png','-','-','-','-','-','-','-','-'),(415,'Kaiden Armor',72,1440,'chest_armor','Armor',0,0,0,0,0,0,0,0,1,9,'https://eldenring.fanapis.com/images/armors/17f697169b9l0i0nteof8bmo9j5jgl.png','-','-','-','-','-','-','-','-'),(416,'Land Of Reeds Armor',79,1580,'chest_armor','Armor',0,0,0,0,0,0,0,0,1,8,'https://eldenring.fanapis.com/images/armors/17f698879e4l0i0ntflgv6ht3fsl6t.png','-','-','-','-','-','-','-','-'),(417,'Hoslow\'s Armor (altered)',85,1700,'chest_armor','Armor',0,0,0,0,0,0,0,0,1,11,'https://eldenring.fanapis.com/images/armors/17f699aeee7l0i0nthxam2x800a5c.png','-','-','-','-','-','-','-','-'),(418,'Lazuli Robe',65,1300,'chest_armor','Armor',0,0,0,0,0,0,0,0,1,4,'https://eldenring.fanapis.com/images/armors/17f695ed415l0i0ntif92akzx0ovmm.png','-','-','-','-','-','-','-','-'),(419,'Leather Armor',71,1420,'chest_armor','Armor',0,0,0,0,0,0,0,0,1,7,'https://eldenring.fanapis.com/images/armors/17f69894502l0i0ntxkt2y5dhjdl7p.png','-','-','-','-','-','-','-','-'),(420,'Leather-draped Tabard',78,1560,'chest_armor','Armor',0,0,0,0,0,0,0,0,1,8,'https://eldenring.fanapis.com/images/armors/17f69b3d13al0i0nugmba2ouxg19qb.png','-','-','-','-','-','-','-','-'),(421,'Lionel\'s Armor (altered)',121,2420,'chest_armor','Armor',0,0,0,0,0,0,0,0,1,20,'https://eldenring.fanapis.com/images/armors/17f69b0d53fl0i0nujjyrjjg524xor.png','-','-','-','-','-','-','-','-'),(422,'Leyndell Knight Armor (altered)',91,1820,'chest_armor','Armor',0,0,0,0,0,0,0,0,1,11,'https://eldenring.fanapis.com/images/armors/17f6970f215l0i0nujl52kn31cm8jm.png','-','-','-','-','-','-','-','-'),(423,'Leyndell Knight Armor',93,1860,'chest_armor','Armor',0,0,0,0,0,0,0,0,1,12,'https://eldenring.fanapis.com/images/armors/17f69b968e9l0i0nuk291h2knlgiqv.png','-','-','-','-','-','-','-','-'),(424,'Lionel\'s Armor',124,2480,'chest_armor','Armor',0,0,0,0,0,0,0,0,1,21,'https://eldenring.fanapis.com/images/armors/17f69669128l0i0nuklvpxe21yb3kp.png','-','-','-','-','-','-','-','-'),(425,'Lord Of Blood\'s Robe',82,1640,'chest_armor','Armor',0,0,0,0,0,0,0,0,1,8,'https://eldenring.fanapis.com/images/armors/17f69b02356l0i0nul0mkz8nbq4rqj.png','-','-','-','-','-','-','-','-'),(426,'Lusat\'s Robe',81,1620,'chest_armor','Armor',0,0,0,0,0,0,0,0,1,7,'https://eldenring.fanapis.com/images/armors/17f699d7041l0i0nuo8w22499tgoyc.png','-','-','-','-','-','-','-','-'),(427,'Lord Of Blood\'s Robe (altered)',82,1640,'chest_armor','Armor',0,0,0,0,0,0,0,0,1,8,'https://eldenring.fanapis.com/images/armors/17f69481421l0i0nuqgwo0cwsq8vc.png','-','-','-','-','-','-','-','-'),(428,'Malenia\'s Armor',61,1220,'chest_armor','Armor',0,0,0,0,0,0,0,0,1,8,'https://eldenring.fanapis.com/images/armors/17f69b03743l0i0nuwvwgkt75di5k.png','-','-','-','-','-','-','-','-'),(429,'Maliketh\'s Armor (altered)',88,1760,'chest_armor','Armor',0,0,0,0,0,0,0,0,1,12,'https://eldenring.fanapis.com/images/armors/17f69473afal0i0nvo58tuankei4se.png','-','-','-','-','-','-','-','-'),(430,'Malenia\'s Armor (altered)',53,1060,'chest_armor','Armor',0,0,0,0,0,0,0,0,1,7,'https://eldenring.fanapis.com/images/armors/17f69997c07l0i0nvphxr9fuflcj2r.png','-','-','-','-','-','-','-','-'),(431,'Malformed Dragon Armor',116,2320,'chest_armor','Armor',0,0,0,0,0,0,0,0,1,16,'https://eldenring.fanapis.com/images/armors/17f69a9d818l0i0nvqxy32740gd00f.png','-','-','-','-','-','-','-','-'),(432,'Maliketh\'s Armor',93,1860,'chest_armor','Armor',0,0,0,0,0,0,0,0,1,13,'https://eldenring.fanapis.com/images/armors/17f69afddc1l0i0nvr2mcm4to2vap8.png','-','-','-','-','-','-','-','-'),(433,'Marionette Soldier Armor',70,1400,'chest_armor','Armor',0,0,0,0,0,0,0,0,1,9,'https://eldenring.fanapis.com/images/armors/17f69b230edl0i0nvref9qs0csu7c.png','-','-','-','-','-','-','-','-'),(434,'Marais Robe',65,1300,'chest_armor','Armor',0,0,0,0,0,0,0,0,1,4,'https://eldenring.fanapis.com/images/armors/17f6993cfa0l0i0nvrvi3hjy93drk.png','-','-','-','-','-','-','-','-'),(435,'Mausoleum Knight Armor',92,1840,'chest_armor','Armor',0,0,0,0,0,0,0,0,1,12,'https://eldenring.fanapis.com/images/armors/17f69967856l0i0nvrvvpq3818oul.png','-','-','-','-','-','-','-','-'),(436,'Mausoleum Surcoat',85,1700,'chest_armor','Armor',0,0,0,0,0,0,0,0,1,11,'https://eldenring.fanapis.com/images/armors/17f6972fc30l0i0nvu6k4m9fl8hyqq.png','-','-','-','-','-','-','-','-'),(437,'Mausoleum Knight Armor (altered)',91,1820,'chest_armor','Armor',0,0,0,0,0,0,0,0,1,11,'https://eldenring.fanapis.com/images/armors/17f698e101bl0i0nvu6km8okwrj0y.png','-','-','-','-','-','-','-','-'),(438,'Mushroom Body',63,1260,'chest_armor','Armor',0,0,0,0,0,0,0,0,1,5,'https://eldenring.fanapis.com/images/armors/17f69824c90l0i0nw0v1hlt9jj1ozx.png','-','-','-','-','-','-','-','-'),(439,'Nomadic Merchant\'s Finery (altered)',57,1140,'chest_armor','Armor',0,0,0,0,0,0,0,0,1,6,'https://eldenring.fanapis.com/images/armors/17f696207eal0i0nwwj3wtlz7g8aq9.png','-','-','-','-','-','-','-','-'),(440,'Night\'s Cavalry Armor (altered)',97,1940,'chest_armor','Armor',0,0,0,0,0,0,0,0,1,13,'https://eldenring.fanapis.com/images/armors/17f698f2b04l0i0nwx8nxr6l6d32v.png','-','-','-','-','-','-','-','-'),(441,'Night\'s Cavalry Armor',97,1940,'chest_armor','Armor',0,0,0,0,0,0,0,0,1,13,'https://eldenring.fanapis.com/images/armors/17f69673ae1l0i0nwxtb89u8m5753k.png','-','-','-','-','-','-','-','-'),(442,'Night Maiden Armor',81,1620,'chest_armor','Armor',0,0,0,0,0,0,0,0,1,8,'https://eldenring.fanapis.com/images/armors/17f693b1016l0i0nwxu80z0xa8kekm.png','-','-','-','-','-','-','-','-'),(443,'Nomadic Merchant\'s Finery',64,1280,'chest_armor','Armor',0,0,0,0,0,0,0,0,1,7,'https://eldenring.fanapis.com/images/armors/17f6940f011l0i0nwzai3wde1k2pbs.png','-','-','-','-','-','-','-','-'),(444,'Noble\'s Traveling Garb',76,1520,'chest_armor','Armor',0,0,0,0,0,0,0,0,1,6,'https://eldenring.fanapis.com/images/armors/17f6999a067l0i0nwzj711o2cc0yqp.png','-','-','-','-','-','-','-','-'),(445,'Nox Monk Armor',83,1656,'chest_armor','Armor',0,0,0,0,0,0,0,0,1,8,'https://eldenring.fanapis.com/images/armors/17f69b14080l0i0nx0vgixc55r6upm.png','-','-','-','-','-','-','-','-'),(446,'Nox Swordstress Armor (altered)',74,1480,'chest_armor','Armor',0,0,0,0,0,0,0,0,1,8,'https://eldenring.fanapis.com/images/armors/17f69b9a489l0i0nx39eemxjsgoymp.png','-','-','-','-','-','-','-','-'),(447,'Nox Monk Armor (altered)',74,1480,'chest_armor','Armor',0,0,0,0,0,0,0,0,1,7,'https://eldenring.fanapis.com/images/armors/17f69a509bbl0i0nx3vmcxam3krt3o.png','-','-','-','-','-','-','-','-'),(448,'Nox Swordstress Armor',80,1600,'chest_armor','Armor',0,0,0,0,0,0,0,0,1,8,'https://eldenring.fanapis.com/images/armors/17f695e0fe5l0i0nx6r2i5erc2kvf6.png','-','-','-','-','-','-','-','-'),(449,'Omen Armor',123,2460,'chest_armor','Armor',0,0,0,0,0,0,0,0,1,23,'https://eldenring.fanapis.com/images/armors/17f697b2900l0i0ny38uuz0r5pdr9j.png','-','-','-','-','-','-','-','-'),(450,'Official\'s Attire',64,1280,'chest_armor','Armor',0,0,0,0,0,0,0,0,1,4,'https://eldenring.fanapis.com/images/armors/17f6975a2a3l0i0ny3ai080wrk3lsp.png','-','-','-','-','-','-','-','-'),(451,'Page Garb',72,1440,'chest_armor','Armor',0,0,0,0,0,0,0,0,1,5,'https://eldenring.fanapis.com/images/armors/17f698ea992l0i0ny4wcf7fv7vla87.png','-','-','-','-','-','-','-','-'),(452,'Perfumer\'s Traveling Garb',72,1440,'chest_armor','Armor',0,0,0,0,0,0,0,0,1,5,'https://eldenring.fanapis.com/images/armors/17f69695c0el0i0ny52077yj185y9z.png','-','-','-','-','-','-','-','-'),(453,'Page Garb (altered)',69,1380,'chest_armor','Armor',0,0,0,0,0,0,0,0,1,5,'https://eldenring.fanapis.com/images/armors/17f695fc5e9l0i0ny6pluocbc0njii.png','-','-','-','-','-','-','-','-'),(454,'Perfumer Robe',72,1440,'chest_armor','Armor',0,0,0,0,0,0,0,0,1,5,'https://eldenring.fanapis.com/images/armors/17f6939021el0i0ny8nszn1fqncah.png','-','-','-','-','-','-','-','-'),(455,'Perfumer\'s Traveling Garb (altered)',72,1440,'chest_armor','Armor',0,0,0,0,0,0,0,0,1,5,'https://eldenring.fanapis.com/images/armors/17f69a92933l0i0nyaq15mxrckj3us.png','-','-','-','-','-','-','-','-'),(456,'Perfumer Robe (altered)',72,1440,'chest_armor','Armor',0,0,0,0,0,0,0,0,1,5,'https://eldenring.fanapis.com/images/armors/17f693fdda8l0i0nyb2rbpqu27cr3b.png','-','-','-','-','-','-','-','-'),(457,'Omenkiller Robe',68,1360,'chest_armor','Armor',0,0,0,0,0,0,0,0,1,7,'https://eldenring.fanapis.com/images/armors/17f699bb950l0i0nybper9vajran2f.png','-','-','-','-','-','-','-','-'),(458,'Old Aristocrat Gown',62,1240,'chest_armor','Armor',0,0,0,0,0,0,0,0,1,5,'https://eldenring.fanapis.com/images/armors/17f698cac0el0i0nycd3davor9bgxb.png','-','-','-','-','-','-','-','-'),(459,'Preceptor\'s Long Gown (altered)',61,1220,'chest_armor','Armor',0,0,0,0,0,0,0,0,1,3,'https://eldenring.fanapis.com/images/armors/17f69933589l0i0nzb22p0udrb1exk.png','-','-','-','-','-','-','-','-'),(460,'Preceptor\'s Long Gown',75,1500,'chest_armor','Armor',0,0,0,0,0,0,0,0,1,6,'https://eldenring.fanapis.com/images/armors/17f69743998l0i0nzb82tu77emq297.png','-','-','-','-','-','-','-','-'),(461,'Prophet Robe (altered)',72,1440,'chest_armor','Armor',0,0,0,0,0,0,0,0,1,5,'https://eldenring.fanapis.com/images/armors/17f695cfeb8l0i0nzbulagrw7trvz.png','-','-','-','-','-','-','-','-'),(462,'Queen\'s Robe',70,1400,'chest_armor','Armor',0,0,0,0,0,0,0,0,1,5,'https://eldenring.fanapis.com/images/armors/17f693d4f51l0i0nzc7cb687wnz5x.png','-','-','-','-','-','-','-','-'),(463,'Prophet Robe',72,1440,'chest_armor','Armor',0,0,0,0,0,0,0,0,1,5,'https://eldenring.fanapis.com/images/armors/17f6974c239l0i0nzd27sxin7m9wgs.png','-','-','-','-','-','-','-','-'),(464,'Prisoner Clothing',63,1260,'chest_armor','Armor',0,0,0,0,0,0,0,0,1,3,'https://eldenring.fanapis.com/images/armors/17f699daa0dl0i0nzeebj645zpvd7.png','-','-','-','-','-','-','-','-'),(465,'Ragged Armor',79,1580,'chest_armor','Armor',0,0,0,0,0,0,0,0,1,9,'https://eldenring.fanapis.com/images/armors/17f696cf5a8l0i0nzf8wq8jdphrd1n.png','-','-','-','-','-','-','-','-'),(466,'Ragged Armor (altered)',79,1580,'chest_armor','Armor',0,0,0,0,0,0,0,0,1,8,'https://eldenring.fanapis.com/images/armors/17f69305b9cl0i0nzfe5sbcydcuoq.png','-','-','-','-','-','-','-','-'),(467,'Radahn\'s Lion Armor (altered)',118,2360,'chest_armor','Armor',0,0,0,0,0,0,0,0,1,16,'https://eldenring.fanapis.com/images/armors/17f69a93d8al0i0nzfk2b270dz2hy3.png','-','-','-','-','-','-','-','-'),(468,'Radahn\'s Lion Armor',120,2400,'chest_armor','Armor',0,0,0,0,0,0,0,0,1,18,'https://eldenring.fanapis.com/images/armors/17f694feb21l0i0nzh8acjkpkeiky.png','-','-','-','-','-','-','-','-'),(469,'Raging Wolf Armor (altered)',78,1560,'chest_armor','Armor',0,0,0,0,0,0,0,0,1,9,'https://eldenring.fanapis.com/images/armors/17f693ea468l0i0o0hcm10o39gutsk.png','-','-','-','-','-','-','-','-'),(470,'Raya Lucarian Robe',68,1360,'chest_armor','Armor',0,0,0,0,0,0,0,0,1,4,'https://eldenring.fanapis.com/images/armors/17f69b6fd53l0i0o0j5nmqgl7z5cq.png','-','-','-','-','-','-','-','-'),(471,'Raging Wolf Armor',86,1720,'chest_armor','Armor',0,0,0,0,0,0,0,0,1,11,'https://eldenring.fanapis.com/images/armors/17f69394e18l0i0o0j6thxia007h2q.png','-','-','-','-','-','-','-','-'),(472,'Redmane Surcoat',84,1680,'chest_armor','Armor',0,0,0,0,0,0,0,0,1,11,'https://eldenring.fanapis.com/images/armors/17f6969fdbdl0i0o0kiv7eeo5ioetg.png','-','-','-','-','-','-','-','-'),(473,'Ronin\'s Armor',88,1760,'chest_armor','Armor',0,0,0,0,0,0,0,0,1,9,'https://eldenring.fanapis.com/images/armors/17f6951007bl0i0o0kr79ygfqp4bfd.png','-','-','-','-','-','-','-','-'),(474,'Rotten Gravekeeper Cloak',58,1160,'chest_armor','Armor',0,0,0,0,0,0,0,0,1,6,'https://eldenring.fanapis.com/images/armors/17f69b33f87l0i0o0laxlmu9r8hc2l.png','-','-','-','-','-','-','-','-'),(475,'Redmane Knight Armor (altered)',90,1800,'chest_armor','Armor',0,0,0,0,0,0,0,0,1,11,'https://eldenring.fanapis.com/images/armors/17f697ebe2bl0i0o0lle3u1i1nh548.png','-','-','-','-','-','-','-','-'),(476,'Ronin\'s Armor (altered)',74,1480,'chest_armor','Armor',0,0,0,0,0,0,0,0,1,8,'https://eldenring.fanapis.com/images/armors/17f6933d170l0i0o0qj066wsiqj3utq.png','-','-','-','-','-','-','-','-'),(477,'Redmane Knight Armor',90,1800,'chest_armor','Armor',0,0,0,0,0,0,0,0,1,12,'https://eldenring.fanapis.com/images/armors/17f69873819l0i0o0r1uvfhzbc5x0q.png','-','-','-','-','-','-','-','-'),(478,'Raptor\'s Black Feathers',73,1460,'chest_armor','Armor',0,0,0,0,0,0,0,0,1,8,'https://eldenring.fanapis.com/images/armors/17f694e6f19l0i0o0r406cvwvhvfuvs.png','-','-','-','-','-','-','-','-'),(479,'Royal Knight Armor',115,2300,'chest_armor','Armor',0,0,0,0,0,0,0,0,1,16,'https://eldenring.fanapis.com/images/armors/17f696062dbl0i0o1vjw0pszkp8o3.png','-','-','-','-','-','-','-','-'),(480,'Royal Knight Armor (altered)',112,2240,'chest_armor','Armor',0,0,0,0,0,0,0,0,1,15,'https://eldenring.fanapis.com/images/armors/17f6985d49bl0i0o1vs0ag273l395x.png','-','-','-','-','-','-','-','-'),(481,'Rotten Gravekeeper Cloak (altered)',58,1160,'chest_armor','Armor',0,0,0,0,0,0,0,0,1,5,'https://eldenring.fanapis.com/images/armors/17f6960d468l0i0o1vvspbdd3574m.png','-','-','-','-','-','-','-','-'),(482,'Royal Remains Armor',80,1600,'chest_armor','Armor',0,0,0,0,0,0,0,0,1,11,'https://eldenring.fanapis.com/images/armors/17f6940ca21l0i0o1wc4m99v7p5igd.png','-','-','-','-','-','-','-','-'),(483,'Scaled Armor',114,2280,'chest_armor','Armor',0,0,0,0,0,0,0,0,1,16,'https://eldenring.fanapis.com/images/armors/17f694b4a42l0i0o1wscyguflco4ib.png','-','-','-','-','-','-','-','-'),(484,'Sanguine Noble Robe',71,1420,'chest_armor','Armor',0,0,0,0,0,0,0,0,1,5,'https://eldenring.fanapis.com/images/armors/17f693d4b0el0i0o1wz4i3tbj2s79y.png','-','-','-','-','-','-','-','-'),(485,'Ruler\'s Robe',66,1320,'chest_armor','Armor',0,0,0,0,0,0,0,0,1,4,'https://eldenring.fanapis.com/images/armors/17f6942f55el0i0o1xhk30z9st70s.png','-','-','-','-','-','-','-','-'),(486,'Scaled Armor (altered)',108,2160,'chest_armor','Armor',0,0,0,0,0,0,0,0,1,15,'https://eldenring.fanapis.com/images/armors/17f694a40a4l0i0o1yzkmzkj7qtz1g.png','-','-','-','-','-','-','-','-'),(487,'Sage Robe',73,1460,'chest_armor','Armor',0,0,0,0,0,0,0,0,1,5,'https://eldenring.fanapis.com/images/armors/17f69489f83l0i0o1za354buhm1f4b.png','-','-','-','-','-','-','-','-'),(488,'Scale Armor',74,1480,'chest_armor','Armor',0,0,0,0,0,0,0,0,1,9,'https://eldenring.fanapis.com/images/armors/17f698de927l0i0o1zhdlr6n70nh1.png','-','-','-','-','-','-','-','-'),(489,'Traveling Maiden Robe (altered)',66,1320,'chest_armor','Armor',0,0,0,0,0,0,0,0,1,4,'https://eldenring.fanapis.com/images/armors/17f6948a10fl0i0o30qs19wbmzyn4d.png','-','-','-','-','-','-','-','-'),(490,'Snow Witch Robe (altered)',69,1380,'chest_armor','Armor',0,0,0,0,0,0,0,0,1,5,'https://eldenring.fanapis.com/images/armors/17f693c2697l0i0o327i079jp778zm.png','-','-','-','-','-','-','-','-'),(491,'Scarlet Tabard',77,1540,'chest_armor','Armor',0,0,0,0,0,0,0,0,1,8,'https://eldenring.fanapis.com/images/armors/17f69a60e34l0i0o328szegomnr0h8.png','-','-','-','-','-','-','-','-'),(492,'Shaman Furs',53,1060,'chest_armor','Armor',0,0,0,0,0,0,0,0,1,5,'https://eldenring.fanapis.com/images/armors/17f69a6da4dl0i0o329ec8lxaexetl.png','-','-','-','-','-','-','-','-'),(493,'Traveling Maiden Robe',72,1440,'chest_armor','Armor',0,0,0,0,0,0,0,0,1,5,'https://eldenring.fanapis.com/images/armors/17f69bc7f9bl0i0o32fxquvyqp5nio.png','-','-','-','-','-','-','-','-'),(494,'Snow Witch Robe',72,1440,'chest_armor','Armor',0,0,0,0,0,0,0,0,1,5,'https://eldenring.fanapis.com/images/armors/17f69a52118l0i0o3387jplhquxn3.png','-','-','-','-','-','-','-','-'),(495,'Tree Sentinel Armor',124,2480,'chest_armor','Armor',0,0,0,0,0,0,0,0,1,19,'https://eldenring.fanapis.com/images/armors/17f699a3a77l0i0o35anr2ntuenlpi.png','-','-','-','-','-','-','-','-'),(496,'Spellblade\'s Traveling Attire (altered)',51,1020,'chest_armor','Armor',0,0,0,0,0,0,0,0,1,3,'https://eldenring.fanapis.com/images/armors/17f696fb35dl0i0o379hohibhldyx.png','-','-','-','-','-','-','-','-'),(497,'Traveler\'s Clothes',66,1320,'chest_armor','Armor',0,0,0,0,0,0,0,0,1,4,'https://eldenring.fanapis.com/images/armors/17f694fbb92l0i0o38965r7ukl93sv.png','-','-','-','-','-','-','-','-'),(498,'Spellblade\'s Traveling Attire',60,1200,'chest_armor','Armor',0,0,0,0,0,0,0,0,1,3,'https://eldenring.fanapis.com/images/armors/17f6983e15bl0i0o3ag7let01tccgy.png','-','-','-','-','-','-','-','-'),(499,'Tree Sentinel Armor (altered)',123,2460,'chest_armor','Armor',0,0,0,0,0,0,0,0,1,18,'https://eldenring.fanapis.com/images/armors/17f6993ab06l0i0o3uqmctbvuty9u.png','-','-','-','-','-','-','-','-'),(500,'Twinned Armor (altered)',94,1880,'chest_armor','Armor',0,0,0,0,0,0,0,0,1,13,'https://eldenring.fanapis.com/images/armors/17f6972ac01l0i0o44tshfdh1pnb8.png','-','-','-','-','-','-','-','-'),(501,'Vagabond Knight Armor (altered)',81,1620,'chest_armor','Armor',0,0,0,0,0,0,0,0,1,10,'https://eldenring.fanapis.com/images/armors/17f698f800dl0i0o46usza3kek0mlc.png','-','-','-','-','-','-','-','-'),(502,'Vagabond Knight Armor',83,1660,'chest_armor','Armor',0,0,0,0,0,0,0,0,1,11,'https://eldenring.fanapis.com/images/armors/17f697e174dl0i0o48c1nkk005ndtlj.png','-','-','-','-','-','-','-','-'),(503,'Veteran\'s Armor',122,2440,'chest_armor','Armor',0,0,0,0,0,0,0,0,1,19,'https://eldenring.fanapis.com/images/armors/17f6968c171l0i0o4ajjybq3d8j288.png','-','-','-','-','-','-','-','-'),(504,'Twinned Armor',101,2020,'chest_armor','Armor',0,0,0,0,0,0,0,0,1,14,'https://eldenring.fanapis.com/images/armors/17f69b2bcaal0i0o4bk6dl7fug97ng.png','-','-','-','-','-','-','-','-'),(505,'Veteran\'s Armor (altered)',119,2380,'chest_armor','Armor',0,0,0,0,0,0,0,0,1,17,'https://eldenring.fanapis.com/images/armors/17f699fb877l0i0o4gys04cxbs86i.png','-','-','-','-','-','-','-','-'),(506,'Tree Surcoat',76,1520,'chest_armor','Armor',0,0,0,0,0,0,0,0,1,9,'https://eldenring.fanapis.com/images/armors/17f69398ebcl0i0o4jsqk0wa9fjtn.png','-','-','-','-','-','-','-','-'),(507,'Upper-class Robe',66,1320,'chest_armor','Armor',0,0,0,0,0,0,0,0,1,4,'https://eldenring.fanapis.com/images/armors/17f698ca6e3l0i0o4k9zjwfnu6bkgs.png','-','-','-','-','-','-','-','-'),(508,'Tree-and-beast Surcoat',84,1680,'chest_armor','Armor',0,0,0,0,0,0,0,0,1,11,'https://eldenring.fanapis.com/images/armors/17f69717672l0i0o4r89nf02o5si0o.png','-','-','-','-','-','-','-','-'),(509,'White Reed Armor',79,1580,'chest_armor','Armor',0,0,0,0,0,0,0,0,1,8,'https://eldenring.fanapis.com/images/armors/17f69af6e5bl0i0o5hhktksp2jmt5.png','-','-','-','-','-','-','-','-'),(510,'War Surgeon Gown',68,1360,'chest_armor','Armor',0,0,0,0,0,0,0,0,1,7,'https://eldenring.fanapis.com/images/armors/17f6963ee22l0i0o5lqhnt3sl29aif.png','-','-','-','-','-','-','-','-'),(511,'War Surgeon Gown (altered)',62,1240,'chest_armor','Armor',0,0,0,0,0,0,0,0,1,6,'https://eldenring.fanapis.com/images/armors/17f699ae26al0i0o5qexxzvp3cwnw.png','-','-','-','-','-','-','-','-'),(512,'Azur\'s Manchettes',11,220,'gauntlets','Armor',0,0,0,0,0,0,0,0,1,1,'https://eldenring.fanapis.com/images/armors/17f69569ff4l0i0o5u2wskq7pesy49.png','-','-','-','-','-','-','-','-'),(513,'Battlemage Manchettes',13,260,'gauntlets','Armor',0,0,0,0,0,0,0,0,1,1,'https://eldenring.fanapis.com/images/armors/17f695766c8l0i0o5wasui4pl06qia.png','-','-','-','-','-','-','-','-'),(514,'Astrologer Gloves',16,320,'gauntlets','Armor',0,0,0,0,0,0,0,0,1,1,'https://eldenring.fanapis.com/images/armors/17f69652c6fl0i0o5x1bsdx0d6pona.png','-','-','-','-','-','-','-','-'),(515,'Bandit Manchettes',9,180,'gauntlets','Armor',0,0,0,0,0,0,0,0,1,1,'https://eldenring.fanapis.com/images/armors/17f695f7dfcl0i0o5xe2kug0vg0iiz.png','-','-','-','-','-','-','-','-'),(516,'Banished Knight Gauntlets',27,540,'gauntlets','Armor',0,0,0,0,0,0,0,0,1,6,'https://eldenring.fanapis.com/images/armors/17f69862434l0i0o5z4v0cvfozbd5.png','-','-','-','-','-','-','-','-'),(517,'Zamor Armor',72,1440,'chest_armor','Armor',0,0,0,0,0,0,0,0,1,9,'https://eldenring.fanapis.com/images/armors/17f697fc762l0i0o5zexo0qk2z7ts9.png','-','-','-','-','-','-','-','-'),(518,'Alberich\'s Bracers',15,300,'gauntlets','Armor',0,0,0,0,0,0,0,0,1,1,'https://eldenring.fanapis.com/images/armors/17f69b16a3dl0i0o66ah0178yiaqiq.png','-','-','-','-','-','-','-','-'),(519,'Beast Champion Gauntlets',28,560,'gauntlets','Armor',0,0,0,0,0,0,0,0,1,6,'https://eldenring.fanapis.com/images/armors/17f695c02ebl0i0o6gegz5qdy7kztd.png','-','-','-','-','-','-','-','-'),(520,'Blackflame Monk Gauntlets',19,380,'gauntlets','Armor',0,0,0,0,0,0,0,0,1,4,'https://eldenring.fanapis.com/images/armors/17f694f3eadl0i0o7mtggrz1ofisub.png','-','-','-','-','-','-','-','-'),(521,'Blaidd\'s Gauntlets',21,420,'gauntlets','Armor',0,0,0,0,0,0,0,0,1,5,'https://eldenring.fanapis.com/images/armors/17f695d9337l0i0o7r1gta915accj.png','-','-','-','-','-','-','-','-'),(522,'Brave\'s Bracer',10,200,'gauntlets','Armor',0,0,0,0,0,0,0,0,1,1,'https://eldenring.fanapis.com/images/armors/17f6958f14el0i0o7rcnxhisq53oq8.png','-','-','-','-','-','-','-','-'),(523,'Briar Gauntlets',20,400,'gauntlets','Armor',0,0,0,0,0,0,0,0,1,4,'https://eldenring.fanapis.com/images/armors/17f693143a2l0i0o7sb9iurg2imsc.png','-','-','-','-','-','-','-','-'),(524,'Bull-goat Gauntlets',30,600,'gauntlets','Armor',0,0,0,0,0,0,0,0,1,9,'https://eldenring.fanapis.com/images/armors/17f69a9b4adl0i0o7ta34gq0aep43h.png','-','-','-','-','-','-','-','-'),(525,'Bloodsoaked Manchettes',15,300,'gauntlets','Armor',0,0,0,0,0,0,0,0,1,1,'https://eldenring.fanapis.com/images/armors/17f69b9eb6bl0i0o7tl4067pzud217.png','-','-','-','-','-','-','-','-'),(526,'Bloodhound Knight Gauntlets',18,360,'gauntlets','Armor',0,0,0,0,0,0,0,0,1,4,'https://eldenring.fanapis.com/images/armors/17f69600773l0i0o7unm0v4n59mz9d.png','-','-','-','-','-','-','-','-'),(527,'Blue Silver Bracelets',10,200,'gauntlets','Armor',0,0,0,0,0,0,0,0,1,2,'https://eldenring.fanapis.com/images/armors/17f69b50907l0i0o7utskwb58lgaii.png','-','-','-','-','-','-','-','-'),(528,'Carian Knight Gauntlets',18,360,'gauntlets','Armor',0,0,0,0,0,0,0,0,1,4,'https://eldenring.fanapis.com/images/armors/17f69b923f1l0i0o7wiqlqbak2haqc.png','-','-','-','-','-','-','-','-'),(529,'Chain Gauntlets',14,280,'gauntlets','Armor',0,0,0,0,0,0,0,0,1,3,'https://eldenring.fanapis.com/images/armors/17f697c8d05l0i0o81mkc86pyw8tdh.png','-','-','-','-','-','-','-','-'),(530,'Cuckoo Knight Gauntlets',20,400,'gauntlets','Armor',0,0,0,0,0,0,0,0,1,4,'https://eldenring.fanapis.com/images/armors/17f697642d0l0i0o98xc24ahp9u15s.png','-','-','-','-','-','-','-','-'),(531,'Confessor Gloves',17,340,'gauntlets','Armor',0,0,0,0,0,0,0,0,1,3,'https://eldenring.fanapis.com/images/armors/17f69a6ec0bl0i0o99uudum2zc466g.png','-','-','-','-','-','-','-','-'),(532,'Cleanrot Gauntlets',25,500,'gauntlets','Armor',0,0,0,0,0,0,0,0,1,5,'https://eldenring.fanapis.com/images/armors/17f69aed2ffl0i0o9a404fc0nm7z59o.png','-','-','-','-','-','-','-','-'),(533,'Champion Bracers',12,240,'gauntlets','Armor',0,0,0,0,0,0,0,0,1,2,'https://eldenring.fanapis.com/images/armors/17f69c14bf9l0i0o9a50murdvyr8wg.png','-','-','-','-','-','-','-','-'),(534,'Depraved Perfumer Gloves',16,320,'gauntlets','Armor',0,0,0,0,0,0,0,0,1,2,'https://eldenring.fanapis.com/images/armors/17f69c157acl0i0o9atkpuufsohrii.png','-','-','-','-','-','-','-','-'),(535,'Champion Gauntlets',7,140,'gauntlets','Armor',0,0,0,0,0,0,0,0,1,1,'https://eldenring.fanapis.com/images/armors/17f69a5c5bbl0i0o9b3mzby0ky19w.png','-','-','-','-','-','-','-','-'),(536,'Elden Lord Bracers',15,300,'gauntlets','Armor',0,0,0,0,0,0,0,0,1,3,'https://eldenring.fanapis.com/images/armors/17f699ef9dal0i0o9b5uipzj8nilf.png','-','-','-','-','-','-','-','-'),(537,'Eccentric\'s Manchettes',14,280,'gauntlets','Armor',0,0,0,0,0,0,0,0,1,3,'https://eldenring.fanapis.com/images/armors/17f69564c64l0i0o9bzue4p82jaqx.png','-','-','-','-','-','-','-','-'),(538,'Drake Knight Gauntlets',16,320,'gauntlets','Armor',0,0,0,0,0,0,0,0,1,3,'https://eldenring.fanapis.com/images/armors/17f693ad5d9l0i0o9cknym209rdqu.png','-','-','-','-','-','-','-','-'),(539,'Crucible Gauntlets',26,520,'gauntlets','Armor',0,0,0,0,0,0,0,0,1,5,'https://eldenring.fanapis.com/images/armors/17f699674a7l0i0o9cphpbh7jo0gv7.png','-','-','-','-','-','-','-','-'),(540,'Errant Sorcerer Manchettes',12,240,'gauntlets','Armor',0,0,0,0,0,0,0,0,1,1,'https://eldenring.fanapis.com/images/armors/17f699ad810l0i0oaoz2ac2zvdty1n.png','-','-','-','-','-','-','-','-'),(541,'Fire Monk Gauntlets',21,420,'gauntlets','Armor',0,0,0,0,0,0,0,0,1,4,'https://eldenring.fanapis.com/images/armors/17f6994bd42l0i0oap9tgxmdz4rsmd.png','-','-','-','-','-','-','-','-'),(542,'Godrick Knight Gauntlets',19,380,'gauntlets','Armor',0,0,0,0,0,0,0,0,1,4,'https://eldenring.fanapis.com/images/armors/17f69655c81l0i0oarbwusjaln8dq9.png','-','-','-','-','-','-','-','-'),(543,'Gelmir Knight Gauntlets',20,400,'gauntlets','Armor',0,0,0,0,0,0,0,0,1,4,'https://eldenring.fanapis.com/images/armors/17f696b459bl0i0oarls7aeninpc4m.png','-','-','-','-','-','-','-','-'),(544,'Foot Soldier Gauntlets',16,320,'gauntlets','Armor',0,0,0,0,0,0,0,0,1,3,'https://eldenring.fanapis.com/images/armors/17f69a12d9cl0i0oarplwe9hm6wjv.png','-','-','-','-','-','-','-','-'),(545,'Exile Gauntlets',15,300,'gauntlets','Armor',0,0,0,0,0,0,0,0,1,3,'https://eldenring.fanapis.com/images/armors/17f69a09a71l0i0oarrl7u2hkrar9p.png','-','-','-','-','-','-','-','-'),(546,'Fingerprint Gauntlets',17,340,'gauntlets','Armor',0,0,0,0,0,0,0,0,1,4,'https://eldenring.fanapis.com/images/armors/17f695372c3l0i0oarsspg4ejbh4x.png','-','-','-','-','-','-','-','-'),(547,'Godrick Soldier Gauntlets',18,360,'gauntlets','Armor',0,0,0,0,0,0,0,0,1,4,'https://eldenring.fanapis.com/images/armors/17f69932fbdl0i0oaxc7lwu7prd3kd.png','-','-','-','-','-','-','-','-'),(548,'Fire Prelate Gauntlets',30,600,'gauntlets','Armor',0,0,0,0,0,0,0,0,1,8,'https://eldenring.fanapis.com/images/armors/17f69adc730l0i0oayoby83p8xiwnl.png','-','-','-','-','-','-','-','-'),(549,'Godskin Apostle Bracelets',16,320,'gauntlets','Armor',0,0,0,0,0,0,0,0,1,2,'https://eldenring.fanapis.com/images/armors/17f69552966l0i0oazfa77xdvanncu.png','-','-','-','-','-','-','-','-'),(550,'Godskin Noble Bracelets',16,320,'gauntlets','Armor',0,0,0,0,0,0,0,0,1,2,'https://eldenring.fanapis.com/images/armors/17f6945fca2l0i0ocbqlthlf2ve9ng.png','-','-','-','-','-','-','-','-'),(551,'Haligtree Gauntlets',18,360,'gauntlets','Armor',0,0,0,0,0,0,0,0,1,4,'https://eldenring.fanapis.com/images/armors/17f69823d53l0i0occko5j66qlc4tm.png','-','-','-','-','-','-','-','-'),(552,'Haligtree Knight Gauntlets',20,400,'gauntlets','Armor',0,0,0,0,0,0,0,0,1,4,'https://eldenring.fanapis.com/images/armors/17f69c275c9l0i0ocdyuhcyebjccc.png','-','-','-','-','-','-','-','-'),(553,'Iron Gauntlets',14,280,'gauntlets','Armor',0,0,0,0,0,0,0,0,1,3,'https://eldenring.fanapis.com/images/armors/17f69421b99l0i0ocgf1zewmzfqhb5.png','-','-','-','-','-','-','-','-'),(554,'Gold Bracelets',10,200,'gauntlets','Armor',0,0,0,0,0,0,0,0,1,1,'https://eldenring.fanapis.com/images/armors/17f6978cc9el0i0ochs0lykeqg1oay9.png','-','-','-','-','-','-','-','-'),(555,'Guardian Bracers',16,320,'gauntlets','Armor',0,0,0,0,0,0,0,0,1,3,'https://eldenring.fanapis.com/images/armors/17f69a01c9cl0i0oci9vixulbuoexe.png','-','-','-','-','-','-','-','-'),(556,'Golden Prosthetic',16,320,'gauntlets','Armor',0,0,0,0,0,0,0,0,1,3,'https://eldenring.fanapis.com/images/armors/17f695058d7l0i0ocivy48k7k9l11k.png','-','-','-','-','-','-','-','-'),(557,'Knight Gauntlets',19,380,'gauntlets','Armor',0,0,0,0,0,0,0,0,1,4,'https://eldenring.fanapis.com/images/armors/17f69adf4c2l0i0odlid8lejwstaeu.png','-','-','-','-','-','-','-','-'),(558,'Land Of Reeds Gauntlets',16,320,'gauntlets','Armor',0,0,0,0,0,0,0,0,1,3,'https://eldenring.fanapis.com/images/armors/17f69647ef1l0i0odt2cfmif5045ua.png','-','-','-','-','-','-','-','-'),(559,'Lusat\'s Manchettes',13,260,'gauntlets','Armor',0,0,0,0,0,0,0,0,1,1,'https://eldenring.fanapis.com/images/armors/17f695c3ff9l0i0odvnq2v5kiezuxo.png','-','-','-','-','-','-','-','-'),(560,'Maliketh\'s Gauntlets',20,400,'gauntlets','Armor',0,0,0,0,0,0,0,0,1,4,'https://eldenring.fanapis.com/images/armors/17f69345295l0i0odvo3gukydx02yf.png','-','-','-','-','-','-','-','-'),(561,'Leyndell Soldier Gauntlets',19,380,'gauntlets','Armor',0,0,0,0,0,0,0,0,1,4,'https://eldenring.fanapis.com/images/armors/17f69743431l0i0odwtjw9ktch75jr.png','-','-','-','-','-','-','-','-'),(562,'Lionel\'s Gauntlets',29,580,'gauntlets','Armor',0,0,0,0,0,0,0,0,1,7,'https://eldenring.fanapis.com/images/armors/17f69654184l0i0odyh0dtdavp394v.png','-','-','-','-','-','-','-','-'),(563,'Malenia\'s Gauntlet',16,320,'gauntlets','Armor',0,0,0,0,0,0,0,0,1,3,'https://eldenring.fanapis.com/images/armors/17f69aa91d7l0i0oe1pj6fo1o9vsx.png','-','-','-','-','-','-','-','-'),(564,'Malformed Dragon Gauntlets',27,540,'gauntlets','Armor',0,0,0,0,0,0,0,0,1,5,'https://eldenring.fanapis.com/images/armors/17f6974ca8bl0i0oe3tld3ayug66kf.png','-','-','-','-','-','-','-','-'),(565,'Leyndell Knight Gauntlets',20,400,'gauntlets','Armor',0,0,0,0,0,0,0,0,1,4,'https://eldenring.fanapis.com/images/armors/17f695bb780l0i0oe3tjfx58cget0s.png','-','-','-','-','-','-','-','-'),(566,'Omen Gauntlets',27,540,'gauntlets','Armor',0,0,0,0,0,0,0,0,1,8,'https://eldenring.fanapis.com/images/armors/17f6988983cl0i0of7tbik91hvj0rj.png','-','-','-','-','-','-','-','-'),(567,'Mushroom Arms',13,260,'gauntlets','Armor',0,0,0,0,0,0,0,0,1,2,'https://eldenring.fanapis.com/images/armors/17f6952d31fl0i0ofc3j9nf2llq7yi.png','-','-','-','-','-','-','-','-'),(568,'Mausoleum Knight Gauntlets',19,380,'gauntlets','Armor',0,0,0,0,0,0,0,0,1,4,'https://eldenring.fanapis.com/images/armors/17f692c707bl0i0ofc3oguearc3gzo.png','-','-','-','-','-','-','-','-'),(569,'Mausoleum Gauntlets',19,380,'gauntlets','Armor',0,0,0,0,0,0,0,0,1,4,'https://eldenring.fanapis.com/images/armors/17f696b894el0i0ofdbtcjix5qajrp.png','-','-','-','-','-','-','-','-'),(570,'Millicent\'s Gloves',14,280,'gauntlets','Armor',0,0,0,0,0,0,0,0,1,1,'https://eldenring.fanapis.com/images/armors/17f69a7eb92l0i0ofelpljitl8hw9s.png','-','-','-','-','-','-','-','-'),(571,'Nox Monk Bracelets',19,384,'gauntlets','Armor',0,0,0,0,0,0,0,0,1,3,'https://eldenring.fanapis.com/images/armors/17f693fc837l0i0off9ln8pmeyhp0g.png','-','-','-','-','-','-','-','-'),(572,'Noble\'s Gloves',16,320,'gauntlets','Armor',0,0,0,0,0,0,0,0,1,2,'https://eldenring.fanapis.com/images/armors/17f69b16c57l0i0ofgwwi9eoabz75h.png','-','-','-','-','-','-','-','-'),(573,'Perfumer Gloves',15,300,'gauntlets','Armor',0,0,0,0,0,0,0,0,1,1,'https://eldenring.fanapis.com/images/armors/17f69959ba1l0i0ofnm4hp9r73aakd.png','-','-','-','-','-','-','-','-'),(574,'Night\'s Cavalry Gauntlets',22,440,'gauntlets','Armor',0,0,0,0,0,0,0,0,1,4,'https://eldenring.fanapis.com/images/armors/17f6948f4adl0i0ofnyfaygrek4ks9.png','-','-','-','-','-','-','-','-'),(575,'Omenkiller Long Gloves',13,260,'gauntlets','Armor',0,0,0,0,0,0,0,0,1,2,'https://eldenring.fanapis.com/images/armors/17f698eeb10l0i0ofo0efh0z69hbud.png','-','-','-','-','-','-','-','-'),(576,'Preceptor\'s Gloves',16,320,'gauntlets','Armor',0,0,0,0,0,0,0,0,1,2,'https://eldenring.fanapis.com/images/armors/17f696136efl0i0ogu3uw8ly0921xa.png','-','-','-','-','-','-','-','-'),(577,'Raya Lucarian Gauntlets',18,360,'gauntlets','Armor',0,0,0,0,0,0,0,0,1,4,'https://eldenring.fanapis.com/images/armors/17f6961d885l0i0ogv0ohqr5fp3eh.png','-','-','-','-','-','-','-','-'),(578,'Ragged Gloves',16,320,'gauntlets','Armor',0,0,0,0,0,0,0,0,1,3,'https://eldenring.fanapis.com/images/armors/17f6935b153l0i0ogyoj212pfkjsqo.png','-','-','-','-','-','-','-','-'),(579,'Radahn Soldier Gauntlets',17,340,'gauntlets','Armor',0,0,0,0,0,0,0,0,1,4,'https://eldenring.fanapis.com/images/armors/17f69b773e3l0i0ogypin7yhii9kfj.png','-','-','-','-','-','-','-','-'),(580,'Radahn\'s Gauntlets',27,540,'gauntlets','Armor',0,0,0,0,0,0,0,0,1,6,'https://eldenring.fanapis.com/images/armors/17f6965bc45l0i0ogypt00zh5h9xs.png','-','-','-','-','-','-','-','-'),(581,'Royal Knight Gauntlets',27,540,'gauntlets','Armor',0,0,0,0,0,0,0,0,1,5,'https://eldenring.fanapis.com/images/armors/17f69c1e97bl0i0oh39wplhaw02cqa.png','-','-','-','-','-','-','-','-'),(582,'Ronin\'s Gauntlets',18,360,'gauntlets','Armor',0,0,0,0,0,0,0,0,1,3,'https://eldenring.fanapis.com/images/armors/17f6951b093l0i0oh3ytmwlknn9uvf.png','-','-','-','-','-','-','-','-'),(583,'Redmane Knight Helm',20,400,'gauntlets','Armor',0,0,0,0,0,0,0,0,1,4,'https://eldenring.fanapis.com/images/armors/17f693ced0bl0i0oh402gmm7bjbdty.png','-','-','-','-','-','-','-','-'),(584,'Queen\'s Bracelets',16,320,'gauntlets','Armor',0,0,0,0,0,0,0,0,1,2,'https://eldenring.fanapis.com/images/armors/17f6965e1c4l0i0oh5u13b51hwsrb6i.png','-','-','-','-','-','-','-','-'),(585,'Royal Remains Gauntlets',16,320,'gauntlets','Armor',0,0,0,0,0,0,0,0,1,4,'https://eldenring.fanapis.com/images/armors/17f69444171l0i0oh899jhls75u4of.png','-','-','-','-','-','-','-','-'),(586,'Tree Sentinel Gauntlets',28,560,'gauntlets','Armor',0,0,0,0,0,0,0,0,1,6,'https://eldenring.fanapis.com/images/armors/17f696aafc4l0i0oirnrri0ir86n0g.png','-','-','-','-','-','-','-','-'),(587,'Traveler\'s Manchettes',16,320,'gauntlets','Armor',0,0,0,0,0,0,0,0,1,2,'https://eldenring.fanapis.com/images/armors/17f6973b069l0i0oivkiyy71sjzt3f.png','-','-','-','-','-','-','-','-'),(588,'Sorcerer Manchettes',5,100,'gauntlets','Armor',0,0,0,0,0,0,0,0,1,1,'https://eldenring.fanapis.com/images/armors/17f69b2e1f0l0i0oivw4at5v3v4x2z.png','-','-','-','-','-','-','-','-'),(589,'Twinned Gauntlets',19,380,'gauntlets','Armor',0,0,0,0,0,0,0,0,1,4,'https://eldenring.fanapis.com/images/armors/17f69beb172l0i0oiwxuzup65qtki.png','-','-','-','-','-','-','-','-'),(590,'Traveling Maiden Gloves',18,360,'gauntlets','Armor',0,0,0,0,0,0,0,0,1,2,'https://eldenring.fanapis.com/images/armors/17f699b52e3l0i0oiwychjvbbb6kl.png','-','-','-','-','-','-','-','-'),(591,'Vagabond Knight Gauntlets',18,360,'gauntlets','Armor',0,0,0,0,0,0,0,0,1,4,'https://eldenring.fanapis.com/images/armors/17f69ac481fl0i0oixc66oi6ytj1ek.png','-','-','-','-','-','-','-','-'),(592,'Scaled Gauntlets',27,540,'gauntlets','Armor',0,0,0,0,0,0,0,0,1,5,'https://eldenring.fanapis.com/images/armors/17f69394600l0i0oiyz8qmiiuhz2ra.png','-','-','-','-','-','-','-','-'),(593,'Spellblade\'s Gloves',10,200,'gauntlets','Armor',0,0,0,0,0,0,0,0,1,1,'https://eldenring.fanapis.com/images/armors/17f69498b16l0i0oj35pl67ifnlj9a.png','-','-','-','-','-','-','-','-'),(594,'Aristocrat Hat',24,480,'helm','Armor',0,0,0,0,0,0,0,0,1,3,'https://eldenring.fanapis.com/images/armors/17f693eea6bl0i0okx2njnrl2iildc.png','-','-','-','-','-','-','-','-'),(595,'Warrior Gauntlets',14,280,'gauntlets','Armor',0,0,0,0,0,0,0,0,1,3,'https://eldenring.fanapis.com/images/armors/17f697896bel0i0okxiwm6mnh3zz6j.png','-','-','-','-','-','-','-','-'),(596,'Aristocrat Headband',16,320,'helm','Armor',0,0,0,0,0,0,0,0,1,1,'https://eldenring.fanapis.com/images/armors/17f698b96d7l0i0okxivnlu37ckb6.png','-','-','-','-','-','-','-','-'),(597,'Alberich\'s Pointed Hat (altered)',15,300,'helm','Armor',0,0,0,0,0,0,0,0,1,1,'https://eldenring.fanapis.com/images/armors/17f694c1311l0i0ol1qo5xm03vrgok.png','-','-','-','-','-','-','-','-'),(598,'Alberich\'s Pointed Hat',20,400,'helm','Armor',0,0,0,0,0,0,0,0,1,2,'https://eldenring.fanapis.com/images/armors/17f69377b19l0i0ol1swx6o1hyi35o.png','-','-','-','-','-','-','-','-'),(599,'War Surgeon Gloves',13,260,'gauntlets','Armor',0,0,0,0,0,0,0,0,1,2,'https://eldenring.fanapis.com/images/armors/17f6931bed0l0i0ol1tlx0aiheggu.png','-','-','-','-','-','-','-','-'),(600,'Zamor Bracelets',12,240,'gauntlets','Armor',0,0,0,0,0,0,0,0,1,3,'https://eldenring.fanapis.com/images/armors/17f69a8afbbl0i0ol3s36b3idrf5x5.png','-','-','-','-','-','-','-','-'),(601,'White Reed Gauntlets',16,320,'gauntlets','Armor',0,0,0,0,0,0,0,0,1,3,'https://eldenring.fanapis.com/images/armors/17f692edc25l0i0ol5e2s17vq7v4wq.png','-','-','-','-','-','-','-','-'),(602,'Bandit Mask',23,460,'helm','Armor',0,0,0,0,0,0,0,0,1,3,'https://eldenring.fanapis.com/images/armors/17f69600328l0i0on3l3z1z6jv0lrt.png','-','-','-','-','-','-','-','-'),(603,'Black Dumpling',21,420,'helm','Armor',0,0,0,0,0,0,0,0,1,3,'https://eldenring.fanapis.com/images/armors/17f695d037el0i0on3psdxvuouz67s.png','-','-','-','-','-','-','-','-'),(604,'Banished Knight Helm (altered)',43,860,'helm','Armor',0,0,0,0,0,0,0,0,1,7,'https://eldenring.fanapis.com/images/armors/17f6948386bl0i0on4t6xzj16dejzm.png','-','-','-','-','-','-','-','-'),(605,'Ash-of-war Scarab',37,-740,'helm','Armor',0,0,0,0,0,0,0,0,1,5,'https://eldenring.fanapis.com/images/armors/17f69858eb0l0i0on54p2gfohha90e.png','-','-','-','-','-','-','-','-'),(606,'Astrologer Hood',20,400,'helm','Armor',0,0,0,0,0,0,0,0,1,2,'https://eldenring.fanapis.com/images/armors/17f699271d3l0i0on6tce8ayc3kic.png','-','-','-','-','-','-','-','-'),(607,'Black Hood',23,460,'helm','Armor',0,0,0,0,0,0,0,0,1,3,'https://eldenring.fanapis.com/images/armors/17f69c20d31l0i0on75g02np9ldmub.png','-','-','-','-','-','-','-','-'),(608,'Azur\'s Glintstone Crown',26,520,'helm','Armor',0,0,0,0,0,0,0,0,1,4,'https://eldenring.fanapis.com/images/armors/17f695b9b2bl0i0on94j5g3fwtv4f.png','-','-','-','-','-','-','-','-'),(609,'Banished Knight Helm',39,780,'helm','Armor',0,0,0,0,0,0,0,0,1,8,'https://eldenring.fanapis.com/images/armors/17f69ac8d83l0i0on9b78j283zdb3c.png','-','-','-','-','-','-','-','-'),(610,'Beast Champion Helm',39,780,'helm','Armor',0,0,0,0,0,0,0,0,1,8,'https://eldenring.fanapis.com/images/armors/17f69b5a95cl0i0onb5s3gw477p75.png','-','-','-','-','-','-','-','-'),(611,'Black Wolf Mask',34,680,'helm','Armor',0,0,0,0,0,0,0,0,1,6,'https://eldenring.fanapis.com/images/armors/17f6965c7afl0i0oors9r1s1ulmh1p.png','-','-','-','-','-','-','-','-'),(612,'Bloodsoaked Mask',21,420,'helm','Armor',0,0,0,0,0,0,0,0,1,2,'https://eldenring.fanapis.com/images/armors/17f6966b53cl0i0oosmb5p6q5qdlie.png','-','-','-','-','-','-','-','-'),(613,'Blue Silver Mail Hood',24,480,'helm','Armor',0,0,0,0,0,0,0,0,1,4,'https://eldenring.fanapis.com/images/armors/17f6957a63fl0i0oovz7b4oy8p5sg5.png','-','-','-','-','-','-','-','-'),(614,'Bloodhound Knight Helm',28,560,'helm','Armor',0,0,0,0,0,0,0,0,1,5,'https://eldenring.fanapis.com/images/armors/17f69af9da6l0i0ooxmok4mxl6swwr.png','-','-','-','-','-','-','-','-'),(615,'Blackguard\'s Iron Mask',36,720,'helm','Armor',0,0,0,0,0,0,0,0,1,6,'https://eldenring.fanapis.com/images/armors/17f69b1c4d5l0i0ooxx6c6v58994m2.png','-','-','-','-','-','-','-','-'),(616,'Blue Festive Hood',21,420,'helm','Armor',0,0,0,0,0,0,0,0,1,2,'https://eldenring.fanapis.com/images/armors/17f69406c8bl0i0ooy9wkif1vedtms.png','-','-','-','-','-','-','-','-'),(617,'Blackflame Monk Hood',25,500,'helm','Armor',0,0,0,0,0,0,0,0,1,4,'https://eldenring.fanapis.com/images/armors/17f695e29e2l0i0op3yqenk2g551h9.png','-','-','-','-','-','-','-','-'),(618,'Blue Cloth Cowl',19,380,'helm','Armor',0,0,0,0,0,0,0,0,1,3,'https://eldenring.fanapis.com/images/armors/17f69a0e9c3l0i0op85xko5kr7u06j.png','-','-','-','-','-','-','-','-'),(619,'Champion Headband',20,400,'helm','Armor',0,0,0,0,0,0,0,0,1,3,'https://eldenring.fanapis.com/images/armors/17f69a16335l0i0oqmglk4lq7pv3zj.png','-','-','-','-','-','-','-','-'),(620,'Chain Coif',24,480,'helm','Armor',0,0,0,0,0,0,0,0,1,4,'https://eldenring.fanapis.com/images/armors/17f69991171l0i0oqodkekpq7kxpps.png','-','-','-','-','-','-','-','-'),(621,'Bull-goat Helm',43,860,'helm','Armor',0,0,0,0,0,0,0,0,1,11,'https://eldenring.fanapis.com/images/armors/17f69654befl0i0oqpddt81oyl2ymq.png','-','-','-','-','-','-','-','-'),(622,'Brave\'s Cord Circlet',16,320,'helm','Armor',0,0,0,0,0,0,0,0,1,1,'https://eldenring.fanapis.com/images/armors/17f69477d43l0i0oqqtcyx0gj0km2q.png','-','-','-','-','-','-','-','-'),(623,'Cerulean Tear Scarab',37,-740,'helm','Armor',0,0,0,0,0,0,0,0,1,5,'https://eldenring.fanapis.com/images/armors/17f69488d67l0i0oqufjqdi484wn2.png','-','-','-','-','-','-','-','-'),(624,'Carian Knight Helm',30,600,'helm','Armor',0,0,0,0,0,0,0,0,1,5,'https://eldenring.fanapis.com/images/armors/17f69ba1fd5l0i0oqx2o4ssdcb0cjp.png','-','-','-','-','-','-','-','-'),(625,'Briar Helm',29,580,'helm','Armor',0,0,0,0,0,0,0,0,1,5,'https://eldenring.fanapis.com/images/armors/17f69a0c78cl0i0oqxlf9xbqjdg8.png','-','-','-','-','-','-','-','-'),(626,'Brave\'s Leather Helm',24,480,'helm','Armor',0,0,0,0,0,0,0,0,1,4,'https://eldenring.fanapis.com/images/armors/17f69b13128l0i0or2eokpqdvdmv2b.png','-','-','-','-','-','-','-','-'),(627,'Cleanrot Helm (altered)',33,660,'helm','Armor',0,0,0,0,0,0,0,0,1,6,'https://eldenring.fanapis.com/images/armors/17f69b50692l0i0ors8nfgenfh7k6r.png','-','-','-','-','-','-','-','-'),(628,'Confessor Hood',23,460,'helm','Armor',0,0,0,0,0,0,0,0,1,3,'https://eldenring.fanapis.com/images/armors/17f695e92c2l0i0osb5pvuxurlcp6e.png','-','-','-','-','-','-','-','-'),(629,'Commoner\'s Headband (altered)',14,280,'helm','Armor',0,0,0,0,0,0,0,0,1,1,'https://eldenring.fanapis.com/images/armors/17f6969dd30l0i0osbp6z8er5o8d6s.png','-','-','-','-','-','-','-','-'),(630,'Confessor Hood (altered)',20,400,'helm','Armor',0,0,0,0,0,0,0,0,1,3,'https://eldenring.fanapis.com/images/armors/17f69932e0dl0i0osbzj9wtyl6vbrm.png','-','-','-','-','-','-','-','-'),(631,'Commoner\'s Headband',19,380,'helm','Armor',0,0,0,0,0,0,0,0,1,1,'https://eldenring.fanapis.com/images/armors/17f6953ed39l0i0oscswmckaqk283r.png','-','-','-','-','-','-','-','-'),(632,'Consort\'s Mask',26,520,'helm','Armor',0,0,0,0,0,0,0,0,1,4,'https://eldenring.fanapis.com/images/armors/17f696b2ac9l0i0oshpfbw6uzu459u.png','-','-','-','-','-','-','-','-'),(633,'Crucible Axe Helm',39,780,'helm','Armor',0,0,0,0,0,0,0,0,1,7,'https://eldenring.fanapis.com/images/armors/17f6942b378l0i0osl39wglen5m7i9.png','-','-','-','-','-','-','-','-'),(634,'Crimson Hood',20,400,'helm','Armor',0,0,0,0,0,0,0,0,1,2,'https://eldenring.fanapis.com/images/armors/17f69821e3al0i0osnhpfh1en4fhtm.png','-','-','-','-','-','-','-','-'),(635,'Crimson Tear Scarab',37,-740,'helm','Armor',0,0,0,0,0,0,0,0,1,5,'https://eldenring.fanapis.com/images/armors/17f695f6021l0i0osqh6be3w8uqx7o.png','-','-','-','-','-','-','-','-'),(636,'Crucible Tree Helm',39,780,'helm','Armor',0,0,0,0,0,0,0,0,1,7,'https://eldenring.fanapis.com/images/armors/17f6974f196l0i0ossd4lgj2ejtdo8.png','-','-','-','-','-','-','-','-'),(637,'Diallos\'s Mask',26,520,'helm','Armor',0,0,0,0,0,0,0,0,1,5,'https://eldenring.fanapis.com/images/armors/17f6964162al0i0ou0qpop2bf6vzth.png','-','-','-','-','-','-','-','-'),(638,'Drake Knight Helm (altered)',22,440,'helm','Armor',0,0,0,0,0,0,0,0,1,4,'https://eldenring.fanapis.com/images/armors/17f696a1925l0i0ou20hihbpko4bm6.png','-','-','-','-','-','-','-','-'),(639,'Depraved Perfumer Headscarf',22,440,'helm','Armor',0,0,0,0,0,0,0,0,1,2,'https://eldenring.fanapis.com/images/armors/17f6968948fl0i0ou27cfw87kk5qq.png','-','-','-','-','-','-','-','-'),(640,'Cuckoo Knight Helm',31,620,'helm','Armor',0,0,0,0,0,0,0,0,1,5,'https://eldenring.fanapis.com/images/armors/17f69844223l0i0ou28cnmxfdjn7pc.png','-','-','-','-','-','-','-','-'),(641,'Duelist Helm',37,740,'helm','Armor',0,0,0,0,0,0,0,0,1,6,'https://eldenring.fanapis.com/images/armors/17f69a11473l0i0ou9k3d7vcgx07cm.png','-','-','-','-','-','-','-','-'),(642,'Eccentric\'s Hood',26,520,'helm','Armor',0,0,0,0,0,0,0,0,1,4,'https://eldenring.fanapis.com/images/armors/17f697b6acal0i0oubruczgxdx9ikq.png','-','-','-','-','-','-','-','-'),(643,'Drake Knight Helm',28,560,'helm','Armor',0,0,0,0,0,0,0,0,1,4,'https://eldenring.fanapis.com/images/armors/17f699cce1al0i0ouctgvb37626x24.png','-','-','-','-','-','-','-','-'),(644,'Eccentric\'s Hood (altered)',26,520,'helm','Armor',0,0,0,0,0,0,0,0,1,4,'https://eldenring.fanapis.com/images/armors/17f69c4cdd0l0i0oucw3g2vwat2x2.png','-','-','-','-','-','-','-','-'),(645,'Elden Lord Crown',22,440,'helm','Armor',0,0,0,0,0,0,0,0,1,4,'https://eldenring.fanapis.com/images/armors/17f697a43cfl0i0oud5840qodk7im8.png','-','-','-','-','-','-','-','-'),(646,'Envoy Crown',28,560,'helm','Armor',0,0,0,0,0,0,0,0,1,4,'https://eldenring.fanapis.com/images/armors/17f694d5b35l0i0ouyv7r9fhf6e5hg.png','-','-','-','-','-','-','-','-'),(647,'Exile Hood',25,500,'helm','Armor',0,0,0,0,0,0,0,0,1,4,'https://eldenring.fanapis.com/images/armors/17f69906ec7l0i0ov1phhpwvgvqev6.png','-','-','-','-','-','-','-','-'),(648,'Festive Hood (altered)',16,320,'helm','Armor',0,0,0,0,0,0,0,0,1,1,'https://eldenring.fanapis.com/images/armors/17f692d0fbcl0i0ovsczesu9l4suj.png','-','-','-','-','-','-','-','-'),(649,'Festive Hood',21,420,'helm','Armor',0,0,0,0,0,0,0,0,1,2,'https://eldenring.fanapis.com/images/armors/17f69855a34l0i0ovty8rhwq2rl4i.png','-','-','-','-','-','-','-','-'),(650,'Finger Maiden Fillet',21,420,'helm','Armor',0,0,0,0,0,0,0,0,1,2,'https://eldenring.fanapis.com/images/armors/17f69516885l0i0ovv0vucbn8q9u5o.png','-','-','-','-','-','-','-','-'),(651,'Fire Monk Hood',26,520,'helm','Armor',0,0,0,0,0,0,0,0,1,4,'https://eldenring.fanapis.com/images/armors/17f697cb110l0i0ovwk6xur5qnwbhk.png','-','-','-','-','-','-','-','-'),(652,'Fire Prelate Helm',44,880,'helm','Armor',0,0,0,0,0,0,0,0,1,11,'https://eldenring.fanapis.com/images/armors/17f69337d12l0i0ovwtctjd032p2zn.png','-','-','-','-','-','-','-','-'),(653,'Fia\'s Hood',20,400,'helm','Armor',0,0,0,0,0,0,0,0,1,2,'https://eldenring.fanapis.com/images/armors/17f6969f632l0i0ovwwo0wtpuzvocq.png','-','-','-','-','-','-','-','-'),(654,'Fingerprint Helm',28,560,'helm','Armor',0,0,0,0,0,0,0,0,1,5,'https://eldenring.fanapis.com/images/armors/17f697dbdecl0i0ovxiltdyjytpbt9.png','-','-','-','-','-','-','-','-'),(655,'Foot Soldier Cap',26,520,'helm','Armor',0,0,0,0,0,0,0,0,1,4,'https://eldenring.fanapis.com/images/armors/17f69877054l0i0ow67dzczoccaehw.png','-','-','-','-','-','-','-','-'),(656,'Foot Soldier Helm',26,520,'helm','Armor',0,0,0,0,0,0,0,0,1,4,'https://eldenring.fanapis.com/images/armors/17f6998676al0i0ow7occadh7p6bhd.png','-','-','-','-','-','-','-','-'),(657,'Gilded Foot Soldier Cap',25,500,'helm','Armor',0,0,0,0,0,0,0,0,1,4,'https://eldenring.fanapis.com/images/armors/17f6958bc93l0i0owvn6kwrjrr5z6t.png','-','-','-','-','-','-','-','-'),(658,'Gelmir Knight Helm',30,600,'helm','Armor',0,0,0,0,0,0,0,0,1,5,'https://eldenring.fanapis.com/images/armors/17f69669d03l0i0owwfzx2m5d017fj.png','-','-','-','-','-','-','-','-'),(659,'Glintstone Scarab',37,-740,'helm','Armor',0,0,0,0,0,0,0,0,1,5,'https://eldenring.fanapis.com/images/armors/17f697b1119l0i0owym1alieezqf6o.png','-','-','-','-','-','-','-','-'),(660,'Godrick Knight Helm',30,600,'helm','Armor',0,0,0,0,0,0,0,0,1,5,'https://eldenring.fanapis.com/images/armors/17f69bf3d3el0i0ox130u36g1qnq5dk.png','-','-','-','-','-','-','-','-'),(661,'Godskin Noble Hood',21,420,'helm','Armor',0,0,0,0,0,0,0,0,1,2,'https://eldenring.fanapis.com/images/armors/17f693dd5c8l0i0ox5zges4e525q55.png','-','-','-','-','-','-','-','-'),(662,'Foot Soldier Helmet',16,320,'helm','Armor',0,0,0,0,0,0,0,0,1,3,'https://eldenring.fanapis.com/images/armors/17f69bb7818l0i0ox811gnrl6ersvo.png','-','-','-','-','-','-','-','-'),(663,'Godrick Soldier Helm',26,520,'helm','Armor',0,0,0,0,0,0,0,0,1,4,'https://eldenring.fanapis.com/images/armors/17f699c6f57l0i0ox8b667wvx9611w.png','-','-','-','-','-','-','-','-'),(664,'Godskin Apostle Hood',24,480,'helm','Armor',0,0,0,0,0,0,0,0,1,2,'https://eldenring.fanapis.com/images/armors/17f6989b8a1l0i0oxc717li12uf4am.png','-','-','-','-','-','-','-','-'),(665,'Great Horned Headband',21,420,'helm','Armor',0,0,0,0,0,0,0,0,1,3,'https://eldenring.fanapis.com/images/armors/17f697b44f0l0i0oxxa6eb4f0fh3e8.png','-','-','-','-','-','-','-','-'),(666,'Greathood',33,660,'helm','Armor',0,0,0,0,0,0,0,0,1,5,'https://eldenring.fanapis.com/images/armors/17f696ec6cfl0i0oyb7po568qq8re.png','-','-','-','-','-','-','-','-'),(667,'Guilty Hood',18,360,'helm','Armor',0,0,0,0,0,0,0,0,1,1,'https://eldenring.fanapis.com/images/armors/17f69817673l0i0oyc8ncpqgjvrcif.png','-','-','-','-','-','-','-','-'),(668,'Haima Glintstone Crown',24,480,'helm','Armor',0,0,0,0,0,0,0,0,1,3,'https://eldenring.fanapis.com/images/armors/17f696fbd24l0i0oycdmvglo5nx46n.png','-','-','-','-','-','-','-','-'),(669,'Guardian Mask',28,560,'helm','Armor',0,0,0,0,0,0,0,0,1,4,'https://eldenring.fanapis.com/images/armors/17f6964de0cl0i0oyda806rdkrbx5w.png','-','-','-','-','-','-','-','-'),(670,'Greathelm',34,680,'helm','Armor',0,0,0,0,0,0,0,0,1,6,'https://eldenring.fanapis.com/images/armors/17f6987f927l0i0oye2h2pzlit333.png','-','-','-','-','-','-','-','-'),(671,'Haligtree Helm',25,500,'helm','Armor',0,0,0,0,0,0,0,0,1,4,'https://eldenring.fanapis.com/images/armors/17f69481b1fl0i0oyflmw1g4d5g0uo.png','-','-','-','-','-','-','-','-'),(672,'Hierodas Glintstone Crown',24,480,'helm','Armor',0,0,0,0,0,0,0,0,1,3,'https://eldenring.fanapis.com/images/armors/17f69a2b719l0i0oyglty948pj2eli.png','-','-','-','-','-','-','-','-'),(673,'Haligtree Knight Helm',30,600,'helm','Armor',0,0,0,0,0,0,0,0,1,5,'https://eldenring.fanapis.com/images/armors/17f69586beal0i0oykfsnvc4lmbfxi.png','-','-','-','-','-','-','-','-'),(674,'High Page Hood',17,340,'helm','Armor',0,0,0,0,0,0,0,0,1,1,'https://eldenring.fanapis.com/images/armors/17f695912ael0i0oywyyb6br2pm11a.png','-','-','-','-','-','-','-','-'),(675,'Highwayman Hood',23,460,'helm','Armor',0,0,0,0,0,0,0,0,1,3,'https://eldenring.fanapis.com/images/armors/17f69c478dfl0i0ozgmor9bnppal7.png','-','-','-','-','-','-','-','-'),(676,'Imp Head (cat)',40,800,'helm','Armor',0,0,0,0,0,0,0,0,1,8,'https://eldenring.fanapis.com/images/armors/17f69baaa05l0i0ozkvxs099zu679.png','-','-','-','-','-','-','-','-'),(677,'Iji\'s Mirrorhelm',35,700,'helm','Armor',0,0,0,0,0,0,0,0,1,8,'https://eldenring.fanapis.com/images/armors/17f69c1dd2el0i0ozlazmh75f99cng.png','-','-','-','-','-','-','-','-'),(678,'Imp Head (fanged)',40,800,'helm','Armor',0,0,0,0,0,0,0,0,1,8,'https://eldenring.fanapis.com/images/armors/17f698fa609l0i0oznl5zwilfuh1oi.png','-','-','-','-','-','-','-','-'),(679,'Imp Head (corpse)',40,800,'helm','Armor',0,0,0,0,0,0,0,0,1,8,'https://eldenring.fanapis.com/images/armors/17f6935bccbl0i0ozqmtalizr9k08s.png','-','-','-','-','-','-','-','-'),(680,'Imp Head (long-tongued)',40,800,'helm','Armor',0,0,0,0,0,0,0,0,1,8,'https://eldenring.fanapis.com/images/armors/17f69816ef9l0i0ozya05y9ggmskcn.png','-','-','-','-','-','-','-','-'),(681,'Imp Head (wolf)',40,800,'helm','Armor',0,0,0,0,0,0,0,0,1,8,'https://eldenring.fanapis.com/images/armors/17f69b977bfl0i0p01ggnqcshd4pck.png','-','-','-','-','-','-','-','-'),(682,'Incantation Scarab',37,-740,'helm','Armor',0,0,0,0,0,0,0,0,1,5,'https://eldenring.fanapis.com/images/armors/17f69872a1fl0i0p0ro3bhaa3iwqi.png','-','-','-','-','-','-','-','-'),(683,'Iron Kasa',29,580,'helm','Armor',0,0,0,0,0,0,0,0,1,4,'https://eldenring.fanapis.com/images/armors/17f6968ae5fl0i0p1059ri48kyr8tj.png','-','-','-','-','-','-','-','-'),(684,'Iron Helmet',25,500,'helm','Armor',0,0,0,0,0,0,0,0,1,4,'https://eldenring.fanapis.com/images/armors/17f695e0212l0i0p116zi571esihv.png','-','-','-','-','-','-','-','-'),(685,'Jar',38,760,'helm','Armor',0,0,0,0,0,0,0,0,1,7,'https://eldenring.fanapis.com/images/armors/17f69a8f345l0i0p12a9jsknocmc3h.png','-','-','-','-','-','-','-','-'),(686,'Juvenile Scholar Cap',20,400,'helm','Armor',0,0,0,0,0,0,0,0,1,1,'https://eldenring.fanapis.com/images/armors/17f698185e9l0i0p13y0n9qjr9fgscp.png','-','-','-','-','-','-','-','-'),(687,'Knight Helm',28,560,'helm','Armor',0,0,0,0,0,0,0,0,1,5,'https://eldenring.fanapis.com/images/armors/17f69a86fa0l0i0p15n2exwbb7imrn.png','-','-','-','-','-','-','-','-'),(688,'Land Of Reeds Helm',27,540,'helm','Armor',0,0,0,0,0,0,0,0,1,4,'https://eldenring.fanapis.com/images/armors/17f69b407a5l0i0p18io80r14z66po.png','-','-','-','-','-','-','-','-'),(689,'Kaiden Helm',26,520,'helm','Armor',0,0,0,0,0,0,0,0,1,4,'https://eldenring.fanapis.com/images/armors/17f69841f31l0i0p19rg3lex25o0oi.png','-','-','-','-','-','-','-','-'),(690,'Lazuli Glintstone Crown',30,600,'helm','Armor',0,0,0,0,0,0,0,0,1,5,'https://eldenring.fanapis.com/images/armors/17f697688d7l0i0p1h96rv7f34xd0b.png','-','-','-','-','-','-','-','-'),(691,'Maliketh\'s Helm',31,620,'helm','Armor',0,0,0,0,0,0,0,0,1,6,'https://eldenring.fanapis.com/images/armors/17f6941fde9l0i0p2mko47s97axtui.png','-','-','-','-','-','-','-','-'),(692,'Lusat\'s Glintstone Crown',27,540,'helm','Armor',0,0,0,0,0,0,0,0,1,4,'https://eldenring.fanapis.com/images/armors/17f6931b7c7l0i0p2n8wy9rv3duh8s.png','-','-','-','-','-','-','-','-'),(693,'Leyndell Knight Helm',29,580,'helm','Armor',0,0,0,0,0,0,0,0,1,5,'https://eldenring.fanapis.com/images/armors/17f6982d6d7l0i0p2o2i9yxyofn0mp.png','-','-','-','-','-','-','-','-'),(694,'Lionel\'s Helm',42,840,'helm','Armor',0,0,0,0,0,0,0,0,1,9,'https://eldenring.fanapis.com/images/armors/17f6950e137l0i0p2q9h6f0ocw3c77.png','-','-','-','-','-','-','-','-'),(695,'Malenia\'s Winged Helm',25,500,'helm','Armor',0,0,0,0,0,0,0,0,1,4,'https://eldenring.fanapis.com/images/armors/17f69570454l0i0p2run60av8ymo9k.png','-','-','-','-','-','-','-','-'),(696,'Malformed Dragon Helm',39,780,'helm','Armor',0,0,0,0,0,0,0,0,1,7,'https://eldenring.fanapis.com/images/armors/17f69a7ca14l0i0p2tuxxq38wcosb.png','-','-','-','-','-','-','-','-'),(697,'Marais Mask',22,440,'helm','Armor',0,0,0,0,0,0,0,0,1,2,'https://eldenring.fanapis.com/images/armors/17f695f6f46l0i0p2ykast2we1aq1l.png','-','-','-','-','-','-','-','-'),(698,'Marionette Soldier Helm',25,500,'helm','Armor',0,0,0,0,0,0,0,0,1,4,'https://eldenring.fanapis.com/images/armors/17f699e7e02l0i0p30ih3ylhyrbsjl.png','-','-','-','-','-','-','-','-'),(699,'Leyndell Soldier Helm',25,500,'helm','Armor',0,0,0,0,0,0,0,0,1,4,'https://eldenring.fanapis.com/images/armors/17f69aa6dfdl0i0p31z2jv5am2erqc.png','-','-','-','-','-','-','-','-'),(700,'Marionette Soldier Helm',25,500,'helm','Armor',0,0,0,0,0,0,0,0,1,4,'https://eldenring.fanapis.com/images/armors/17f69a0d3c3l0i0p3o08ykgd7j2xjh.png','-','-','-','-','-','-','-','-'),(701,'Night Maiden Twin Crown',25,500,'helm','Armor',0,0,0,0,0,0,0,0,1,3,'https://eldenring.fanapis.com/images/armors/17f69b92fcal0i0p4cyhqol55tgk9.png','-','-','-','-','-','-','-','-'),(702,'Mushroom Head',18,360,'helm','Armor',0,0,0,0,0,0,0,0,1,2,'https://eldenring.fanapis.com/images/armors/17f693b0fa9l0i0p4etuldc9puvo8l.png','-','-','-','-','-','-','-','-'),(703,'Night\'s Cavalry Helm',32,640,'helm','Armor',0,0,0,0,0,0,0,0,1,6,'https://eldenring.fanapis.com/images/armors/17f6961be1fl0i0p4fhrxrrzn02xnd.png','-','-','-','-','-','-','-','-'),(704,'Mask Of Confidence',25,500,'helm','Armor',0,0,0,0,0,0,0,0,1,4,'https://eldenring.fanapis.com/images/armors/17f693b438bl0i0p4gemfom2fp1vb.png','-','-','-','-','-','-','-','-'),(705,'Navy Hood',20,400,'helm','Armor',0,0,0,0,0,0,0,0,1,2,'https://eldenring.fanapis.com/images/armors/17f69a37531l0i0p4h1p5j95hyj8xd.png','-','-','-','-','-','-','-','-'),(706,'Night\'s Cavalry Helm (altered)',32,640,'helm','Armor',0,0,0,0,0,0,0,0,1,6,'https://eldenring.fanapis.com/images/armors/17f6983c12dl0i0p4r36dunr43mao.png','-','-','-','-','-','-','-','-'),(707,'Mushroom Crown',38,760,'helm','Armor',0,0,0,0,0,0,0,0,1,9,'https://eldenring.fanapis.com/images/armors/17f69c41c6al0i0p4u5sk20p43vz1.png','-','-','-','-','-','-','-','-'),(708,'Nomadic Merchant\'s Chapeau',21,420,'helm','Armor',0,0,0,0,0,0,0,0,1,3,'https://eldenring.fanapis.com/images/armors/17f69b12523l0i0p57kxo84ihb8tfk.png','-','-','-','-','-','-','-','-'),(709,'Nox Mirrorhelm',37,740,'helm','Armor',0,0,0,0,0,0,0,0,1,8,'https://eldenring.fanapis.com/images/armors/17f697ff04el0i0p58ah80eaty1zpl.png','-','-','-','-','-','-','-','-'),(710,'Nox Monk Hood',22,440,'helm','Armor',0,0,0,0,0,0,0,0,1,3,'https://eldenring.fanapis.com/images/armors/17f697ae674l0i0p5eukmqyrfgsn7r.png','-','-','-','-','-','-','-','-'),(711,'Old Aristocrat Cowl',19,380,'helm','Armor',0,0,0,0,0,0,0,0,1,2,'https://eldenring.fanapis.com/images/armors/17f6975464el0i0p68mdggqqz1s99w.png','-','-','-','-','-','-','-','-'),(712,'Nox Swordstress Crown',28,562,'helm','Armor',0,0,0,0,0,0,0,0,1,3,'https://eldenring.fanapis.com/images/armors/17f69c30df6l0i0p6a19w1ib4p3py.png','-','-','-','-','-','-','-','-'),(713,'Okina Mask',26,520,'helm','Armor',0,0,0,0,0,0,0,0,1,4,'https://eldenring.fanapis.com/images/armors/17f69956005l0i0p6bnh0z0hsvuqfv.png','-','-','-','-','-','-','-','-'),(714,'Nox Swordstress Crown (altered)',19,380,'helm','Armor',0,0,0,0,0,0,0,0,1,3,'https://eldenring.fanapis.com/images/armors/17f699d92a4l0i0p6e4mw7zbfqkeg.png','-','-','-','-','-','-','-','-'),(715,'Nox Monk Hood (altered)',19,380,'helm','Armor',0,0,0,0,0,0,0,0,1,3,'https://eldenring.fanapis.com/images/armors/17f695ae069l0i0p6evp28kjw7adz.png','-','-','-','-','-','-','-','-'),(716,'Octopus Head',26,520,'helm','Armor',0,0,0,0,0,0,0,0,1,4,'https://eldenring.fanapis.com/images/armors/17f69324615l0i0p6gt2sref4mirp5.png','-','-','-','-','-','-','-','-'),(717,'Omen Helm',41,820,'helm','Armor',0,0,0,0,0,0,0,0,1,10,'https://eldenring.fanapis.com/images/armors/17f69a7deael0i0p6hpi51dx2py5hl.png','-','-','-','-','-','-','-','-'),(718,'Olivinus Glintstone Crown',30,600,'helm','Armor',0,0,0,0,0,0,0,0,1,5,'https://eldenring.fanapis.com/images/armors/17f695563b4l0i0p6mlnshe9rhzh9.png','-','-','-','-','-','-','-','-'),(719,'Perfumer Hood',21,420,'helm','Armor',0,0,0,0,0,0,0,0,1,2,'https://eldenring.fanapis.com/images/armors/17f69377609l0i0p7mo5tsrxhk8fdk.png','-','-','-','-','-','-','-','-'),(720,'Omensmirk Mask',22,440,'helm','Armor',0,0,0,0,0,0,0,0,1,3,'https://eldenring.fanapis.com/images/armors/17f692dcfb1l0i0p7mw9kqxmqm7c0q.png','-','-','-','-','-','-','-','-'),(721,'Preceptor\'s Big Hat',25,500,'helm','Armor',0,0,0,0,0,0,0,0,1,4,'https://eldenring.fanapis.com/images/armors/17f6990f151l0i0p7tsmtssx1tv9td.png','-','-','-','-','-','-','-','-'),(722,'Prisoner Iron Mask',40,800,'helm','Armor',0,0,0,0,0,0,0,0,1,9,'https://eldenring.fanapis.com/images/armors/17f69ba4560l0i0p804lmd51e27ehs.png','-','-','-','-','-','-','-','-'),(723,'Queen\'s Crescent Crown',21,420,'helm','Armor',0,0,0,0,0,0,0,0,1,2,'https://eldenring.fanapis.com/images/armors/17f6981d596l0i0p84hfsao6ec1p8.png','-','-','-','-','-','-','-','-'),(724,'Radahn Soldier Helm',26,520,'helm','Armor',0,0,0,0,0,0,0,0,1,4,'https://eldenring.fanapis.com/images/armors/17f698aba13l0i0p87xbw6nlaxenn9.png','-','-','-','-','-','-','-','-'),(725,'Page Hood',18,360,'helm','Armor',0,0,0,0,0,0,0,0,1,1,'https://eldenring.fanapis.com/images/armors/17f69ad87f2l0i0p87y2m1323df3es.png','-','-','-','-','-','-','-','-'),(726,'Prophet Blindfold',16,320,'helm','Armor',0,0,0,0,0,0,0,0,1,1,'https://eldenring.fanapis.com/images/armors/17f697a0522l0i0p88qkwigrnfp6v.png','-','-','-','-','-','-','-','-'),(727,'Pumpkin Helm',41,820,'helm','Armor',0,0,0,0,0,0,0,0,1,12,'https://eldenring.fanapis.com/images/armors/17f693478b3l0i0p8awadxwww5fst8.png','-','-','-','-','-','-','-','-'),(728,'Radahn\'s Redmane Helm',40,800,'helm','Armor',0,0,0,0,0,0,0,0,1,8,'https://eldenring.fanapis.com/images/armors/17f69b7510dl0i0p8bfux9j8o05xg8.png','-','-','-','-','-','-','-','-'),(729,'Ragged Hat (altered)',25,500,'helm','Armor',0,0,0,0,0,0,0,0,1,3,'https://eldenring.fanapis.com/images/armors/17f697a6871l0i0p9i0hdjvwr1ebxh.png','-','-','-','-','-','-','-','-'),(730,'Radiant Gold Mask',23,460,'helm','Armor',0,0,0,0,0,0,0,0,1,2,'https://eldenring.fanapis.com/images/armors/17f6999d504l0i0p9jkcrfb79ctv7h.png','-','-','-','-','-','-','-','-'),(731,'Ragged Hat',25,500,'helm','Armor',0,0,0,0,0,0,0,0,1,3,'https://eldenring.fanapis.com/images/armors/17f69b3596el0i0p9nbylvjd00fim.png','-','-','-','-','-','-','-','-'),(732,'Raya Lucarian Helm',25,500,'helm','Armor',0,0,0,0,0,0,0,0,1,4,'https://eldenring.fanapis.com/images/armors/17f69c1bdafl0i0p9ocg2s870qbrq.png','-','-','-','-','-','-','-','-'),(733,'Rotten Duelist Helm',35,700,'helm','Armor',0,0,0,0,0,0,0,0,1,6,'https://eldenring.fanapis.com/images/armors/17f698a2880l0i0p9pglobpdndw7xd.png','-','-','-','-','-','-','-','-'),(734,'Royal Remains Helm',27,540,'helm','Armor',0,0,0,0,0,0,0,0,1,5,'https://eldenring.fanapis.com/images/armors/17f695ad3ecl0i0p9tie3fytybrt8b.png','-','-','-','-','-','-','-','-'),(735,'Royal Knight Helm',39,780,'helm','Armor',0,0,0,0,0,0,0,0,1,7,'https://eldenring.fanapis.com/images/armors/17f695760cfl0i0p9urv4lp8v5mwz.png','-','-','-','-','-','-','-','-'),(736,'Redmane Knight Helm',30,600,'helm','Armor',0,0,0,0,0,0,0,0,1,5,'https://eldenring.fanapis.com/images/armors/17f6979b4acl0i0p9who5ky2mnwc4q.png','-','-','-','-','-','-','-','-'),(737,'Sacred Crown Helm',26,520,'helm','Armor',0,0,0,0,0,0,0,0,1,4,'https://eldenring.fanapis.com/images/armors/17f699ab645l0i0p9z4wypaxvz4tl.png','-','-','-','-','-','-','-','-'),(738,'Ruler\'s Mask',22,440,'helm','Armor',0,0,0,0,0,0,0,0,1,2,'https://eldenring.fanapis.com/images/armors/17f697f4960l0i0pa031j1doru2pae.png','-','-','-','-','-','-','-','-'),(739,'Scaled Helm',39,780,'helm','Armor',0,0,0,0,0,0,0,0,1,7,'https://eldenring.fanapis.com/images/armors/17f69b3bb2bl0i0pbejz4fvryrl9w.png','-','-','-','-','-','-','-','-'),(740,'Shining Horned Headband',21,420,'helm','Armor',0,0,0,0,0,0,0,0,1,3,'https://eldenring.fanapis.com/images/armors/17f698a3a2al0i0pbibwef45mrw4a8.png','-','-','-','-','-','-','-','-'),(741,'Sage Hood',23,460,'helm','Armor',0,0,0,0,0,0,0,0,1,2,'https://eldenring.fanapis.com/images/armors/17f693f6476l0i0pbix8kfz66j4wt.png','-','-','-','-','-','-','-','-'),(742,'Skeletal Mask',22,440,'helm','Armor',0,0,0,0,0,0,0,0,1,3,'https://eldenring.fanapis.com/images/armors/17f6959d0a8l0i0pbk3c7c2xgt23gn.png','-','-','-','-','-','-','-','-'),(743,'Snow Witch Hat',22,440,'helm','Armor',0,0,0,0,0,0,0,0,1,2,'https://eldenring.fanapis.com/images/armors/17f69397b4el0i0pbkuysa96kby3nk.png','-','-','-','-','-','-','-','-'),(744,'Spellblade\'s Pointed Hat',18,360,'helm','Armor',0,0,0,0,0,0,0,0,1,2,'https://eldenring.fanapis.com/images/armors/17f69351e86l0i0pbni6j7eg9mlcea.png','-','-','-','-','-','-','-','-'),(745,'Traveling Maiden Hood',19,380,'helm','Armor',0,0,0,0,0,0,0,0,1,2,'https://eldenring.fanapis.com/images/armors/17f693d5c9al0i0pboo1kteo1a27nd.png','-','-','-','-','-','-','-','-'),(746,'Silver Tear Mask',33,660,'helm','Armor',0,0,0,0,0,0,0,0,1,5,'https://eldenring.fanapis.com/images/armors/17f6955a164l0i0pbrirpnedg2w1ld.png','-','-','-','-','-','-','-','-'),(747,'Traveler\'s Hat',19,380,'helm','Armor',0,0,0,0,0,0,0,0,1,2,'https://eldenring.fanapis.com/images/armors/17f694f0b12l0i0pbxqhdacii1drzh.png','-','-','-','-','-','-','-','-'),(748,'Vulgar Militia Helm',25,500,'helm','Armor',0,0,0,0,0,0,0,0,1,4,'https://eldenring.fanapis.com/images/armors/17f696f1e7bl0i0pdc7gwd4aptvdb.png','-','-','-','-','-','-','-','-'),(749,'Witch\'s Glintstone Crown',31,620,'helm','Armor',0,0,0,0,0,0,0,0,1,5,'https://eldenring.fanapis.com/images/armors/17f695a182dl0i0pdc9aqxyoh0h4bl.png','-','-','-','-','-','-','-','-'),(750,'Twinsage Glintstone Crown',30,600,'helm','Armor',0,0,0,0,0,0,0,0,1,5,'https://eldenring.fanapis.com/images/armors/17f693df84bl0i0pddogyqqykhoixl.png','-','-','-','-','-','-','-','-'),(751,'White Mask',22,440,'helm','Armor',0,0,0,0,0,0,0,0,1,3,'https://eldenring.fanapis.com/images/armors/17f695fbe3cl0i0pdeuqbgchkcazkl.png','-','-','-','-','-','-','-','-'),(752,'Tree Sentinel Helm',42,840,'helm','Armor',0,0,0,0,0,0,0,0,1,8,'https://eldenring.fanapis.com/images/armors/17f6984cb7el0i0pdetbew8j94o0ra.png','-','-','-','-','-','-','-','-'),(753,'Twinned Helm',31,620,'helm','Armor',0,0,0,0,0,0,0,0,1,5,'https://eldenring.fanapis.com/images/armors/17f698af2f9l0i0pdfbvbx82n0r47l.png','-','-','-','-','-','-','-','-'),(754,'Vagabond Knight Helm',25,500,'helm','Armor',0,0,0,0,0,0,0,0,1,4,'https://eldenring.fanapis.com/images/armors/17f698fd2a7l0i0pdfklx6dladeexc.png','-','-','-','-','-','-','-','-'),(755,'Zamor Mask',24,480,'helm','Armor',0,0,0,0,0,0,0,0,1,4,'https://eldenring.fanapis.com/images/armors/17f69466705l0i0pdkl9qzvc1ca9lv.png','-','-','-','-','-','-','-','-'),(756,'Astrologer Trousers',40,800,'leg_armor','Armor',0,0,0,0,0,0,0,0,1,4,'https://eldenring.fanapis.com/images/armors/17f6975004bl0i0pf2ymcptcjn4xmk.png','-','-','-','-','-','-','-','-'),(757,'Bandit Boots',38,760,'leg_armor','Armor',0,0,0,0,0,0,0,0,1,4,'https://eldenring.fanapis.com/images/armors/17f6942cf80l0i0pf31ce2r8w9laqo.png','-','-','-','-','-','-','-','-'),(758,'Battlemage Legwraps',38,760,'leg_armor','Armor',0,0,0,0,0,0,0,0,1,3,'https://eldenring.fanapis.com/images/armors/17f6939586bl0i0pf342a1vm5kkewl.png','-','-','-','-','-','-','-','-'),(759,'Alberich\'s Trousers',38,760,'leg_armor','Armor',0,0,0,0,0,0,0,0,1,3,'https://eldenring.fanapis.com/images/armors/17f695b346dl0i0pf3f1fg240whfqc.png','-','-','-','-','-','-','-','-'),(760,'Aristocrat Boots',29,580,'leg_armor','Armor',0,0,0,0,0,0,0,0,1,3,'https://eldenring.fanapis.com/images/armors/17f6947003bl0i0pf3kslr4ap1hce.png','-','-','-','-','-','-','-','-'),(761,'Banished Knight Greaves',67,1340,'leg_armor','Armor',0,0,0,0,0,0,0,0,1,11,'https://eldenring.fanapis.com/images/armors/17f6971934fl0i0pf3xzqx2bx77g49.png','-','-','-','-','-','-','-','-'),(762,'Blackflame Monk Greave',42,840,'leg_armor','Armor',0,0,0,0,0,0,0,0,1,7,'https://eldenring.fanapis.com/images/armors/17f692d4de3l0i0pf68kg5ine04x3.png','-','-','-','-','-','-','-','-'),(763,'Beast Champion Greaves',67,1340,'leg_armor','Armor',0,0,0,0,0,0,0,0,1,11,'https://eldenring.fanapis.com/images/armors/17f69be35f5l0i0pf697dz3w77lres.png','-','-','-','-','-','-','-','-'),(764,'Blaidd\'s Greaves',56,1120,'leg_armor','Armor',0,0,0,0,0,0,0,0,1,9,'https://eldenring.fanapis.com/images/armors/17f698db294l0i0pfbl9pw0tl3d08i.png','-','-','-','-','-','-','-','-'),(765,'Blue Silver Mail Skirt',42,840,'leg_armor','Armor',0,0,0,0,0,0,0,0,1,6,'https://eldenring.fanapis.com/images/armors/17f69a9a3c2l0i0pgoafeupih2koyi.png','-','-','-','-','-','-','-','-'),(766,'Briar Greaves',51,1020,'leg_armor','Armor',0,0,0,0,0,0,0,0,1,7,'https://eldenring.fanapis.com/images/armors/17f69372895l0i0pgognb3zh05oyi.png','-','-','-','-','-','-','-','-'),(767,'Brave\'s Legwraps',40,800,'leg_armor','Armor',0,0,0,0,0,0,0,0,1,3,'https://eldenring.fanapis.com/images/armors/17f6955d1bbl0i0pgoujy78n1z704.png','-','-','-','-','-','-','-','-'),(768,'Commoner\'s Shoes',35,700,'leg_armor','Armor',0,0,0,0,0,0,0,0,1,2,'https://eldenring.fanapis.com/images/armors/17f692f026el0i0pgqn9h69g38vkus.png','-','-','-','-','-','-','-','-'),(769,'Carian Knight Greaves',49,980,'leg_armor','Armor',0,0,0,0,0,0,0,0,1,7,'https://eldenring.fanapis.com/images/armors/17f699dacd9l0i0pgr5dfa76ma68sc.png','-','-','-','-','-','-','-','-'),(770,'Cloth Trousers',35,700,'leg_armor','Armor',0,0,0,0,0,0,0,0,1,2,'https://eldenring.fanapis.com/images/armors/17f69b52568l0i0pgs8kizirn11qd.png','-','-','-','-','-','-','-','-'),(771,'Chain Leggings',41,820,'leg_armor','Armor',0,0,0,0,0,0,0,0,1,6,'https://eldenring.fanapis.com/images/armors/17f697261e6l0i0pgtgsp709nb4xsa.png','-','-','-','-','-','-','-','-'),(772,'Bloodhound Knight Greaves',47,940,'leg_armor','Armor',0,0,0,0,0,0,0,0,1,7,'https://eldenring.fanapis.com/images/armors/17f69b0ad55l0i0pgu633svhfssih.png','-','-','-','-','-','-','-','-'),(773,'Bull-goat Greaves',71,1420,'leg_armor','Armor',0,0,0,0,0,0,0,0,1,16,'https://eldenring.fanapis.com/images/armors/17f69387d24l0i0ph15szdiegzloyc.png','-','-','-','-','-','-','-','-'),(774,'Cuckoo Knight Greaves',51,1020,'leg_armor','Armor',0,0,0,0,0,0,0,0,1,7,'https://eldenring.fanapis.com/images/armors/17f69aef4b1l0i0phzyvuy1qjp4oel.png','-','-','-','-','-','-','-','-'),(775,'Crucible Greaves',63,1260,'leg_armor','Armor',0,0,0,0,0,0,0,0,1,10,'https://eldenring.fanapis.com/images/armors/17f69549e50l0i0pi11yunxsy375d.png','-','-','-','-','-','-','-','-'),(776,'Confessor Boots',41,820,'leg_armor','Armor',0,0,0,0,0,0,0,0,1,5,'https://eldenring.fanapis.com/images/armors/17f698d5444l0i0pi1ulnm1rc5qch.png','-','-','-','-','-','-','-','-'),(777,'Drake Knight Greaves',44,880,'leg_armor','Armor',0,0,0,0,0,0,0,0,1,6,'https://eldenring.fanapis.com/images/armors/17f698f9c24l0i0pi3v7okod63kwvu.png','-','-','-','-','-','-','-','-'),(778,'Consort\'s Trousers',38,760,'leg_armor','Armor',0,0,0,0,0,0,0,0,1,3,'https://eldenring.fanapis.com/images/armors/17f698f1219l0i0pi4a55qcqe1rcw3.png','-','-','-','-','-','-','-','-'),(779,'Deathbed Smalls',30,600,'leg_armor','Armor',0,0,0,0,0,0,0,0,1,2,'https://eldenring.fanapis.com/images/armors/17f6946190el0i0pi558gumllwjgl3.png','-','-','-','-','-','-','-','-'),(780,'Eccentric\'s Breeches',38,760,'leg_armor','Armor',0,0,0,0,0,0,0,0,1,5,'https://eldenring.fanapis.com/images/armors/17f69b4f744l0i0pi68q3ihx2ageaq.png','-','-','-','-','-','-','-','-'),(781,'Duelist Greaves',52,1040,'leg_armor','Armor',0,0,0,0,0,0,0,0,1,7,'https://eldenring.fanapis.com/images/armors/17f69c55725l0i0pi6oba1dev4bbv9.png','-','-','-','-','-','-','-','-'),(782,'Elden Lord Greaves',40,800,'leg_armor','Armor',0,0,0,0,0,0,0,0,1,6,'https://eldenring.fanapis.com/images/armors/17f699c49edl0i0pi88zl49rrgngf.png','-','-','-','-','-','-','-','-'),(783,'Depraved Perfumer Trousers',40,800,'leg_armor','Armor',0,0,0,0,0,0,0,0,1,4,'https://eldenring.fanapis.com/images/armors/17f6955c5eal0i0piah1du5rhvge9q.png','-','-','-','-','-','-','-','-'),(784,'Errant Sorcerer Boots',40,800,'leg_armor','Armor',0,0,0,0,0,0,0,0,1,3,'https://eldenring.fanapis.com/images/armors/17f699ef203l0i0pis7tqxak4y1zve.png','-','-','-','-','-','-','-','-'),(785,'Fire Prelate Greaves',72,1440,'leg_armor','Armor',0,0,0,0,0,0,0,0,1,15,'https://eldenring.fanapis.com/images/armors/17f69622f6cl0i0pjc05js9m9o7wja.png','-','-','-','-','-','-','-','-'),(786,'Fur Leggings',28,560,'leg_armor','Armor',0,0,0,0,0,0,0,0,1,3,'https://eldenring.fanapis.com/images/armors/17f699f81a1l0i0pjcgq6p492zwoh.png','-','-','-','-','-','-','-','-'),(787,'Fingerprint Greaves',45,900,'leg_armor','Armor',0,0,0,0,0,0,0,0,1,7,'https://eldenring.fanapis.com/images/armors/17f69508987l0i0pjd92xk2a5xm7lm.png','-','-','-','-','-','-','-','-'),(788,'Finger Maiden Shoes',36,720,'leg_armor','Armor',0,0,0,0,0,0,0,0,1,3,'https://eldenring.fanapis.com/images/armors/17f69a90f49l0i0pjdktrpgmf8dtki.png','-','-','-','-','-','-','-','-'),(789,'Exile Greaves',44,880,'leg_armor','Armor',0,0,0,0,0,0,0,0,1,6,'https://eldenring.fanapis.com/images/armors/17f699f6cc4l0i0pje4benasznz9h.png','-','-','-','-','-','-','-','-'),(790,'Foot Soldier Greaves',45,900,'leg_armor','Armor',0,0,0,0,0,0,0,0,1,5,'https://eldenring.fanapis.com/images/armors/17f695faf97l0i0pjg6918xct5zqg.png','-','-','-','-','-','-','-','-'),(791,'Gelmir Knight Greaves',52,1040,'leg_armor','Armor',0,0,0,0,0,0,0,0,1,7,'https://eldenring.fanapis.com/images/armors/17f6994cf13l0i0pjgx7fo0ts37s86.png','-','-','-','-','-','-','-','-'),(792,'Godrick Knight Greaves',51,1020,'leg_armor','Armor',0,0,0,0,0,0,0,0,1,7,'https://eldenring.fanapis.com/images/armors/17f697afca0l0i0pjke1nw6n59j3iy.png','-','-','-','-','-','-','-','-'),(793,'Fire Monk Greaves',21,420,'leg_armor','Armor',0,0,0,0,0,0,0,0,1,4,'https://eldenring.fanapis.com/images/armors/17f697daf0dl0i0pjmfakgpsp5901d.png','-','-','-','-','-','-','-','-'),(794,'Godrick Soldier Greaves',47,940,'leg_armor','Armor',0,0,0,0,0,0,0,0,1,7,'https://eldenring.fanapis.com/images/armors/17f69403682l0i0pjpag5hfhptfu1v.png','-','-','-','-','-','-','-','-'),(795,'Gold Waistwrap',42,840,'leg_armor','Armor',0,0,0,0,0,0,0,0,1,4,'https://eldenring.fanapis.com/images/armors/17f695a1a38l0i0pkr8gy43eps1rb8.png','-','-','-','-','-','-','-','-'),(796,'Haligtree Knight Greaves',50,1000,'leg_armor','Armor',0,0,0,0,0,0,0,0,1,7,'https://eldenring.fanapis.com/images/armors/17f69ba4982l0i0pkrcelbkbzjuebo.png','-','-','-','-','-','-','-','-'),(797,'Godskin Apostle Trousers',37,740,'leg_armor','Armor',0,0,0,0,0,0,0,0,1,3,'https://eldenring.fanapis.com/images/armors/17f695cd952l0i0pkshargec6vkeul.png','-','-','-','-','-','-','-','-'),(798,'Haligtree Greaves',46,920,'leg_armor','Armor',0,0,0,0,0,0,0,0,1,7,'https://eldenring.fanapis.com/images/armors/17f69a365f1l0i0pkskdokmb4aqac9.png','-','-','-','-','-','-','-','-'),(799,'Godskin Noble Trousers',40,806,'leg_armor','Armor',0,0,0,0,0,0,0,0,1,3,'https://eldenring.fanapis.com/images/armors/17f693efe45l0i0pksskfqwqpkblip.png','-','-','-','-','-','-','-','-'),(800,'Guardian Greaves',45,900,'leg_armor','Armor',0,0,0,0,0,0,0,0,1,6,'https://eldenring.fanapis.com/images/armors/17f692da083l0i0pkub9op7ur2bu7.png','-','-','-','-','-','-','-','-'),(801,'Knight Greaves',49,980,'leg_armor','Armor',0,0,0,0,0,0,0,0,1,7,'https://eldenring.fanapis.com/images/armors/17f6954422cl0i0pkw3x0jp3fcunxb.png','-','-','-','-','-','-','-','-'),(802,'Land Of Reeds Greaves',44,880,'leg_armor','Armor',0,0,0,0,0,0,0,0,1,5,'https://eldenring.fanapis.com/images/armors/17f6956f3cfl0i0pl04d031fv2ld7.png','-','-','-','-','-','-','-','-'),(803,'Leather Trousers',40,800,'leg_armor','Armor',0,0,0,0,0,0,0,0,1,6,'https://eldenring.fanapis.com/images/armors/17f692d6d3fl0i0plykz2nvpwtqx6q.png','-','-','-','-','-','-','-','-'),(804,'Leyndell Knight Greaves',50,1000,'leg_armor','Armor',0,0,0,0,0,0,0,0,1,7,'https://eldenring.fanapis.com/images/armors/17f6942a406l0i0pm0d0tqba0zfhdu.png','-','-','-','-','-','-','-','-'),(805,'Leyndell Soldier Greaves',47,940,'leg_armor','Armor',0,0,0,0,0,0,0,0,1,7,'https://eldenring.fanapis.com/images/armors/17f6941c186l0i0pm1lnb643gzk7eh.png','-','-','-','-','-','-','-','-'),(806,'Lionel\'s Greaves',70,1400,'leg_armor','Armor',0,0,0,0,0,0,0,0,1,13,'https://eldenring.fanapis.com/images/armors/17f6987f610l0i0pm1vzwigb76cu0m.png','-','-','-','-','-','-','-','-'),(807,'Malformed Dragon Greaves',64,1280,'leg_armor','Armor',0,0,0,0,0,0,0,0,1,10,'https://eldenring.fanapis.com/images/armors/17f6939b5a9l0i0pm2fy91us27d46j.png','-','-','-','-','-','-','-','-'),(808,'Malenia\'s Greaves',43,860,'leg_armor','Armor',0,0,0,0,0,0,0,0,1,6,'https://eldenring.fanapis.com/images/armors/17f6995b220l0i0pm3i22h6tm82k99.png','-','-','-','-','-','-','-','-'),(809,'Maliketh\'s Greaves',52,1040,'leg_armor','Armor',0,0,0,0,0,0,0,0,1,8,'https://eldenring.fanapis.com/images/armors/17f699a3975l0i0pm54n0l27gvvo5.png','-','-','-','-','-','-','-','-'),(810,'Mausoleum Greaves',47,940,'leg_armor','Armor',0,0,0,0,0,0,0,0,1,7,'https://eldenring.fanapis.com/images/armors/17f69a056cfl0i0pm6kq7y9ufxm2t.png','-','-','-','-','-','-','-','-'),(811,'Mausoleum Knight Greaves',51,1020,'leg_armor','Armor',0,0,0,0,0,0,0,0,1,7,'https://eldenring.fanapis.com/images/armors/17f69a4792dl0i0pm6tuxc3efvpc5h.png','-','-','-','-','-','-','-','-'),(812,'Old Sorcerer Legwraps',36,720,'leg_armor','Armor',0,0,0,0,0,0,0,0,1,3,'https://eldenring.fanapis.com/images/armors/17f69bf199dl0i0pn8qhruxql5jeou.png','-','-','-','-','-','-','-','-'),(813,'Nox Monk Greaves',48,962,'leg_armor','Armor',0,0,0,0,0,0,0,0,1,5,'https://eldenring.fanapis.com/images/armors/17f69820f0al0i0pnb1d742cf4p6ji.png','-','-','-','-','-','-','-','-'),(814,'Omenkiller Boots',37,740,'leg_armor','Armor',0,0,0,0,0,0,0,0,1,4,'https://eldenring.fanapis.com/images/armors/17f694ccf8bl0i0pnb11z5qi5zvmqri.png','-','-','-','-','-','-','-','-'),(815,'Nomadic Merchant\'s Trousers',36,720,'leg_armor','Armor',0,0,0,0,0,0,0,0,1,4,'https://eldenring.fanapis.com/images/armors/17f696781fbl0i0pnb8q58nbh8f7zd.png','-','-','-','-','-','-','-','-'),(816,'Page Trousers',38,760,'leg_armor','Armor',0,0,0,0,0,0,0,0,1,3,'https://eldenring.fanapis.com/images/armors/17f699914dal0i0pnbd82h1myfw47k.png','-','-','-','-','-','-','-','-'),(817,'Night\'s Cavalry Greaves',56,1120,'leg_armor','Armor',0,0,0,0,0,0,0,0,1,8,'https://eldenring.fanapis.com/images/armors/17f69584223l0i0pnc8qfej2bqj2yh.png','-','-','-','-','-','-','-','-'),(818,'Mushroom Legs',35,700,'leg_armor','Armor',0,0,0,0,0,0,0,0,1,3,'https://eldenring.fanapis.com/images/armors/17f696ee179l0i0pne15nwa4b5cn9q.png','-','-','-','-','-','-','-','-'),(819,'Omen Greaves',68,1360,'leg_armor','Armor',0,0,0,0,0,0,0,0,1,14,'https://eldenring.fanapis.com/images/armors/17f696699bal0i0pnhqgtwbmow6dsr.png','-','-','-','-','-','-','-','-'),(820,'Old Aristocrat Shoes',28,560,'leg_armor','Armor',0,0,0,0,0,0,0,0,1,2,'https://eldenring.fanapis.com/images/armors/17f69506269l0i0pnj7c4upe39du29.png','-','-','-','-','-','-','-','-'),(821,'Noble\'s Trousers',40,800,'leg_armor','Armor',0,0,0,0,0,0,0,0,1,4,'https://eldenring.fanapis.com/images/armors/17f6951005fl0i0pnljvpplac2f0bg.png','-','-','-','-','-','-','-','-'),(822,'Ragged Loincloth',36,720,'leg_armor','Armor',0,0,0,0,0,0,0,0,1,3,'https://eldenring.fanapis.com/images/armors/17f696a85bal0i0poje1hl0kjcvy48.png','-','-','-','-','-','-','-','-'),(823,'Perfumer Sarong',37,740,'leg_armor','Armor',0,0,0,0,0,0,0,0,1,3,'https://eldenring.fanapis.com/images/armors/17f6948eca0l0i0polm87e0y8owv0q.png','-','-','-','-','-','-','-','-'),(824,'Preceptor\'s Trousers',41,820,'leg_armor','Armor',0,0,0,0,0,0,0,0,1,4,'https://eldenring.fanapis.com/images/armors/17f695fa838l0i0pomm6s2dvz1m2gv.png','-','-','-','-','-','-','-','-'),(825,'Prophet Trousers',40,800,'leg_armor','Armor',0,0,0,0,0,0,0,0,1,3,'https://eldenring.fanapis.com/images/armors/17f6955fad0l0i0pomtthajgj5djj9.png','-','-','-','-','-','-','-','-'),(826,'Queen\'s Leggings',31,620,'leg_armor','Armor',0,0,0,0,0,0,0,0,1,2,'https://eldenring.fanapis.com/images/armors/17f69467bb4l0i0pon23cmftuh3stj.png','-','-','-','-','-','-','-','-'),(827,'Raya Lucarian Greaves',48,960,'leg_armor','Armor',0,0,0,0,0,0,0,0,1,7,'https://eldenring.fanapis.com/images/armors/17f695916ael0i0poomo5zw8rgcb.png','-','-','-','-','-','-','-','-'),(828,'Prisoner Trousers',35,700,'leg_armor','Armor',0,0,0,0,0,0,0,0,1,2,'https://eldenring.fanapis.com/images/armors/17f69734256l0i0pop4lrxhhalyism.png','-','-','-','-','-','-','-','-'),(829,'Radahn\'s Greaves',67,1340,'leg_armor','Armor',0,0,0,0,0,0,0,0,1,11,'https://eldenring.fanapis.com/images/armors/17f697c5049l0i0pox3ll9j2a4c9j.png','-','-','-','-','-','-','-','-'),(830,'Radahn Soldier Greaves',46,920,'leg_armor','Armor',0,0,0,0,0,0,0,0,1,7,'https://eldenring.fanapis.com/images/armors/17f694275f3l0i0poxfwbsjqcjmsq.png','-','-','-','-','-','-','-','-'),(831,'Royal Knight Greaves',65,1300,'leg_armor','Armor',0,0,0,0,0,0,0,0,1,10,'https://eldenring.fanapis.com/images/armors/17f6953773bl0i0pptul3bp3wpgwpm.png','-','-','-','-','-','-','-','-'),(832,'Ronin\'s Greaves',50,1000,'leg_armor','Armor',0,0,0,0,0,0,0,0,1,6,'https://eldenring.fanapis.com/images/armors/17f69926916l0i0ppuay8pv5dyeuhm.png','-','-','-','-','-','-','-','-'),(833,'Royal Remains Greaves',44,880,'leg_armor','Armor',0,0,0,0,0,0,0,0,1,7,'https://eldenring.fanapis.com/images/armors/17f6968ce06l0i0ppwtihb11ddohl.png','-','-','-','-','-','-','-','-'),(834,'Sage Trousers',38,760,'leg_armor','Armor',0,0,0,0,0,0,0,0,1,3,'https://eldenring.fanapis.com/images/armors/17f69338194l0i0ppyr6tos8ohwj6f.png','-','-','-','-','-','-','-','-'),(835,'Shaman Leggings',28,560,'leg_armor','Armor',0,0,0,0,0,0,0,0,1,3,'https://eldenring.fanapis.com/images/armors/17f69335b9cl0i0pq12v7srw2r2bo.png','-','-','-','-','-','-','-','-'),(836,'Snow Witch Skirt',39,780,'leg_armor','Armor',0,0,0,0,0,0,0,0,1,3,'https://eldenring.fanapis.com/images/armors/17f698e65e9l0i0pq2pl5205ajnfq8.png','-','-','-','-','-','-','-','-'),(837,'Scaled Greaves',64,1280,'leg_armor','Armor',0,0,0,0,0,0,0,0,1,10,'https://eldenring.fanapis.com/images/armors/17f696addc9l0i0pq2z3pa3ns5r3n8.png','-','-','-','-','-','-','-','-'),(838,'Rotten Duelist Greaves',50,1000,'leg_armor','Armor',0,0,0,0,0,0,0,0,1,7,'https://eldenring.fanapis.com/images/armors/17f694aee12l0i0pq3r741go0agkve.png','-','-','-','-','-','-','-','-'),(839,'Spellblade\'s Trousers',35,700,'leg_armor','Armor',0,0,0,0,0,0,0,0,1,3,'https://eldenring.fanapis.com/images/armors/17f695f474el0i0pq4ahf7oqqv96qc.png','-','-','-','-','-','-','-','-'),(840,'Sorcerer Leggings',22,440,'leg_armor','Armor',0,0,0,0,0,0,0,0,1,2,'https://eldenring.fanapis.com/images/armors/17f6937579el0i0pq4dn4l0mcnf8of.png','-','-','-','-','-','-','-','-'),(841,'Traveler\'s Slops',37,740,'leg_armor','Armor',0,0,0,0,0,0,0,0,1,3,'https://eldenring.fanapis.com/images/armors/17f69542e8fl0i0pr2zy2b4ue7gwb.png','-','-','-','-','-','-','-','-'),(842,'Traveler\'s Boots',39,780,'leg_armor','Armor',0,0,0,0,0,0,0,0,1,3,'https://eldenring.fanapis.com/images/armors/17f6994f78al0i0pr6h1pvaerk641i.png','-','-','-','-','-','-','-','-'),(843,'Traveling Maiden Boots',39,780,'leg_armor','Armor',0,0,0,0,0,0,0,0,1,3,'https://eldenring.fanapis.com/images/armors/17f69bca269l0i0pr7lry4j301atl.png','-','-','-','-','-','-','-','-'),(844,'Twinned Greaves',50,1000,'leg_armor','Armor',0,0,0,0,0,0,0,0,1,7,'https://eldenring.fanapis.com/images/armors/17f69359c78l0i0pr7xhn2h4bop5rd.png','-','-','-','-','-','-','-','-'),(845,'Tree Sentinel Greaves',69,1380,'leg_armor','Armor',0,0,0,0,0,0,0,0,1,12,'https://eldenring.fanapis.com/images/armors/17f6983e0c4l0i0pr8jcvho8sjpyrv.png','-','-','-','-','-','-','-','-'),(846,'War Surgeon Trousers',35,700,'leg_armor','Armor',0,0,0,0,0,0,0,0,1,4,'https://eldenring.fanapis.com/images/armors/17f6999dba9l0i0pr9eapst72vk1pi.png','-','-','-','-','-','-','-','-'),(847,'Warrior Greaves',40,800,'leg_armor','Armor',0,0,0,0,0,0,0,0,1,5,'https://eldenring.fanapis.com/images/armors/17f69b331cdl0i0prazfpca0hkqnwd.png','-','-','-','-','-','-','-','-'),(848,'Vagabond Knight Greaves',42,840,'leg_armor','Armor',0,0,0,0,0,0,0,0,1,6,'https://eldenring.fanapis.com/images/armors/17f69605a57l0i0prb6fehlfp6ir4g.png','-','-','-','-','-','-','-','-'),(849,'White Reed Greaves',44,880,'leg_armor','Armor',0,0,0,0,0,0,0,0,1,5,'https://eldenring.fanapis.com/images/armors/17f69593610l0i0prq4f20zg6h5g1w.png','-','-','-','-','-','-','-','-'),(850,'Zamor Legwraps',37,740,'leg_armor','Armor',0,0,0,0,0,0,0,0,1,5,'https://eldenring.fanapis.com/images/armors/17f695e6e41l0i0prslappmip8fo8i.png','-','-','-','-','-','-','-','-');
/*!40000 ALTER TABLE `item` ENABLE KEYS */;
UNLOCK TABLES;

--
-- Table structure for table `location`
--

DROP TABLE IF EXISTS `location`;
/*!40101 SET @saved_cs_client     = @@character_set_client */;
/*!50503 SET character_set_client = utf8mb4 */;
CREATE TABLE `location` (
  `idLocation` int NOT NULL AUTO_INCREMENT,
  `name` varchar(75) DEFAULT NULL,
  `description` varchar(160) DEFAULT NULL,
  PRIMARY KEY (`idLocation`)
) ENGINE=InnoDB AUTO_INCREMENT=14 DEFAULT CHARSET=utf8mb4 COLLATE=utf8mb4_0900_ai_ci;
/*!40101 SET character_set_client = @saved_cs_client */;

--
-- Dumping data for table `location`
--

LOCK TABLES `location` WRITE;
/*!40000 ALTER TABLE `location` DISABLE KEYS */;
INSERT INTO `location` VALUES (1,'Limgrave',''),(2,'Weeping Peninsula',''),(3,'Liurnia of the lakes',''),(4,'Caelid',''),(5,'Dragonbarrow',''),(6,'Altus Plateau',''),(7,'Mt. Gelmir',''),(8,'Capital Outskirts',''),(9,'Leyndell',''),(10,'Mountaintops of the giants',''),(11,'Forbidden Lands',''),(12,'Consecrated Snowfield',''),(13,'Miquella\'s Haligtree','');
/*!40000 ALTER TABLE `location` ENABLE KEYS */;
UNLOCK TABLES;

--
-- Table structure for table `move_type`
--

DROP TABLE IF EXISTS `move_type`;
/*!40101 SET @saved_cs_client     = @@character_set_client */;
/*!50503 SET character_set_client = utf8mb4 */;
CREATE TABLE `move_type` (
  `idType` int NOT NULL AUTO_INCREMENT,
  `name` varchar(45) NOT NULL,
  PRIMARY KEY (`idType`)
) ENGINE=InnoDB AUTO_INCREMENT=6 DEFAULT CHARSET=utf8mb4 COLLATE=utf8mb4_0900_ai_ci;
/*!40101 SET character_set_client = @saved_cs_client */;

--
-- Dumping data for table `move_type`
--

LOCK TABLES `move_type` WRITE;
/*!40000 ALTER TABLE `move_type` DISABLE KEYS */;
INSERT INTO `move_type` VALUES (1,'attack'),(2,'dodge'),(3,'heal'),(4,'block'),(5,'none');
/*!40000 ALTER TABLE `move_type` ENABLE KEYS */;
UNLOCK TABLES;

--
-- Table structure for table `quest`
--

DROP TABLE IF EXISTS `quest`;
/*!40101 SET @saved_cs_client     = @@character_set_client */;
/*!50503 SET character_set_client = utf8mb4 */;
CREATE TABLE `quest` (
  `idQuest` int NOT NULL AUTO_INCREMENT,
  `title` varchar(80) NOT NULL,
  `description` varchar(250) NOT NULL,
  `reqKills` int DEFAULT NULL,
  `reqItemCount` int DEFAULT NULL,
  `reqRunes` int DEFAULT NULL,
  `idItem` int DEFAULT NULL,
  `idEnemy` int DEFAULT NULL,
  `runeReward` int DEFAULT NULL,
  `locationIdReward` int DEFAULT NULL,
  `reqExploreCount` int DEFAULT NULL,
  `locationId` int DEFAULT NULL,
  `cooldown` int DEFAULT NULL,
  PRIMARY KEY (`idQuest`),
  KEY `fk_quest_location1_idx` (`locationIdReward`),
  KEY `fk_quest_location2_idx` (`locationId`),
  KEY `fk_quest_item1_idx` (`idItem`),
  KEY `fk_quest_enemy1_idx` (`idEnemy`),
  CONSTRAINT `fk_quest_enemy1` FOREIGN KEY (`idEnemy`) REFERENCES `enemy` (`idEnemy`),
  CONSTRAINT `fk_quest_item1` FOREIGN KEY (`idItem`) REFERENCES `item` (`idItem`),
  CONSTRAINT `fk_quest_location1` FOREIGN KEY (`locationIdReward`) REFERENCES `location` (`idLocation`),
  CONSTRAINT `fk_quest_location2` FOREIGN KEY (`locationId`) REFERENCES `location` (`idLocation`)
) ENGINE=InnoDB AUTO_INCREMENT=13 DEFAULT CHARSET=utf8mb4 COLLATE=utf8mb4_0900_ai_ci;
/*!40101 SET character_set_client = @saved_cs_client */;

--
-- Dumping data for table `quest`
--

LOCK TABLES `quest` WRITE;
/*!40000 ALTER TABLE `quest` DISABLE KEYS */;
INSERT INTO `quest` VALUES (1,'The worthy','Can you prove that you\'re worthy to join these lands?',0,0,0,NULL,NULL,4500,NULL,3,1,0),(2,'The battle','Good.. you\'ve seen enough for now.. but can you finish this next task?',2,0,0,NULL,2,0,NULL,1,1,0),(3,'Collectors collecting','Hmm.. show that you\'re worthy by collecting those resources..',0,0,12000,NULL,NULL,0,NULL,0,NULL,0),(4,'Demi-Human problem','Wow.. can you perhaps take care of this?',5,0,0,NULL,4,9500,NULL,2,1,0),(5,'Bones for bones','Varre told us about an annoying skeleton issue in the catacombs.. \nTake care of it!',3,0,6000,NULL,7,6000,NULL,0,NULL,0),(6,'Keep exploring','We need to find out more about this location.. do your best!',0,0,0,NULL,NULL,5000,NULL,5,1,0),(7,'The soldiers..','It seems like we have some problems with the foot soldiers of Godrik..',3,0,0,NULL,5,0,NULL,1,1,0),(8,'The knights..','Now we need to take care of the knights.. ugh..',2,0,0,NULL,6,0,NULL,1,1,0),(9,'Something big is waiting..','You know what you have to do.. be prepared.. *And don\'t die. . .*',1,0,25000,NULL,1,15000,2,0,NULL,0),(10,'Just to be sure..','For some reason it keeps reappearing.. deal with it!',2,0,0,NULL,1,15000,NULL,1,2,43200),(11,'New visuals','We\'ve reached a new area.. find out more about it!',0,0,27000,NULL,NULL,5000,NULL,5,2,0),(12,'Impossible?','I know.. I know.. we need to dig deeper.. NEW QUESTS WILL SOON BE AVAILABLE',0,0,0,NULL,NULL,0,NULL,1,3,0);
/*!40000 ALTER TABLE `quest` ENABLE KEYS */;
UNLOCK TABLES;

--
-- Table structure for table `quest_has_item`
--

DROP TABLE IF EXISTS `quest_has_item`;
/*!40101 SET @saved_cs_client     = @@character_set_client */;
/*!50503 SET character_set_client = utf8mb4 */;
CREATE TABLE `quest_has_item` (
  `idRel` int NOT NULL AUTO_INCREMENT,
  `idQuest` int NOT NULL,
  `idItem` int NOT NULL,
  `count` int NOT NULL,
  PRIMARY KEY (`idRel`),
  KEY `fk_quest_has_item_item1_idx` (`idItem`),
  KEY `fk_quest_has_item_quest1_idx` (`idQuest`),
  CONSTRAINT `fk_quest_has_item_item1` FOREIGN KEY (`idItem`) REFERENCES `item` (`idItem`),
  CONSTRAINT `fk_quest_has_item_quest1` FOREIGN KEY (`idQuest`) REFERENCES `quest` (`idQuest`)
) ENGINE=InnoDB AUTO_INCREMENT=23 DEFAULT CHARSET=utf8mb4 COLLATE=utf8mb4_0900_ai_ci;
/*!40101 SET character_set_client = @saved_cs_client */;

--
-- Dumping data for table `quest_has_item`
--

LOCK TABLES `quest_has_item` WRITE;
/*!40000 ALTER TABLE `quest_has_item` DISABLE KEYS */;
INSERT INTO `quest_has_item` VALUES (16,1,18,1),(17,1,764,1),(18,2,93,2),(19,2,751,1),(20,3,800,1),(21,5,100,1),(22,5,227,1);
/*!40000 ALTER TABLE `quest_has_item` ENABLE KEYS */;
UNLOCK TABLES;

--
-- Table structure for table `quest_has_user`
--

DROP TABLE IF EXISTS `quest_has_user`;
/*!40101 SET @saved_cs_client     = @@character_set_client */;
/*!50503 SET character_set_client = utf8mb4 */;
CREATE TABLE `quest_has_user` (
  `quest_idQuest` int NOT NULL,
  `user_idUser` varchar(80) NOT NULL,
  PRIMARY KEY (`quest_idQuest`,`user_idUser`),
  KEY `fk_quest_has_user_user1_idx` (`user_idUser`),
  KEY `fk_quest_has_user_quest1_idx` (`quest_idQuest`),
  CONSTRAINT `fk_quest_has_user_quest1` FOREIGN KEY (`quest_idQuest`) REFERENCES `quest` (`idQuest`),
  CONSTRAINT `fk_quest_has_user_user1` FOREIGN KEY (`user_idUser`) REFERENCES `user` (`idUser`)
) ENGINE=InnoDB DEFAULT CHARSET=utf8mb4 COLLATE=utf8mb4_0900_ai_ci;
/*!40101 SET character_set_client = @saved_cs_client */;

--
-- Dumping data for table `quest_has_user`
--

LOCK TABLES `quest_has_user` WRITE;
/*!40000 ALTER TABLE `quest_has_user` DISABLE KEYS */;
/*!40000 ALTER TABLE `quest_has_user` ENABLE KEYS */;
UNLOCK TABLES;

--
-- Table structure for table `quest_type`
--

DROP TABLE IF EXISTS `quest_type`;
/*!40101 SET @saved_cs_client     = @@character_set_client */;
/*!50503 SET character_set_client = utf8mb4 */;
CREATE TABLE `quest_type` (
  `idType` int NOT NULL AUTO_INCREMENT,
  `name` varchar(45) DEFAULT NULL,
  PRIMARY KEY (`idType`)
) ENGINE=InnoDB DEFAULT CHARSET=utf8mb4 COLLATE=utf8mb4_0900_ai_ci;
/*!40101 SET character_set_client = @saved_cs_client */;

--
-- Dumping data for table `quest_type`
--

LOCK TABLES `quest_type` WRITE;
/*!40000 ALTER TABLE `quest_type` DISABLE KEYS */;
/*!40000 ALTER TABLE `quest_type` ENABLE KEYS */;
UNLOCK TABLES;

--
-- Table structure for table `user`
--

DROP TABLE IF EXISTS `user`;
/*!40101 SET @saved_cs_client     = @@character_set_client */;
/*!50503 SET character_set_client = utf8mb4 */;
CREATE TABLE `user` (
  `idUser` varchar(80) NOT NULL,
  `username` varchar(100) CHARACTER SET utf8mb4 COLLATE utf8mb4_0900_ai_ci NOT NULL,
  `level` int NOT NULL,
  `xp` int NOT NULL,
  `souls` bigint NOT NULL,
  `vigor` int NOT NULL,
  `mind` int NOT NULL,
  `endurance` int NOT NULL,
  `strength` int NOT NULL,
  `dexterity` int NOT NULL,
  `intelligence` int NOT NULL,
  `faith` int NOT NULL,
  `arcane` int NOT NULL,
  `last_explore` bigint NOT NULL,
  `e_weapon` int DEFAULT NULL,
  `e_head` int DEFAULT NULL,
  `e_chest` int DEFAULT NULL,
  `e_legs` int DEFAULT NULL,
  `e_gauntlet` int DEFAULT NULL,
  `currentLocation` int NOT NULL,
  `maxLocation` int NOT NULL,
  `NG` int NOT NULL,
  `last_quest` bigint NOT NULL,
  PRIMARY KEY (`idUser`),
  KEY `fk_user_location1_idx` (`currentLocation`),
  KEY `fk_user_location2_idx` (`maxLocation`),
  CONSTRAINT `fk_user_location1` FOREIGN KEY (`currentLocation`) REFERENCES `location` (`idLocation`),
  CONSTRAINT `fk_user_location2` FOREIGN KEY (`maxLocation`) REFERENCES `location` (`idLocation`)
) ENGINE=InnoDB DEFAULT CHARSET=utf8mb4 COLLATE=utf8mb4_0900_ai_ci;
/*!40101 SET character_set_client = @saved_cs_client */;

--
-- Dumping data for table `user`
--

LOCK TABLES `user` WRITE;
/*!40000 ALTER TABLE `user` DISABLE KEYS */;
INSERT INTO `user` VALUES ('1024698460911452270','Unai',1,0,13329,12,11,13,12,15,9,8,8,1682755139,3586,3587,3593,3589,3590,1,1,0,0),('1056528709642899466','Beefycow',1,0,4652,13,11,13,12,15,9,8,8,1682272054,999,1000,1040,1002,1003,1,1,0,0),('1057001427660189726','Mars!',1,0,6226,10,14,8,11,10,7,16,10,1682272955,1043,1044,1045,1046,NULL,1,1,0,0),('1059514511528312912','Z14708',1,0,10752,16,11,14,17,15,9,8,8,1682659388,1748,1498,1489,1757,1599,1,1,0,1682659514),('1076825761027207239','kayden',1,0,6932,11,12,11,11,14,14,6,9,1682286871,1296,1297,1298,1299,NULL,1,1,0,0),('133297422402060288','Waspzie',1,0,10840,11,12,11,12,14,14,6,9,1682023656,407,408,409,410,412,1,1,0,0),('134086347278385152','DiscordLeviathan',1,0,0,10,11,10,9,13,9,8,14,0,124,125,126,127,128,1,1,0,0),('148555149147766784','Kinetos',1,0,11302,30,10,19,20,20,26,9,7,1682851766,3777,3690,3388,3257,3213,1,2,0,1682621965),('149906954569908224','Arkhaos',1,0,80974,31,10,11,25,13,9,15,7,1682832395,1912,1265,1807,565,559,2,2,0,1682364391),('165184522428612609','ISO',1,0,48643,30,11,25,18,15,9,22,8,1682593137,209,400,444,211,392,1,2,0,1682104838),('188527893356216320','Blizzy™',1,0,6947,15,10,11,14,13,9,9,7,1682200824,659,660,661,662,663,1,1,0,0),('189502209984167936','✨🔥असुर (Asura)🔥✨',1,0,2218,10,13,10,12,12,9,15,9,1682313654,1518,1519,1520,1521,1522,1,1,0,0),('190611913925722113','JaoLSL',1,0,6070,10,11,10,9,13,9,8,14,1681841734,136,137,138,139,140,1,1,0,0),('195544415543099392','GewoonRobbie',1,0,149766,31,10,18,38,17,9,18,7,1682851511,1235,2323,3464,1577,1515,1,2,0,1682334253),('199858430868062208','junny20',1,0,3714,12,12,22,26,16,11,22,10,1682800016,438,1354,552,486,2376,2,2,0,1682282858),('201376819373408256','DontForgetTheSun',1,0,27412,24,10,13,26,15,10,9,7,1682745011,2889,2861,2769,3652,2857,1,1,0,1682704033),('214510780710649857','PacifistPapy',1,0,3941,14,9,12,17,9,7,8,11,1682271509,967,968,976,NULL,970,1,1,0,0),('217206426446200833','EternalFlip',1,0,0,15,10,11,14,13,9,9,7,0,567,568,569,570,571,1,1,0,0),('224255946216439809','SaltyGamer',1,0,2426,14,9,12,17,9,7,8,11,1682273542,1062,1063,1064,NULL,1065,1,1,0,0),('227546742537715713','TanTan',1,0,6226,14,9,12,16,9,7,8,11,1682561268,2862,2863,2864,NULL,2865,1,1,0,0),('240285780717600769','Thorgeous777',1,0,33208,20,9,14,29,13,7,8,11,1682822824,3335,3182,3370,2892,2767,1,1,0,1682648871),('246074952271265793','Zach \"Sleepy\"',1,0,6776,14,9,12,16,9,7,8,11,1682271470,953,954,955,NULL,958,1,1,0,0),('247795500361711628','Shianryu',1,0,0,9,15,9,8,12,16,7,9,0,4117,4118,4119,4120,4121,1,1,0,0),('256600986187988992','Nikodga',1,0,6226,14,9,12,16,9,7,8,11,1681841006,129,130,131,NULL,132,1,1,0,0),('258329441745371148','Cade',1,0,3230,15,10,11,14,14,9,9,7,1682274754,1084,1085,1086,1087,1088,1,1,0,0),('266665421627850752','sourdough',1,0,77646,18,10,13,24,12,10,22,10,1682275749,182,252,228,58,253,1,2,0,1682020799),('286963263395332096','Cold.Exe',1,0,14558,16,9,12,26,12,7,8,11,1682456943,347,451,363,353,259,1,1,0,1682457170),('289112287250350080','Parthemonium',1,0,6382,15,10,11,14,13,9,9,7,1682255053,782,787,784,785,786,1,1,0,0),('312365113233506305','Loca',1,0,6382,12,11,13,12,15,9,8,8,1682272980,1049,1050,1051,1052,1055,1,1,0,0),('320998189010518026','willygsus',1,0,2426,15,9,12,16,9,7,8,11,1682271532,959,960,961,NULL,962,1,1,0,0),('321649314382348288','Janik',1,0,25528,12,11,13,12,15,9,8,8,1682809692,3189,3190,3191,3192,3193,1,1,0,0),('321823902735269888','JohnSo',1,0,6148,9,15,9,8,12,16,7,9,1682832232,4223,4224,4225,4226,4227,1,1,0,0),('326721633844854784','Kousou',1,0,6382,12,11,13,12,15,9,8,8,1682277454,1129,1130,1131,1132,1133,1,1,0,0),('328726757563957249','Gretletian',1,0,1242,11,12,11,10,16,10,8,9,0,119,120,121,122,123,1,1,0,0),('340604735860113412','memesoon',1,0,6226,14,9,12,16,9,7,8,11,1682212692,724,725,726,NULL,727,1,1,0,0),('347814112455294976','Vataxar',1,0,24039,17,13,10,12,12,9,24,9,1682682401,2964,2965,2970,3008,2968,1,1,0,1682682410),('348192503398137856','lekkomio',1,0,6947,15,10,11,14,13,9,9,7,1681852061,175,176,177,178,179,1,1,0,0),('348781333839085569','cube_m4st3r',1,0,23717,17,10,14,20,15,10,10,10,1682812825,3478,374,372,2795,376,1,1,0,1682774700),('366227643831418890','ikari',1,0,6382,12,11,13,12,15,9,8,8,1682298748,1438,1439,1440,1441,1442,1,1,0,0),('377285889619132418','Vexx',1,0,17724,10,10,10,30,10,10,14,10,1682084344,219,92,91,269,28,1,1,0,1682084402),('382919310596636684','Edgar',1,0,6932,12,11,13,12,15,9,8,8,1682271369,929,930,931,932,933,1,1,0,0),('398543370760355850','Bloodshade Dark',1,0,66349,23,10,10,22,10,10,10,10,1682793241,873,1896,1833,3188,3502,1,1,0,1682766553),('400258998718431232','Ted_',1,0,2460,15,10,11,15,13,9,9,7,1682271341,924,925,926,927,928,1,1,0,0),('401082070664871937','Themilklover',1,0,13402,14,9,12,16,9,7,8,11,1682278562,1072,1073,1074,NULL,1075,1,1,0,0),('419521976168611860','Fricka',1,0,28374,21,10,11,31,14,11,9,7,1682538597,2680,1335,1310,1365,1387,2,2,0,1682538732),('422465885442146325','Iuuuuu',1,0,6382,15,10,11,14,13,9,9,7,1682287438,1316,1317,1318,1319,1320,1,1,0,0),('431543762829836289','marzilla',1,0,57904,22,11,13,15,25,11,25,8,1682838356,3415,2801,4150,3977,3065,1,1,0,1682575210),('467886570012278784','Goldenjack',1,0,1910,12,11,13,13,15,9,8,8,1682271365,919,920,921,922,923,1,1,0,0),('473917098851303445','Fimplegump',1,0,0,14,9,12,16,9,7,8,11,0,910,911,912,NULL,913,1,1,0,0),('474374897544593438','Shadow2021',1,0,6382,12,11,13,12,15,9,8,8,1682271479,948,949,950,951,952,1,1,0,0),('477975994762788864','Artorias',1,0,10074,25,10,11,21,15,9,9,7,1682837092,1891,1865,1035,1098,1572,1,1,0,1682490772),('484777098737614881','Aqua X GH0ST',1,0,26624,17,9,12,17,9,7,8,11,1682299040,1327,1333,1334,NULL,1330,1,1,0,0),('504012760112168971','ORFtheLORD',1,0,0,14,9,12,16,9,7,8,11,0,1171,1172,1173,NULL,1174,1,1,0,0),('505266342337708032','Abysswalker',1,0,50586,27,12,20,26,16,13,8,8,1682805916,2730,3473,2078,1199,2501,1,1,0,1682679112),('510194128101834752','Grimmderwald',1,0,2991,14,9,12,17,9,7,8,11,1682271288,904,905,906,NULL,907,1,1,0,0),('520043139906666496','goobymcgooberstein',1,0,6382,15,10,11,14,13,9,9,7,1681876101,263,264,265,266,267,1,1,0,0),('526862331721023489','janiks_kamera',1,0,0,14,9,12,16,9,7,8,11,0,676,677,678,NULL,679,1,1,0,0),('536561289107865606','el12391',1,0,12543,14,11,13,16,15,14,8,8,1682275766,73,88,341,344,86,1,1,0,1681972374),('537757289331949590','NoisyThunder',1,0,701,13,13,10,17,12,9,18,9,1682851177,2703,3253,2710,2709,4034,1,1,0,0),('540869406318788612','Mario_7331',1,0,15400,20,9,15,30,12,7,8,11,1682849672,4255,3856,3691,1082,1070,1,1,0,1682360161),('544079994268418048','InsanelyPoorTrickshots',1,0,13879,15,10,11,14,13,9,9,7,1682048681,147,148,149,150,151,1,1,0,0),('560095699337740299','Mr_Tommies',1,0,0,14,9,12,16,9,7,8,11,0,778,779,780,NULL,781,1,1,0,0),('600353846685859840','yoko',1,0,3376,15,9,12,16,9,7,8,11,1682271500,963,964,965,NULL,966,1,1,0,0),('601057062851575823','Dread',1,0,7475,12,11,13,12,15,9,8,8,1681854910,193,194,195,196,197,1,1,0,0),('609471859263668332','eriklifts',1,0,6382,15,10,11,14,13,9,9,7,1682271394,935,936,937,938,939,1,1,0,0),('620226249448488981','Enigma',1,0,6226,14,9,12,16,9,7,8,11,1682576026,2934,2935,2936,NULL,2937,1,1,0,0),('630040605459873792','Aphy',1,0,6226,14,9,12,16,9,7,8,11,1682269578,47,48,49,NULL,50,1,1,0,0),('634851592050442260','WheelHunter84',1,0,14613,24,10,11,14,17,9,9,7,1682824772,4085,4184,4131,4181,4182,1,1,0,1682825005),('665427084050432000','⚒Nameless Blacksmith Deity⚒',1,0,68243,40,13,20,30,24,9,27,9,1682837232,2614,3851,2386,1472,2457,1,2,0,1682374788),('674640668303294527','Περιπλανώμενος Ιππότης|',1,0,37791,31,10,18,25,14,10,12,10,1682784351,2416,2121,1835,1204,2073,2,2,0,1682610290),('679355157003108352','🗡 Tiel~BT 🎭',1,0,63228,16,9,12,16,9,7,8,11,1682779898,2991,3584,3559,3538,2994,1,1,0,1682780141),('693329215654985809','𝒦𝑜𝓈𝓂𝑜𝓈',1,0,0,15,10,11,14,13,9,9,7,0,1793,1794,1795,1796,1797,1,1,0,0),('698053782457679934','Blade_25',1,0,2,17,10,11,14,13,9,9,7,1682454511,2284,2285,2286,2287,2288,1,1,0,0),('709658860897566780','ao',1,0,6382,15,10,11,14,13,9,9,7,1682800744,4045,4046,4047,4048,4049,1,1,0,0),('709964971294851101','Inverse',1,0,2488,14,11,13,14,15,9,8,8,1682445460,1366,1367,1368,1369,1370,1,1,0,0),('713109836426117200','HamZa',1,0,2501,17,9,12,16,9,7,8,11,1681988605,109,113,111,114,112,1,1,0,0),('714495212507889675','Negan Smith',1,0,6226,14,9,12,16,9,7,8,11,1682314646,1532,1533,1534,NULL,1535,1,1,0,0),('720204194627321877','That Guy',1,0,21704,13,11,13,16,18,9,8,8,1682578840,2236,2241,2530,2581,2240,1,1,0,1682569808),('737403481412993145','flutuas',1,0,0,15,10,11,14,13,9,9,7,0,1090,1091,1092,1093,1094,1,1,0,0),('740556213661597796','wryy',1,0,21127,20,11,16,12,18,9,8,8,1682609997,3129,1022,2503,2100,1997,1,1,0,1682610012),('745927987752468530','[VIP] DaneGCRL',1,0,11344,15,10,11,16,13,9,9,7,1682354489,1662,1663,1664,1665,1666,1,1,0,0),('755557102067646494','CrxssArk',1,0,2442,14,9,12,19,9,7,8,11,1682443080,2181,2182,2183,NULL,2184,1,1,0,0),('771413081679069254','blue fire wolf',1,0,6226,14,9,12,16,9,7,8,11,1682713027,3705,3706,3707,NULL,3708,1,1,0,0),('795368986513637396','$HADE',1,0,50974,19,9,12,34,10,7,8,11,1682797713,1268,2515,1817,1634,2077,2,2,0,1682615823),('798922676575797299','Architectus',1,0,16528,19,10,11,17,13,9,9,7,1682545311,36,37,38,39,532,1,1,0,0),('803729249407729686','Somebody',1,0,2684,10,15,9,8,12,16,7,9,1682271391,941,942,946,944,945,1,1,0,0),('808819889476468780','Zote The Mighty',1,0,116376,47,9,25,35,9,7,22,11,1682829227,1359,3607,1526,2096,1981,2,2,0,1682266349),('819968744993325127','Larry Norkk',1,0,6382,12,11,13,12,15,9,8,8,1682276524,1113,1114,1115,1116,1117,1,1,0,0),('824003990517317642','ori-o',1,0,6304,11,12,11,10,16,10,8,9,1682272125,1004,1005,1006,1007,1008,1,1,0,0),('836946258576539718','lit',1,0,6382,15,10,11,14,13,9,9,7,1682662585,3466,3467,3468,3469,3470,1,1,0,0),('840264783089631335','No_',1,0,180601,24,11,13,21,24,9,20,9,1682849001,2683,1245,1777,2112,2406,1,1,0,1682339421),('862068375563141151','vergil',1,0,23152,25,11,15,15,25,26,8,8,1682835152,623,NULL,1563,NULL,NULL,1,2,0,1682328514),('872204787289038858','Raspberry_',1,0,12608,11,12,11,10,16,10,8,9,1682283740,971,972,973,974,975,1,1,0,0),('883883059722731570','bababooie',1,0,3355,18,13,10,15,12,9,14,9,1682683874,1418,1419,1420,1421,1422,1,1,0,1682683856),('884169471739170856','HOSAIN',1,0,12452,14,9,12,16,9,7,8,11,1682286310,1276,1277,1278,NULL,1279,1,1,0,0),('894331058017951765','Mox',1,0,0,14,9,12,16,9,7,8,11,0,1125,1126,1127,NULL,1128,1,1,0,0),('898207633977278465','dark king',1,0,0,12,11,13,12,15,9,8,8,0,3749,3750,3751,3752,3753,1,1,0,0),('903035869445914654','Dark黑暗的',1,0,0,9,15,9,8,12,16,7,9,0,914,915,916,917,918,1,1,0,0),('907063019312390174','Moo',1,0,0,12,11,13,12,15,9,8,8,0,1225,1226,1227,1228,1229,1,1,0,0),('924824333262659705','alfbread',1,0,3763,12,10,10,10,10,10,10,10,1682106953,525,NULL,NULL,NULL,NULL,1,1,0,0),('936009974633611306','Yll',1,0,2314,17,9,12,16,9,7,8,11,1682440194,1866,1867,1876,NULL,1869,1,1,0,0),('936405195410264105','hollow89',1,0,32832,11,13,10,14,12,9,26,9,1682384566,1426,1788,1466,1457,1671,1,1,0,1682367111),('948961801557647381','Monkey D. Elmo',1,0,12764,12,11,13,12,15,9,8,8,1682623284,3230,3231,3232,3233,3234,1,1,0,0),('957706707721666622','Caboose',1,0,0,11,12,11,10,16,10,8,9,0,2690,2691,2692,2693,2694,1,1,0,0),('966924539483258911','Greatsword',1,0,6226,14,9,12,16,9,7,8,11,1682260748,813,814,815,NULL,816,1,1,0,0),('973123240039944222','nix',1,0,2386,10,10,10,12,10,10,10,10,1682307978,1380,NULL,NULL,NULL,NULL,1,1,0,0),('986309512371789894','Eazzy927',1,0,25711,18,11,16,18,21,9,8,8,1682735591,1313,1202,998,986,987,1,1,0,1682374818),('989187080640950332','S  A  M',1,0,1093,12,11,13,12,15,9,8,8,0,2190,2191,2192,2193,2194,1,1,0,0),('997119117200986173','Dog?',1,0,13102,23,10,11,32,15,9,9,7,1682824046,3141,3079,3316,3171,3023,1,2,0,1682776929);
/*!40000 ALTER TABLE `user` ENABLE KEYS */;
UNLOCK TABLES;

--
-- Table structure for table `user_encounter`
--

DROP TABLE IF EXISTS `user_encounter`;
/*!40101 SET @saved_cs_client     = @@character_set_client */;
/*!50503 SET character_set_client = utf8mb4 */;
CREATE TABLE `user_encounter` (
  `idRel` int NOT NULL AUTO_INCREMENT,
  `idEncounter` int NOT NULL,
  `idUser` varchar(80) NOT NULL,
  `idItem` int DEFAULT NULL,
  `extra` int DEFAULT NULL,
  PRIMARY KEY (`idRel`),
  KEY `fk_user_encounter_encounter1_idx` (`idEncounter`),
  KEY `fk_user_encounter_user1_idx` (`idUser`),
  KEY `fk_user_encounter_item1_idx` (`idItem`),
  CONSTRAINT `fk_user_encounter_encounter1` FOREIGN KEY (`idEncounter`) REFERENCES `encounter` (`idEncounter`),
  CONSTRAINT `fk_user_encounter_item1` FOREIGN KEY (`idItem`) REFERENCES `item` (`idItem`),
  CONSTRAINT `fk_user_encounter_user1` FOREIGN KEY (`idUser`) REFERENCES `user` (`idUser`)
) ENGINE=InnoDB AUTO_INCREMENT=11507 DEFAULT CHARSET=utf8mb4 COLLATE=utf8mb4_0900_ai_ci;
/*!40101 SET character_set_client = @saved_cs_client */;

--
-- Dumping data for table `user_encounter`
--

LOCK TABLES `user_encounter` WRITE;
/*!40000 ALTER TABLE `user_encounter` DISABLE KEYS */;
INSERT INTO `user_encounter` VALUES (308,28,'348192503398137856',NULL,0),(489,1,'520043139906666496',NULL,0),(2110,8,'400258998718431232',NULL,0),(2148,14,'320998189010518026',NULL,0),(2149,8,'320998189010518026',482,3),(2150,29,'320998189010518026',598,0),(2151,21,'320998189010518026',NULL,0),(2158,16,'1056528709642899466',NULL,0),(2183,22,'1056528709642899466',NULL,0),(2184,4,'1056528709642899466',423,0),(2282,20,'258329441745371148',NULL,0),(2732,29,'1076825761027207239',289,0),(3137,4,'973123240039944222',710,0),(3238,24,'189502209984167936',NULL,0),(5263,26,'709964971294851101',NULL,0),(5264,16,'709964971294851101',NULL,0),(5555,15,'286963263395332096',NULL,0),(5556,1,'286963263395332096',NULL,0),(5557,12,'286963263395332096',817,0),(5558,24,'286963263395332096',NULL,0),(10491,11,'679355157003108352',660,1),(10492,5,'679355157003108352',120,0),(10493,25,'679355157003108352',NULL,0),(10494,29,'679355157003108352',405,0),(11503,10,'537757289331949590',178,0),(11504,20,'537757289331949590',NULL,0),(11505,14,'537757289331949590',NULL,0),(11506,30,'537757289331949590',NULL,0);
/*!40000 ALTER TABLE `user_encounter` ENABLE KEYS */;
UNLOCK TABLES;

--
-- Table structure for table `user_has_item`
--

DROP TABLE IF EXISTS `user_has_item`;
/*!40101 SET @saved_cs_client     = @@character_set_client */;
/*!50503 SET character_set_client = utf8mb4 */;
CREATE TABLE `user_has_item` (
  `idRel` int NOT NULL AUTO_INCREMENT,
  `idUser` varchar(80) NOT NULL,
  `idItem` int NOT NULL,
  `level` int NOT NULL,
  `count` int NOT NULL,
  `value` int NOT NULL,
  PRIMARY KEY (`idRel`),
  KEY `fk_user_has_item_item1_idx` (`idItem`),
  KEY `fk_user_has_item_user_idx` (`idUser`),
  CONSTRAINT `fk_user_has_item_item1` FOREIGN KEY (`idItem`) REFERENCES `item` (`idItem`),
  CONSTRAINT `fk_user_has_item_user` FOREIGN KEY (`idUser`) REFERENCES `user` (`idUser`)
) ENGINE=InnoDB AUTO_INCREMENT=4268 DEFAULT CHARSET=utf8mb4 COLLATE=utf8mb4_0900_ai_ci;
/*!40101 SET character_set_client = @saved_cs_client */;

--
-- Dumping data for table `user_has_item`
--

LOCK TABLES `user_has_item` WRITE;
/*!40000 ALTER TABLE `user_has_item` DISABLE KEYS */;
INSERT INTO `user_has_item` VALUES (2,'377285889619132418',191,0,1,0),(6,'377285889619132418',333,0,1,0),(10,'377285889619132418',842,0,1,7),(11,'377285889619132418',18,0,2,0),(12,'377285889619132418',764,0,2,0),(17,'377285889619132418',574,0,1,0),(23,'377285889619132418',93,0,4,0),(24,'377285889619132418',751,0,2,0),(28,'377285889619132418',586,0,1,6),(29,'377285889619132418',11,0,1,0),(32,'377285889619132418',329,0,1,0),(33,'377285889619132418',654,0,1,0),(34,'377285889619132418',800,0,3,0),(36,'798922676575797299',173,0,1,0),(37,'798922676575797299',754,0,2,0),(38,'798922676575797299',502,0,1,0),(39,'798922676575797299',848,0,1,0),(40,'798922676575797299',591,0,1,0),(41,'798922676575797299',824,0,1,0),(42,'798922676575797299',225,0,1,0),(45,'377285889619132418',25,0,1,0),(46,'377285889619132418',225,0,1,0),(47,'630040605459873792',5,0,1,0),(48,'630040605459873792',619,0,1,0),(49,'630040605459873792',346,0,1,0),(50,'630040605459873792',533,0,1,0),(51,'266665421627850752',191,0,1,0),(52,'266665421627850752',246,0,2,0),(53,'377285889619132418',605,0,1,6),(54,'266665421627850752',115,0,1,1),(55,'266665421627850752',571,0,1,5),(56,'266665421627850752',18,0,2,0),(57,'266665421627850752',764,0,2,0),(58,'266665421627850752',807,0,1,0),(59,'266665421627850752',93,0,4,0),(60,'266665421627850752',751,0,2,0),(61,'266665421627850752',725,0,1,0),(62,'266665421627850752',40,0,2,0),(63,'266665421627850752',713,0,1,0),(64,'266665421627850752',800,0,3,0),(65,'798922676575797299',9,0,1,0),(73,'536561289107865606',207,0,1,0),(74,'536561289107865606',688,0,1,0),(75,'536561289107865606',416,0,1,0),(76,'536561289107865606',802,0,1,0),(77,'536561289107865606',558,0,1,0),(78,'536561289107865606',159,0,1,0),(79,'266665421627850752',116,0,1,0),(80,'266665421627850752',330,0,1,2),(81,'266665421627850752',58,0,1,3),(86,'536561289107865606',551,0,1,0),(87,'536561289107865606',630,0,1,0),(88,'536561289107865606',735,0,1,0),(90,'377285889619132418',777,0,1,0),(91,'377285889619132418',365,0,1,0),(92,'377285889619132418',709,0,1,0),(93,'377285889619132418',794,0,1,7),(95,'266665421627850752',518,0,1,5),(96,'266665421627850752',197,0,1,0),(97,'266665421627850752',599,0,1,0),(98,'266665421627850752',810,0,1,7),(99,'266665421627850752',836,0,1,0),(100,'266665421627850752',176,0,1,2),(101,'266665421627850752',292,0,1,0),(105,'266665421627850752',277,0,2,0),(106,'266665421627850752',325,0,2,0),(107,'266665421627850752',178,0,1,5),(108,'266665421627850752',164,0,1,0),(109,'713109836426117200',5,0,1,0),(110,'713109836426117200',619,0,1,0),(111,'713109836426117200',346,0,1,0),(112,'713109836426117200',533,0,1,0),(113,'713109836426117200',609,0,1,0),(114,'713109836426117200',777,0,1,0),(119,'328726757563957249',81,0,1,0),(120,'328726757563957249',618,0,1,0),(121,'328726757563957249',337,0,1,0),(122,'328726757563957249',847,0,1,0),(123,'328726757563957249',595,0,1,0),(124,'134086347278385152',93,0,1,0),(125,'134086347278385152',602,0,1,0),(126,'134086347278385152',322,0,1,0),(127,'134086347278385152',757,0,1,0),(128,'134086347278385152',515,0,1,0),(129,'256600986187988992',5,0,1,0),(130,'256600986187988992',619,0,1,0),(131,'256600986187988992',346,0,1,0),(132,'256600986187988992',533,0,1,0),(133,'256600986187988992',188,0,1,0),(134,'256600986187988992',42,0,1,0),(135,'256600986187988992',772,0,1,1),(136,'190611913925722113',93,0,1,0),(137,'190611913925722113',602,0,1,0),(138,'190611913925722113',322,0,1,0),(139,'190611913925722113',757,0,1,0),(140,'190611913925722113',515,0,1,0),(141,'190611913925722113',830,0,1,0),(142,'536561289107865606',384,0,1,0),(147,'544079994268418048',173,0,1,0),(148,'544079994268418048',754,0,1,0),(149,'544079994268418048',502,0,1,0),(150,'544079994268418048',848,0,1,0),(151,'544079994268418048',591,0,1,0),(152,'544079994268418048',234,0,1,0),(153,'266665421627850752',630,0,1,0),(154,'266665421627850752',388,0,1,0),(155,'266665421627850752',273,0,1,5),(157,'266665421627850752',327,0,1,0),(162,'266665421627850752',287,0,1,0),(166,'266665421627850752',169,0,1,0),(167,'266665421627850752',44,0,1,0),(168,'266665421627850752',810,0,1,2),(169,'266665421627850752',429,0,1,0),(170,'266665421627850752',155,0,1,0),(171,'266665421627850752',457,0,1,0),(175,'348192503398137856',173,0,1,0),(176,'348192503398137856',754,0,1,0),(177,'348192503398137856',502,0,1,0),(178,'348192503398137856',848,0,1,0),(179,'348192503398137856',591,0,1,0),(180,'348192503398137856',631,0,1,1),(181,'266665421627850752',143,0,1,0),(182,'266665421627850752',171,0,1,0),(183,'266665421627850752',100,0,1,0),(184,'266665421627850752',227,0,2,0),(185,'266665421627850752',710,0,1,1),(186,'165184522428612609',207,0,1,0),(187,'165184522428612609',688,0,1,0),(188,'165184522428612609',416,0,1,0),(189,'165184522428612609',802,0,1,0),(191,'165184522428612609',459,0,1,6),(193,'601057062851575823',207,0,1,0),(194,'601057062851575823',688,0,1,0),(195,'601057062851575823',416,0,1,0),(196,'601057062851575823',802,0,1,0),(197,'601057062851575823',558,0,1,0),(198,'601057062851575823',189,0,1,4),(199,'601057062851575823',549,0,1,0),(200,'165184522428612609',306,0,1,0),(207,'165184522428612609',8,0,1,0),(209,'165184522428612609',286,0,1,0),(210,'165184522428612609',18,0,1,0),(211,'165184522428612609',764,0,1,0),(213,'165184522428612609',734,0,1,6),(214,'165184522428612609',93,0,2,0),(215,'165184522428612609',751,0,1,0),(217,'165184522428612609',689,0,1,0),(218,'165184522428612609',423,0,1,2),(219,'377285889619132418',302,0,1,0),(220,'165184522428612609',423,0,2,0),(221,'165184522428612609',842,0,1,0),(222,'165184522428612609',717,0,1,0),(223,'377285889619132418',399,0,1,3),(224,'377285889619132418',73,0,1,0),(225,'165184522428612609',800,0,1,0),(226,'165184522428612609',361,0,1,0),(227,'165184522428612609',152,0,1,5),(228,'266665421627850752',326,0,1,0),(229,'266665421627850752',760,0,1,0),(230,'165184522428612609',96,0,2,0),(231,'165184522428612609',425,0,1,0),(232,'165184522428612609',74,0,1,5),(233,'165184522428612609',100,0,1,0),(234,'165184522428612609',227,0,2,0),(235,'165184522428612609',755,0,1,6),(236,'165184522428612609',137,0,1,0),(237,'266665421627850752',31,0,1,5),(238,'165184522428612609',658,0,1,6),(239,'165184522428612609',526,0,1,5),(240,'266665421627850752',29,0,1,0),(241,'266665421627850752',122,0,1,0),(242,'165184522428612609',200,0,2,0),(243,'165184522428612609',13,0,1,2),(244,'165184522428612609',815,0,1,0),(245,'165184522428612609',761,0,2,0),(246,'266665421627850752',298,0,1,6),(247,'266665421627850752',605,0,1,0),(248,'165184522428612609',528,0,1,0),(249,'165184522428612609',174,0,2,0),(250,'165184522428612609',461,0,1,0),(251,'266665421627850752',649,0,1,0),(252,'266665421627850752',738,0,1,9),(253,'266665421627850752',581,0,1,3),(254,'266665421627850752',402,0,1,0),(255,'266665421627850752',183,0,1,0),(256,'286963263395332096',5,0,1,0),(257,'286963263395332096',619,0,1,0),(258,'286963263395332096',346,0,1,0),(259,'286963263395332096',533,0,1,0),(260,'286963263395332096',129,0,1,0),(261,'266665421627850752',248,0,1,3),(262,'266665421627850752',523,0,1,0),(263,'520043139906666496',173,0,1,0),(264,'520043139906666496',754,0,1,0),(265,'520043139906666496',502,0,1,0),(266,'520043139906666496',848,0,1,0),(267,'520043139906666496',591,0,1,0),(268,'520043139906666496',635,0,1,0),(269,'377285889619132418',792,0,1,5),(270,'266665421627850752',174,0,1,1),(276,'165184522428612609',837,0,1,0),(277,'165184522428612609',216,0,1,0),(278,'165184522428612609',707,0,1,0),(280,'536561289107865606',623,0,1,0),(281,'536561289107865606',705,0,1,0),(282,'165184522428612609',773,0,1,0),(283,'165184522428612609',493,0,1,0),(284,'165184522428612609',394,0,1,4),(285,'165184522428612609',154,0,2,0),(286,'165184522428612609',88,0,1,0),(288,'165184522428612609',251,0,1,0),(289,'165184522428612609',693,0,1,0),(290,'165184522428612609',394,0,1,0),(291,'165184522428612609',186,0,2,0),(292,'165184522428612609',171,0,1,0),(293,'165184522428612609',828,0,1,1),(295,'266665421627850752',581,0,1,0),(296,'266665421627850752',61,0,1,0),(297,'165184522428612609',157,0,1,2),(298,'165184522428612609',118,0,1,0),(304,'165184522428612609',217,0,1,5),(305,'165184522428612609',60,0,2,0),(310,'165184522428612609',92,0,1,0),(311,'165184522428612609',428,0,1,3),(312,'536561289107865606',387,0,1,6),(313,'536561289107865606',705,0,1,6),(314,'165184522428612609',523,0,1,0),(315,'165184522428612609',494,0,1,0),(316,'165184522428612609',802,0,1,3),(317,'165184522428612609',406,0,1,0),(318,'165184522428612609',1,0,1,7),(319,'165184522428612609',225,0,1,0),(320,'165184522428612609',826,0,1,0),(321,'165184522428612609',788,0,1,0),(322,'165184522428612609',738,0,1,0),(324,'165184522428612609',605,0,1,0),(326,'165184522428612609',264,0,1,4),(327,'165184522428612609',65,0,1,0),(328,'165184522428612609',778,0,1,0),(329,'165184522428612609',434,0,1,4),(334,'165184522428612609',355,0,1,0),(335,'536561289107865606',622,0,1,0),(336,'536561289107865606',128,0,1,0),(337,'536561289107865606',389,0,1,5),(338,'165184522428612609',591,0,1,0),(339,'536561289107865606',654,0,1,3),(340,'536561289107865606',409,0,1,3),(341,'536561289107865606',392,0,1,4),(342,'536561289107865606',481,0,1,0),(343,'536561289107865606',18,0,1,0),(344,'536561289107865606',764,0,1,0),(347,'286963263395332096',136,0,1,0),(353,'286963263395332096',817,0,1,4),(354,'286963263395332096',645,0,1,0),(355,'286963263395332096',18,0,1,0),(356,'286963263395332096',764,0,1,0),(359,'286963263395332096',85,0,1,3),(360,'286963263395332096',93,0,2,0),(361,'286963263395332096',751,0,1,0),(362,'286963263395332096',810,0,1,4),(363,'286963263395332096',506,0,1,0),(364,'165184522428612609',501,0,1,0),(365,'286963263395332096',800,0,1,0),(366,'165184522428612609',457,0,1,0),(367,'165184522428612609',757,0,1,0),(368,'165184522428612609',574,0,1,0),(369,'165184522428612609',218,0,1,3),(370,'165184522428612609',450,0,1,0),(371,'348781333839085569',191,0,1,0),(372,'348781333839085569',423,0,1,0),(373,'348781333839085569',674,0,1,0),(374,'348781333839085569',748,0,1,0),(375,'348781333839085569',54,0,1,0),(376,'348781333839085569',519,0,1,0),(377,'536561289107865606',205,0,1,0),(378,'536561289107865606',187,0,1,0),(379,'536561289107865606',93,0,2,0),(380,'536561289107865606',751,0,1,0),(385,'165184522428612609',362,0,1,0),(386,'165184522428612609',476,0,1,0),(387,'165184522428612609',52,0,1,0),(388,'165184522428612609',194,0,1,0),(389,'165184522428612609',694,0,2,0),(390,'165184522428612609',115,0,1,3),(392,'165184522428612609',316,0,1,5),(393,'165184522428612609',796,0,2,0),(394,'165184522428612609',402,0,2,0),(395,'165184522428612609',228,0,1,0),(396,'165184522428612609',71,0,1,0),(397,'165184522428612609',424,0,1,4),(399,'165184522428612609',311,0,2,0),(400,'165184522428612609',666,0,1,7),(401,'165184522428612609',808,0,1,0),(402,'165184522428612609',640,0,1,2),(403,'165184522428612609',307,0,1,4),(404,'165184522428612609',309,0,1,0),(405,'165184522428612609',831,0,1,2),(406,'165184522428612609',59,0,1,4),(407,'133297422402060288',269,0,1,0),(408,'133297422402060288',722,0,1,0),(409,'133297422402060288',464,0,1,0),(410,'133297422402060288',828,0,1,0),(411,'133297422402060288',265,0,1,2),(412,'133297422402060288',600,0,1,0),(413,'286963263395332096',245,0,1,0),(414,'266665421627850752',774,0,1,0),(415,'266665421627850752',161,0,1,0),(416,'266665421627850752',208,0,1,0),(417,'165184522428612609',23,0,1,0),(418,'165184522428612609',327,0,1,0),(419,'266665421627850752',408,0,1,0),(420,'165184522428612609',300,0,1,0),(421,'165184522428612609',763,0,1,3),(422,'266665421627850752',715,0,1,5),(423,'165184522428612609',446,0,1,0),(424,'165184522428612609',321,0,1,6),(425,'286963263395332096',592,0,1,0),(426,'286963263395332096',846,0,1,0),(427,'165184522428612609',845,0,1,0),(428,'165184522428612609',671,0,1,0),(429,'165184522428612609',507,0,1,3),(430,'165184522428612609',285,0,1,0),(431,'165184522428612609',636,0,1,0),(432,'165184522428612609',672,0,2,0),(438,'199858430868062208',188,0,1,2),(442,'165184522428612609',430,0,1,0),(444,'165184522428612609',365,0,1,0),(446,'165184522428612609',644,0,1,3),(447,'165184522428612609',161,0,1,5),(448,'165184522428612609',589,0,1,0),(449,'165184522428612609',429,0,1,0),(451,'286963263395332096',626,0,1,0),(452,'286963263395332096',623,0,1,0),(453,'286963263395332096',97,0,1,0),(454,'286963263395332096',607,0,1,0),(455,'286963263395332096',25,0,1,0),(456,'286963263395332096',817,0,2,0),(459,'165184522428612609',126,0,1,4),(460,'165184522428612609',163,0,1,0),(461,'165184522428612609',235,0,1,0),(466,'165184522428612609',343,0,1,2),(469,'286963263395332096',726,0,1,0),(470,'544079994268418048',72,0,1,0),(471,'544079994268418048',170,0,1,4),(472,'165184522428612609',172,0,1,0),(482,'165184522428612609',735,0,1,3),(483,'165184522428612609',134,0,1,0),(484,'165184522428612609',646,0,1,0),(485,'165184522428612609',371,0,1,0),(486,'199858430868062208',773,0,1,0),(491,'266665421627850752',413,0,1,0),(492,'266665421627850752',453,0,1,3),(497,'165184522428612609',698,0,1,0),(498,'165184522428612609',557,0,1,0),(499,'165184522428612609',843,0,1,0),(500,'377285889619132418',360,0,1,0),(506,'165184522428612609',339,0,1,0),(508,'165184522428612609',470,0,1,0),(509,'165184522428612609',388,0,1,0),(521,'165184522428612609',358,0,1,2),(522,'165184522428612609',397,0,1,0),(523,'165184522428612609',346,0,1,6),(524,'165184522428612609',246,0,1,0),(525,'924824333262659705',191,0,1,0),(526,'924824333262659705',576,0,1,0),(529,'165184522428612609',410,0,1,0),(532,'798922676575797299',566,0,1,0),(533,'798922676575797299',25,0,1,0),(534,'798922676575797299',208,0,1,2),(535,'798922676575797299',781,0,1,0),(536,'165184522428612609',267,0,1,0),(537,'165184522428612609',711,0,1,0),(539,'165184522428612609',106,0,1,5),(543,'165184522428612609',346,0,1,0),(544,'165184522428612609',59,0,1,0),(545,'165184522428612609',297,0,1,0),(552,'199858430868062208',392,0,1,0),(553,'165184522428612609',557,0,1,4),(554,'165184522428612609',164,0,1,0),(555,'149906954569908224',173,0,1,0),(556,'149906954569908224',754,0,1,0),(557,'149906954569908224',502,0,1,0),(558,'149906954569908224',848,0,1,0),(559,'149906954569908224',591,0,1,0),(560,'149906954569908224',625,0,1,0),(564,'149906954569908224',18,0,1,0),(565,'149906954569908224',764,0,1,0),(566,'149906954569908224',9,0,1,1),(567,'217206426446200833',173,0,1,0),(568,'217206426446200833',754,0,1,0),(569,'217206426446200833',502,0,1,0),(570,'217206426446200833',848,0,1,0),(571,'217206426446200833',591,0,1,0),(572,'149906954569908224',93,0,2,0),(573,'149906954569908224',751,0,1,0),(576,'149906954569908224',5,0,1,0),(577,'149906954569908224',12,0,1,0),(578,'149906954569908224',290,0,1,2),(586,'195544415543099392',615,0,1,3),(587,'149906954569908224',56,0,1,5),(588,'149906954569908224',800,0,1,0),(623,'862068375563141151',119,0,1,6),(628,'149906954569908224',682,0,1,0),(629,'149906954569908224',670,0,1,0),(634,'808819889476468780',395,0,1,0),(638,'149906954569908224',27,0,1,5),(645,'165184522428612609',98,0,1,0),(649,'808819889476468780',525,0,1,7),(653,'195544415543099392',50,0,1,7),(659,'188527893356216320',173,0,1,0),(660,'188527893356216320',754,0,1,0),(661,'188527893356216320',502,0,1,0),(662,'188527893356216320',848,0,1,0),(663,'188527893356216320',591,0,1,0),(666,'149906954569908224',135,0,1,1),(667,'149906954569908224',13,0,2,0),(676,'526862331721023489',5,0,1,0),(677,'526862331721023489',619,0,1,0),(678,'526862331721023489',346,0,1,0),(679,'526862331721023489',533,0,1,0),(682,'808819889476468780',764,0,4,0),(693,'195544415543099392',568,0,1,0),(712,'808819889476468780',138,0,2,0),(721,'808819889476468780',753,0,1,4),(724,'340604735860113412',5,0,1,0),(725,'340604735860113412',619,0,1,0),(726,'340604735860113412',346,0,1,0),(727,'340604735860113412',533,0,1,0),(728,'340604735860113412',73,0,1,0),(729,'340604735860113412',109,0,1,0),(730,'340604735860113412',314,0,1,0),(738,'808819889476468780',42,0,1,0),(744,'808819889476468780',592,0,2,0),(746,'808819889476468780',801,0,1,0),(747,'808819889476468780',693,0,2,0),(771,'195544415543099392',799,0,1,0),(778,'560095699337740299',5,0,1,0),(779,'560095699337740299',619,0,1,0),(780,'560095699337740299',346,0,1,0),(781,'560095699337740299',533,0,1,0),(782,'289112287250350080',173,0,1,0),(783,'289112287250350080',754,0,1,0),(784,'289112287250350080',502,0,1,0),(785,'289112287250350080',848,0,1,0),(786,'289112287250350080',591,0,1,0),(787,'289112287250350080',677,0,1,3),(788,'289112287250350080',672,0,1,0),(789,'289112287250350080',286,0,1,0),(795,'195544415543099392',68,0,1,1),(804,'808819889476468780',330,0,2,0),(806,'808819889476468780',576,0,1,3),(807,'808819889476468780',668,0,1,0),(810,'808819889476468780',496,0,3,0),(811,'808819889476468780',313,0,1,0),(812,'808819889476468780',310,0,2,0),(813,'966924539483258911',5,0,1,0),(814,'966924539483258911',619,0,1,0),(815,'966924539483258911',346,0,1,0),(816,'966924539483258911',533,0,1,0),(817,'966924539483258911',680,0,1,0),(822,'808819889476468780',535,0,3,0),(823,'808819889476468780',546,0,1,0),(824,'808819889476468780',501,0,1,2),(825,'808819889476468780',339,0,1,0),(827,'195544415543099392',396,0,2,0),(829,'808819889476468780',652,0,1,0),(830,'808819889476468780',528,0,1,5),(834,'195544415543099392',127,0,1,0),(836,'808819889476468780',849,0,2,0),(842,'808819889476468780',698,0,1,0),(843,'808819889476468780',386,0,1,0),(844,'808819889476468780',745,0,2,0),(847,'195544415543099392',591,0,1,0),(848,'195544415543099392',625,0,1,0),(849,'195544415543099392',649,0,1,0),(850,'808819889476468780',538,0,1,0),(851,'808819889476468780',32,0,2,0),(852,'808819889476468780',642,0,1,0),(855,'505266342337708032',207,0,1,0),(856,'505266342337708032',688,0,1,0),(858,'505266342337708032',802,0,1,0),(859,'505266342337708032',558,0,1,0),(860,'149906954569908224',46,0,1,0),(869,'195544415543099392',574,0,1,0),(870,'195544415543099392',616,0,1,0),(871,'398543370760355850',191,0,1,0),(872,'195544415543099392',553,0,1,0),(873,'398543370760355850',154,0,1,6),(874,'862068375563141151',728,0,1,0),(875,'149906954569908224',427,0,1,6),(876,'808819889476468780',428,0,1,6),(877,'808819889476468780',804,0,1,0),(880,'195544415543099392',802,0,1,3),(881,'149906954569908224',100,0,1,0),(882,'149906954569908224',227,0,2,0),(883,'149906954569908224',768,0,1,0),(884,'149906954569908224',835,0,1,0),(887,'630040605459873792',764,0,1,0),(888,'808819889476468780',493,0,1,0),(889,'808819889476468780',483,0,1,3),(896,'808819889476468780',643,0,1,0),(897,'808819889476468780',47,0,2,0),(898,'808819889476468780',522,0,1,0),(899,'398543370760355850',77,0,1,0),(900,'398543370760355850',273,0,1,0),(901,'398543370760355850',611,0,2,0),(904,'510194128101834752',5,0,1,0),(905,'510194128101834752',619,0,1,0),(906,'510194128101834752',346,0,1,0),(907,'510194128101834752',533,0,1,0),(908,'510194128101834752',433,0,1,0),(909,'510194128101834752',130,0,1,0),(910,'473917098851303445',5,0,1,0),(911,'473917098851303445',619,0,1,0),(912,'473917098851303445',346,0,1,0),(913,'473917098851303445',533,0,1,0),(914,'903035869445914654',119,0,1,0),(915,'903035869445914654',606,0,1,0),(916,'903035869445914654',321,0,1,0),(917,'903035869445914654',756,0,1,0),(918,'903035869445914654',514,0,1,0),(919,'467886570012278784',207,0,1,0),(920,'467886570012278784',688,0,1,0),(921,'467886570012278784',416,0,1,0),(922,'467886570012278784',802,0,1,0),(923,'467886570012278784',558,0,1,0),(924,'400258998718431232',173,0,1,0),(925,'400258998718431232',754,0,1,0),(926,'400258998718431232',502,0,1,0),(927,'400258998718431232',848,0,1,0),(928,'400258998718431232',591,0,1,0),(929,'382919310596636684',207,0,1,0),(930,'382919310596636684',688,0,1,0),(931,'382919310596636684',416,0,1,0),(932,'382919310596636684',802,0,1,0),(933,'382919310596636684',558,0,1,0),(934,'467886570012278784',264,0,1,6),(935,'609471859263668332',173,0,1,0),(936,'609471859263668332',754,0,1,0),(937,'609471859263668332',502,0,1,0),(938,'609471859263668332',848,0,1,0),(939,'609471859263668332',591,0,1,0),(940,'382919310596636684',824,0,1,0),(941,'803729249407729686',119,0,1,0),(942,'803729249407729686',606,0,1,0),(943,'803729249407729686',321,0,1,0),(944,'803729249407729686',756,0,1,0),(945,'803729249407729686',514,0,1,0),(946,'803729249407729686',314,0,1,4),(947,'803729249407729686',211,0,1,0),(948,'474374897544593438',207,0,1,0),(949,'474374897544593438',688,0,1,0),(950,'474374897544593438',416,0,1,0),(951,'474374897544593438',802,0,1,0),(952,'474374897544593438',558,0,1,0),(953,'246074952271265793',5,0,1,0),(954,'246074952271265793',619,0,1,0),(955,'246074952271265793',346,0,1,0),(956,'246074952271265793',533,0,1,0),(957,'246074952271265793',175,0,1,0),(958,'246074952271265793',528,0,1,0),(959,'320998189010518026',5,0,1,0),(960,'320998189010518026',619,0,1,0),(961,'320998189010518026',346,0,1,0),(962,'320998189010518026',533,0,1,0),(963,'600353846685859840',5,0,1,0),(964,'600353846685859840',619,0,1,0),(965,'600353846685859840',346,0,1,0),(966,'600353846685859840',533,0,1,0),(967,'214510780710649857',5,0,1,0),(968,'214510780710649857',619,0,1,0),(969,'214510780710649857',346,0,1,0),(970,'214510780710649857',533,0,1,0),(971,'872204787289038858',81,0,1,0),(972,'872204787289038858',618,0,1,0),(973,'872204787289038858',337,0,1,0),(974,'872204787289038858',847,0,1,0),(975,'872204787289038858',595,0,1,0),(976,'214510780710649857',455,0,1,0),(977,'214510780710649857',241,0,1,5),(978,'872204787289038858',211,0,1,0),(979,'872204787289038858',821,0,1,0),(980,'320998189010518026',118,0,1,0),(981,'320998189010518026',157,0,1,0),(983,'986309512371789894',207,0,1,0),(984,'986309512371789894',688,0,1,0),(985,'986309512371789894',416,0,1,0),(986,'986309512371789894',802,0,1,0),(987,'986309512371789894',558,0,1,0),(988,'540869406318788612',5,0,1,0),(989,'540869406318788612',619,0,1,0),(991,'540869406318788612',533,0,1,0),(992,'540869406318788612',245,0,1,8),(993,'540869406318788612',783,0,1,0),(994,'540869406318788612',575,0,2,0),(995,'540869406318788612',264,0,1,0),(996,'986309512371789894',148,0,1,0),(997,'986309512371789894',163,0,2,0),(998,'986309512371789894',332,0,1,0),(999,'1056528709642899466',207,0,1,0),(1000,'1056528709642899466',688,0,1,0),(1001,'1056528709642899466',416,0,1,0),(1002,'1056528709642899466',802,0,1,0),(1003,'1056528709642899466',558,0,1,0),(1004,'824003990517317642',81,0,1,0),(1005,'824003990517317642',618,0,1,0),(1006,'824003990517317642',337,0,1,0),(1007,'824003990517317642',847,0,1,0),(1008,'824003990517317642',595,0,1,0),(1009,'824003990517317642',545,0,1,7),(1010,'824003990517317642',225,0,1,0),(1011,'148555149147766784',173,0,1,0),(1016,'149906954569908224',83,0,1,0),(1019,'320998189010518026',482,0,1,3),(1020,'320998189010518026',598,0,1,0),(1021,'740556213661597796',207,0,1,0),(1022,'740556213661597796',688,0,1,0),(1025,'740556213661597796',558,0,1,0),(1027,'986309512371789894',380,0,1,0),(1030,'674640668303294527',191,0,1,0),(1031,'808819889476468780',507,0,1,0),(1032,'808819889476468780',233,0,1,0),(1033,'477975994762788864',173,0,1,0),(1034,'477975994762788864',754,0,1,0),(1035,'477975994762788864',502,0,1,0),(1036,'477975994762788864',848,0,1,0),(1037,'477975994762788864',591,0,1,0),(1038,'477975994762788864',294,0,1,0),(1039,'477975994762788864',732,0,1,1),(1040,'1056528709642899466',423,0,1,0),(1041,'540869406318788612',39,0,2,0),(1042,'540869406318788612',742,0,1,2),(1043,'1057001427660189726',234,0,1,0),(1044,'1057001427660189726',726,0,1,0),(1045,'1057001427660189726',463,0,1,0),(1046,'1057001427660189726',825,0,1,0),(1047,'398543370760355850',828,0,1,2),(1048,'1057001427660189726',16,0,1,0),(1049,'312365113233506305',207,0,1,0),(1050,'312365113233506305',688,0,1,0),(1051,'312365113233506305',416,0,1,0),(1052,'312365113233506305',802,0,1,0),(1053,'312365113233506305',558,0,1,0),(1054,'312365113233506305',246,0,1,0),(1055,'312365113233506305',587,0,1,0),(1056,'195544415543099392',599,0,1,0),(1059,'540869406318788612',24,0,1,0),(1060,'540869406318788612',105,0,1,0),(1062,'224255946216439809',5,0,1,0),(1063,'224255946216439809',619,0,1,0),(1064,'224255946216439809',346,0,1,0),(1065,'224255946216439809',533,0,1,0),(1066,'224255946216439809',362,0,1,2),(1067,'224255946216439809',390,0,1,0),(1068,'224255946216439809',355,0,1,0),(1069,'540869406318788612',318,0,1,1),(1070,'540869406318788612',580,0,1,0),(1071,'540869406318788612',110,0,1,0),(1072,'401082070664871937',5,0,1,0),(1073,'401082070664871937',619,0,1,0),(1074,'401082070664871937',346,0,1,0),(1075,'401082070664871937',533,0,1,0),(1077,'477975994762788864',626,0,1,0),(1078,'149906954569908224',2,0,1,0),(1079,'149906954569908224',517,0,1,0),(1080,'149906954569908224',700,0,1,3),(1081,'540869406318788612',18,0,1,0),(1082,'540869406318788612',764,0,1,0),(1083,'808819889476468780',273,0,1,0),(1084,'258329441745371148',173,0,1,0),(1085,'258329441745371148',754,0,1,0),(1086,'258329441745371148',502,0,1,0),(1087,'258329441745371148',848,0,1,0),(1088,'258329441745371148',591,0,1,0),(1089,'258329441745371148',450,0,1,0),(1090,'737403481412993145',173,0,1,0),(1091,'737403481412993145',754,0,1,0),(1092,'737403481412993145',502,0,1,0),(1093,'737403481412993145',848,0,1,0),(1094,'737403481412993145',591,0,1,0),(1096,'149906954569908224',280,0,1,0),(1097,'477975994762788864',18,0,1,0),(1098,'477975994762788864',764,0,1,0),(1099,'540869406318788612',93,0,2,0),(1100,'540869406318788612',751,0,1,0),(1101,'477975994762788864',587,0,1,0),(1102,'808819889476468780',567,0,1,7),(1103,'808819889476468780',423,0,1,0),(1104,'808819889476468780',469,0,1,0),(1105,'266665421627850752',205,0,1,0),(1106,'266665421627850752',259,0,1,0),(1107,'536561289107865606',606,0,1,2),(1109,'505266342337708032',676,0,1,0),(1111,'505266342337708032',787,0,1,0),(1112,'674640668303294527',566,0,1,0),(1113,'819968744993325127',207,0,1,0),(1114,'819968744993325127',688,0,1,0),(1115,'819968744993325127',416,0,1,0),(1116,'819968744993325127',802,0,1,0),(1117,'819968744993325127',558,0,2,0),(1118,'540869406318788612',800,0,1,0),(1119,'819968744993325127',491,0,1,4),(1120,'819968744993325127',7,0,1,0),(1121,'819968744993325127',81,0,1,0),(1122,'808819889476468780',210,0,1,0),(1123,'808819889476468780',168,0,2,0),(1124,'540869406318788612',194,0,1,0),(1125,'894331058017951765',5,0,1,0),(1126,'894331058017951765',619,0,1,0),(1127,'894331058017951765',346,0,1,0),(1128,'894331058017951765',533,0,1,0),(1129,'326721633844854784',207,0,1,0),(1130,'326721633844854784',688,0,1,0),(1131,'326721633844854784',416,0,1,0),(1132,'326721633844854784',802,0,1,0),(1133,'326721633844854784',558,0,1,0),(1134,'505266342337708032',549,0,1,0),(1136,'505266342337708032',848,0,1,0),(1140,'840264783089631335',802,0,1,0),(1141,'840264783089631335',558,0,1,0),(1142,'326721633844854784',154,0,1,0),(1143,'326721633844854784',478,0,1,5),(1144,'808819889476468780',94,0,2,0),(1148,'634851592050442260',173,0,2,0),(1149,'634851592050442260',754,0,1,0),(1150,'634851592050442260',502,0,1,0),(1151,'634851592050442260',848,0,1,0),(1152,'634851592050442260',591,0,1,0),(1153,'634851592050442260',309,0,1,0),(1154,'634851592050442260',705,0,1,0),(1163,'398543370760355850',801,0,1,0),(1164,'398543370760355850',233,0,1,0),(1165,'398543370760355850',18,0,1,0),(1166,'398543370760355850',764,0,2,0),(1168,'986309512371789894',472,0,1,0),(1169,'401082070664871937',76,0,1,0),(1170,'540869406318788612',549,0,1,0),(1171,'504012760112168971',5,0,1,0),(1172,'504012760112168971',619,0,1,0),(1173,'504012760112168971',346,0,1,0),(1174,'504012760112168971',533,0,1,0),(1175,'149906954569908224',176,0,2,0),(1177,'505266342337708032',693,0,1,0),(1178,'505266342337708032',664,0,2,0),(1179,'808819889476468780',731,0,1,0),(1180,'808819889476468780',558,0,1,0),(1182,'840264783089631335',770,0,1,0),(1184,'477975994762788864',265,0,1,0),(1185,'477975994762788864',822,0,1,0),(1187,'795368986513637396',5,0,1,0),(1188,'795368986513637396',619,0,1,0),(1189,'795368986513637396',346,0,1,0),(1190,'795368986513637396',533,0,1,0),(1191,'540869406318788612',342,0,1,0),(1192,'149906954569908224',758,0,1,0),(1193,'149906954569908224',808,0,1,0),(1194,'540869406318788612',100,0,2,0),(1195,'540869406318788612',227,0,1,0),(1197,'840264783089631335',729,0,2,0),(1198,'505266342337708032',18,0,1,0),(1199,'505266342337708032',764,0,1,0),(1200,'986309512371789894',828,0,1,0),(1201,'986309512371789894',358,0,1,0),(1202,'986309512371789894',751,0,2,0),(1203,'674640668303294527',102,0,1,1),(1204,'674640668303294527',796,0,1,2),(1205,'477975994762788864',803,0,1,0),(1208,'505266342337708032',492,0,1,0),(1213,'149906954569908224',142,0,1,0),(1214,'986309512371789894',841,0,1,0),(1215,'398543370760355850',828,0,1,0),(1216,'398543370760355850',450,0,1,0),(1218,'840264783089631335',636,0,1,6),(1219,'840264783089631335',18,0,1,0),(1220,'840264783089631335',764,0,1,0),(1221,'808819889476468780',368,0,2,0),(1222,'808819889476468780',463,0,1,0),(1223,'808819889476468780',417,0,1,0),(1224,'808819889476468780',232,0,2,0),(1225,'907063019312390174',207,0,1,0),(1226,'907063019312390174',688,0,1,0),(1227,'907063019312390174',416,0,1,0),(1228,'907063019312390174',802,0,1,0),(1229,'907063019312390174',558,0,1,0),(1233,'840264783089631335',93,0,2,0),(1234,'840264783089631335',751,0,1,0),(1235,'195544415543099392',64,0,1,0),(1236,'195544415543099392',184,0,1,3),(1237,'540869406318788612',292,0,1,0),(1238,'540869406318788612',487,0,1,0),(1239,'986309512371789894',780,0,1,0),(1240,'986309512371789894',602,0,1,0),(1241,'540869406318788612',453,0,1,0),(1244,'840264783089631335',600,0,1,4),(1245,'840264783089631335',685,0,1,0),(1246,'398543370760355850',713,0,1,0),(1247,'808819889476468780',752,0,2,0),(1248,'808819889476468780',336,0,2,0),(1249,'808819889476468780',844,0,2,0),(1250,'398543370760355850',749,0,1,0),(1251,'195544415543099392',516,0,1,0),(1252,'540869406318788612',426,0,1,0),(1257,'840264783089631335',815,0,1,0),(1258,'795368986513637396',105,0,1,0),(1259,'540869406318788612',157,0,1,0),(1260,'840264783089631335',633,0,1,0),(1261,'840264783089631335',800,0,1,0),(1262,'540869406318788612',510,0,1,3),(1263,'195544415543099392',38,0,1,0),(1264,'195544415543099392',417,0,1,0),(1265,'149906954569908224',678,0,1,2),(1266,'872204787289038858',170,0,1,0),(1267,'872204787289038858',271,0,1,2),(1268,'795368986513637396',47,0,1,4),(1269,'505266342337708032',578,0,1,0),(1271,'808819889476468780',842,0,1,0),(1272,'808819889476468780',675,0,1,4),(1273,'808819889476468780',402,0,2,0),(1274,'795368986513637396',454,0,1,0),(1275,'795368986513637396',575,0,1,0),(1276,'884169471739170856',5,0,1,0),(1277,'884169471739170856',619,0,1,0),(1278,'884169471739170856',346,0,1,0),(1279,'884169471739170856',533,0,1,0),(1280,'884169471739170856',76,0,1,0),(1281,'195544415543099392',818,0,1,0),(1282,'195544415543099392',585,0,1,0),(1287,'808819889476468780',184,0,1,4),(1288,'808819889476468780',547,0,1,4),(1289,'195544415543099392',576,0,1,0),(1290,'195544415543099392',376,0,1,0),(1291,'195544415543099392',642,0,1,7),(1292,'195544415543099392',114,0,1,0),(1293,'884169471739170856',713,0,1,0),(1294,'884169471739170856',605,0,1,0),(1296,'1076825761027207239',269,0,1,0),(1297,'1076825761027207239',722,0,1,0),(1298,'1076825761027207239',464,0,1,0),(1299,'1076825761027207239',828,0,1,0),(1300,'1076825761027207239',296,0,1,2),(1301,'1076825761027207239',539,0,1,0),(1302,'1076825761027207239',564,0,1,0),(1303,'1076825761027207239',589,0,1,0),(1304,'1076825761027207239',76,0,1,2),(1310,'419521976168611860',468,0,1,0),(1311,'419521976168611860',180,0,1,0),(1312,'986309512371789894',13,0,1,5),(1313,'986309512371789894',285,0,1,5),(1314,'195544415543099392',302,0,3,0),(1315,'1076825761027207239',289,0,1,0),(1316,'422465885442146325',173,0,1,0),(1317,'422465885442146325',754,0,1,0),(1318,'422465885442146325',502,0,1,0),(1319,'422465885442146325',848,0,1,0),(1320,'422465885442146325',591,0,1,0),(1321,'422465885442146325',306,0,1,0),(1322,'422465885442146325',511,0,1,4),(1323,'422465885442146325',699,0,1,5),(1324,'808819889476468780',641,0,1,0),(1325,'808819889476468780',148,0,1,0),(1326,'808819889476468780',435,0,1,1),(1327,'484777098737614881',5,0,1,0),(1330,'484777098737614881',533,0,1,0),(1333,'484777098737614881',728,0,1,0),(1334,'484777098737614881',446,0,1,2),(1335,'419521976168611860',652,0,1,0),(1338,'808819889476468780',156,0,3,0),(1339,'634851592050442260',489,0,1,0),(1340,'634851592050442260',671,0,1,0),(1341,'634851592050442260',81,0,1,3),(1344,'665427084050432000',605,0,1,0),(1347,'986309512371789894',568,0,1,0),(1348,'986309512371789894',319,0,1,8),(1349,'484777098737614881',436,0,1,2),(1350,'808819889476468780',256,0,1,0),(1354,'199858430868062208',621,0,1,0),(1358,'808819889476468780',688,0,1,0),(1359,'808819889476468780',14,0,1,3),(1360,'165184522428612609',514,0,1,0),(1361,'165184522428612609',38,0,1,0),(1362,'986309512371789894',18,0,1,0),(1363,'986309512371789894',764,0,1,0),(1365,'419521976168611860',764,0,1,0),(1366,'709964971294851101',207,0,1,0),(1367,'709964971294851101',688,0,1,0),(1368,'709964971294851101',416,0,1,0),(1369,'709964971294851101',802,0,1,0),(1370,'709964971294851101',558,0,1,0),(1371,'709964971294851101',723,0,1,5),(1376,'808819889476468780',565,0,2,0),(1377,'808819889476468780',323,0,1,3),(1378,'634851592050442260',666,0,1,0),(1379,'986309512371789894',189,0,1,0),(1380,'973123240039944222',191,0,1,0),(1381,'808819889476468780',387,0,2,0),(1382,'808819889476468780',113,0,1,0),(1383,'808819889476468780',134,0,2,0),(1384,'986309512371789894',230,0,1,3),(1385,'484777098737614881',472,0,1,2),(1387,'419521976168611860',580,0,1,0),(1389,'986309512371789894',346,0,1,0),(1390,'986309512371789894',108,0,1,0),(1392,'808819889476468780',317,0,1,0),(1395,'986309512371789894',93,0,2,0),(1396,'986309512371789894',232,0,1,0),(1410,'665427084050432000',441,0,1,2),(1411,'808819889476468780',146,0,1,0),(1412,'808819889476468780',410,0,1,3),(1413,'808819889476468780',203,0,2,0),(1414,'419521976168611860',29,0,1,0),(1418,'883883059722731570',224,0,1,0),(1419,'883883059722731570',628,0,1,0),(1420,'883883059722731570',355,0,1,0),(1421,'883883059722731570',776,0,1,0),(1422,'883883059722731570',531,0,1,0),(1423,'883883059722731570',21,0,1,5),(1426,'936405195410264105',224,0,1,0),(1427,'936405195410264105',628,0,1,0),(1428,'936405195410264105',355,0,1,0),(1429,'936405195410264105',776,0,1,0),(1430,'936405195410264105',531,0,1,0),(1432,'986309512371789894',149,0,1,2),(1433,'986309512371789894',340,0,1,0),(1436,'808819889476468780',196,0,1,0),(1437,'808819889476468780',157,0,2,0),(1438,'366227643831418890',207,0,1,0),(1439,'366227643831418890',688,0,1,0),(1440,'366227643831418890',416,0,1,0),(1441,'366227643831418890',802,0,1,0),(1442,'366227643831418890',558,0,1,0),(1443,'366227643831418890',407,0,1,2),(1444,'366227643831418890',303,0,1,7),(1447,'484777098737614881',397,0,1,4),(1448,'484777098737614881',653,0,1,0),(1449,'808819889476468780',596,0,1,0),(1450,'665427084050432000',682,0,2,0),(1451,'808819889476468780',664,0,2,0),(1452,'808819889476468780',441,0,1,0),(1453,'936405195410264105',229,0,1,0),(1455,'936405195410264105',272,0,1,0),(1456,'936405195410264105',172,0,1,0),(1457,'936405195410264105',785,0,1,0),(1458,'808819889476468780',624,0,1,0),(1459,'936405195410264105',716,0,1,3),(1460,'936405195410264105',588,0,1,0),(1461,'808819889476468780',248,0,2,0),(1462,'808819889476468780',284,0,1,5),(1463,'808819889476468780',610,0,3,0),(1464,'808819889476468780',779,0,1,5),(1466,'936405195410264105',365,0,1,4),(1467,'936405195410264105',76,0,1,0),(1469,'665427084050432000',467,0,3,0),(1470,'936405195410264105',6,0,1,0),(1471,'808819889476468780',491,0,1,0),(1472,'665427084050432000',845,0,1,0),(1474,'808819889476468780',703,0,1,0),(1475,'808819889476468780',57,0,1,0),(1479,'808819889476468780',284,0,1,0),(1480,'973123240039944222',182,0,1,0),(1481,'973123240039944222',710,0,1,0),(1484,'665427084050432000',539,0,1,3),(1487,'1059514511528312912',207,0,1,0),(1488,'1059514511528312912',688,0,1,0),(1489,'1059514511528312912',416,0,1,0),(1490,'1059514511528312912',802,0,1,0),(1491,'1059514511528312912',558,0,1,0),(1492,'808819889476468780',524,0,2,0),(1493,'808819889476468780',314,0,1,2),(1494,'808819889476468780',533,0,2,0),(1495,'149906954569908224',690,0,1,0),(1496,'149906954569908224',640,0,1,1),(1497,'149906954569908224',667,0,1,4),(1498,'1059514511528312912',673,0,1,0),(1500,'808819889476468780',43,0,1,0),(1501,'808819889476468780',222,0,1,0),(1502,'665427084050432000',779,0,2,0),(1504,'195544415543099392',458,0,1,0),(1505,'808819889476468780',240,0,1,3),(1506,'1059514511528312912',95,0,1,0),(1507,'1059514511528312912',42,0,1,4),(1508,'1059514511528312912',16,0,1,0),(1509,'840264783089631335',14,0,1,0),(1514,'665427084050432000',558,0,1,5),(1515,'195544415543099392',581,0,1,0),(1516,'195544415543099392',602,0,1,0),(1517,'195544415543099392',162,0,1,0),(1518,'189502209984167936',224,0,1,0),(1519,'189502209984167936',628,0,1,0),(1520,'189502209984167936',355,0,1,0),(1521,'189502209984167936',776,0,1,0),(1522,'189502209984167936',531,0,1,0),(1523,'189502209984167936',509,0,1,0),(1524,'189502209984167936',581,0,1,0),(1525,'808819889476468780',784,0,1,0),(1526,'808819889476468780',495,0,1,0),(1527,'808819889476468780',692,0,1,0),(1531,'195544415543099392',290,0,1,2),(1532,'714495212507889675',5,0,1,0),(1533,'714495212507889675',619,0,1,0),(1534,'714495212507889675',346,0,1,0),(1535,'714495212507889675',533,0,1,0),(1536,'714495212507889675',681,0,1,0),(1537,'808819889476468780',360,0,2,0),(1538,'808819889476468780',516,0,2,0),(1539,'195544415543099392',53,0,1,0),(1540,'665427084050432000',255,0,1,0),(1542,'195544415543099392',642,0,1,0),(1543,'195544415543099392',781,0,1,5),(1544,'986309512371789894',800,0,1,0),(1545,'195544415543099392',480,0,1,4),(1546,'195544415543099392',217,0,1,1),(1547,'986309512371789894',100,0,1,0),(1548,'986309512371789894',676,0,1,0),(1549,'665427084050432000',225,0,1,0),(1551,'674640668303294527',164,0,1,2),(1554,'986309512371789894',34,0,1,0),(1555,'986309512371789894',251,0,1,0),(1558,'195544415543099392',622,0,1,4),(1559,'195544415543099392',138,0,1,0),(1563,'862068375563141151',428,0,1,0),(1572,'477975994762788864',592,0,1,0),(1573,'665427084050432000',633,0,1,0),(1574,'477975994762788864',93,0,2,0),(1575,'477975994762788864',751,0,1,0),(1576,'505266342337708032',187,0,1,0),(1577,'195544415543099392',845,0,1,0),(1578,'195544415543099392',753,0,1,0),(1579,'195544415543099392',216,0,1,3),(1580,'665427084050432000',148,0,1,0),(1582,'1059514511528312912',155,0,1,3),(1588,'1059514511528312912',62,0,1,0),(1589,'1059514511528312912',663,0,1,3),(1593,'795368986513637396',748,0,1,0),(1594,'795368986513637396',217,0,1,0),(1595,'195544415543099392',306,0,2,0),(1596,'674640668303294527',18,0,1,0),(1597,'674640668303294527',764,0,3,0),(1598,'195544415543099392',817,0,3,0),(1599,'1059514511528312912',532,0,1,0),(1600,'674640668303294527',110,0,1,0),(1601,'674640668303294527',657,0,1,0),(1602,'674640668303294527',599,0,1,4),(1603,'674640668303294527',93,0,2,0),(1604,'674640668303294527',751,0,2,0),(1605,'808819889476468780',199,0,1,0),(1606,'808819889476468780',97,0,2,0),(1607,'808819889476468780',712,0,1,0),(1608,'808819889476468780',584,0,1,0),(1609,'195544415543099392',291,0,1,3),(1610,'195544415543099392',58,0,1,0),(1611,'674640668303294527',103,0,1,0),(1612,'674640668303294527',316,0,1,0),(1613,'195544415543099392',155,0,1,0),(1614,'195544415543099392',262,0,1,0),(1615,'674640668303294527',614,0,1,0),(1616,'195544415543099392',94,0,1,0),(1617,'195544415543099392',523,0,1,0),(1618,'195544415543099392',193,0,1,0),(1619,'674640668303294527',800,0,1,0),(1620,'505266342337708032',618,0,1,0),(1623,'195544415543099392',30,0,1,0),(1624,'195544415543099392',305,0,2,0),(1625,'840264783089631335',801,0,1,2),(1628,'195544415543099392',297,0,1,0),(1629,'195544415543099392',400,0,1,0),(1630,'195544415543099392',261,0,1,3),(1633,'795368986513637396',18,0,1,0),(1634,'795368986513637396',764,0,1,0),(1635,'195544415543099392',477,0,1,0),(1636,'840264783089631335',476,0,2,0),(1638,'195544415543099392',479,0,1,0),(1639,'195544415543099392',217,0,1,0),(1640,'840264783089631335',168,0,1,5),(1641,'840264783089631335',283,0,1,4),(1642,'840264783089631335',2,0,1,0),(1643,'840264783089631335',135,0,1,0),(1644,'674640668303294527',618,0,1,4),(1645,'674640668303294527',184,0,1,0),(1646,'674640668303294527',598,0,1,0),(1649,'398543370760355850',578,0,1,0),(1650,'398543370760355850',93,0,2,0),(1651,'398543370760355850',751,0,1,0),(1652,'936405195410264105',257,0,1,0),(1653,'936405195410264105',144,0,1,0),(1654,'195544415543099392',142,0,1,0),(1655,'195544415543099392',96,0,1,0),(1656,'195544415543099392',407,0,2,0),(1657,'840264783089631335',825,0,1,6),(1658,'195544415543099392',439,0,1,2),(1662,'745927987752468530',173,0,1,0),(1663,'745927987752468530',754,0,1,0),(1664,'745927987752468530',502,0,1,0),(1665,'745927987752468530',848,0,1,0),(1666,'745927987752468530',591,0,1,0),(1667,'745927987752468530',562,0,1,0),(1668,'745927987752468530',597,0,1,0),(1670,'505266342337708032',751,0,1,0),(1671,'936405195410264105',583,0,1,0),(1672,'936405195410264105',671,0,1,0),(1675,'936405195410264105',63,0,1,0),(1676,'936405195410264105',194,0,1,6),(1677,'936405195410264105',356,0,1,0),(1678,'808819889476468780',498,0,2,0),(1679,'808819889476468780',656,0,1,0),(1681,'986309512371789894',774,0,1,0),(1682,'398543370760355850',376,0,1,0),(1683,'195544415543099392',107,0,1,0),(1687,'795368986513637396',437,0,1,0),(1688,'795368986513637396',93,0,2,0),(1689,'795368986513637396',751,0,1,0),(1690,'674640668303294527',582,0,1,0),(1691,'195544415543099392',117,0,1,0),(1692,'195544415543099392',293,0,1,4),(1694,'808819889476468780',30,0,1,0),(1695,'808819889476468780',699,0,1,4),(1697,'505266342337708032',801,0,1,0),(1698,'936405195410264105',769,0,1,2),(1699,'936405195410264105',233,0,1,0),(1700,'936405195410264105',18,0,1,0),(1701,'936405195410264105',764,0,1,0),(1702,'477975994762788864',205,0,1,0),(1704,'477975994762788864',404,0,1,0),(1705,'149906954569908224',811,0,1,0),(1707,'540869406318788612',209,0,1,0),(1708,'195544415543099392',130,0,1,0),(1709,'195544415543099392',575,0,1,3),(1710,'195544415543099392',546,0,1,0),(1711,'674640668303294527',136,0,1,0),(1712,'674640668303294527',600,0,1,0),(1713,'674640668303294527',482,0,1,0),(1715,'674640668303294527',100,0,2,0),(1716,'674640668303294527',227,0,2,0),(1717,'674640668303294527',647,0,1,5),(1718,'745927987752468530',752,0,1,0),(1719,'745927987752468530',489,0,1,0),(1720,'745927987752468530',86,0,1,3),(1721,'195544415543099392',747,0,1,2),(1722,'195544415543099392',765,0,1,0),(1723,'195544415543099392',705,0,1,0),(1724,'195544415543099392',273,0,1,0),(1725,'808819889476468780',814,0,1,6),(1726,'505266342337708032',713,0,1,0),(1727,'505266342337708032',134,0,1,0),(1728,'505266342337708032',772,0,1,0),(1729,'936405195410264105',420,0,1,0),(1730,'936405195410264105',112,0,1,2),(1731,'936405195410264105',93,0,2,0),(1732,'936405195410264105',751,0,1,0),(1737,'795368986513637396',522,0,1,2),(1738,'195544415543099392',563,0,1,2),(1739,'808819889476468780',673,0,1,3),(1740,'808819889476468780',438,0,1,6),(1741,'149906954569908224',545,0,1,0),(1742,'936405195410264105',307,0,1,0),(1743,'840264783089631335',3,0,1,0),(1746,'540869406318788612',512,0,1,0),(1747,'165184522428612609',452,0,1,0),(1748,'1059514511528312912',239,0,1,0),(1749,'505266342337708032',209,0,1,0),(1750,'505266342337708032',215,0,1,0),(1751,'505266342337708032',372,0,1,0),(1752,'808819889476468780',216,0,1,0),(1753,'808819889476468780',350,0,1,4),(1754,'808819889476468780',219,0,1,0),(1755,'808819889476468780',442,0,1,0),(1756,'1059514511528312912',18,0,1,0),(1757,'1059514511528312912',764,0,1,0),(1758,'795368986513637396',647,0,1,0),(1759,'840264783089631335',664,0,1,0),(1760,'540869406318788612',567,0,1,0),(1761,'149906954569908224',207,0,1,3),(1762,'149906954569908224',822,0,1,0),(1763,'840264783089631335',728,0,1,0),(1764,'540869406318788612',407,0,1,5),(1765,'745927987752468530',732,0,1,7),(1766,'745927987752468530',179,0,1,0),(1768,'795368986513637396',800,0,1,0),(1769,'795368986513637396',439,0,1,2),(1770,'540869406318788612',796,0,1,2),(1771,'1059514511528312912',53,0,1,6),(1772,'808819889476468780',715,0,1,0),(1773,'795368986513637396',228,0,1,0),(1777,'840264783089631335',347,0,1,7),(1780,'808819889476468780',63,0,1,0),(1781,'795368986513637396',213,0,1,3),(1782,'795368986513637396',722,0,1,0),(1785,'808819889476468780',261,0,1,0),(1786,'808819889476468780',218,0,1,0),(1787,'808819889476468780',646,0,1,2),(1788,'936405195410264105',633,0,1,0),(1789,'936405195410264105',238,0,1,0),(1790,'936405195410264105',800,0,1,0),(1793,'693329215654985809',173,0,1,0),(1794,'693329215654985809',754,0,1,0),(1795,'693329215654985809',502,0,1,0),(1796,'693329215654985809',848,0,1,0),(1797,'693329215654985809',591,0,1,0),(1798,'840264783089631335',70,0,1,4),(1799,'840264783089631335',274,0,1,0),(1803,'936405195410264105',507,0,1,0),(1804,'808819889476468780',591,0,1,0),(1806,'149906954569908224',733,0,1,4),(1807,'149906954569908224',503,0,1,0),(1808,'505266342337708032',99,0,1,0),(1809,'505266342337708032',498,0,1,0),(1810,'195544415543099392',610,0,1,0),(1811,'195544415543099392',777,0,1,5),(1814,'665427084050432000',143,0,1,6),(1816,'795368986513637396',2,0,1,0),(1817,'795368986513637396',331,0,1,0),(1818,'795368986513637396',666,0,1,0),(1819,'795368986513637396',436,0,1,0),(1820,'795368986513637396',100,0,1,0),(1821,'795368986513637396',227,0,1,0),(1823,'199858430868062208',258,0,1,0),(1826,'795368986513637396',622,0,1,0),(1827,'795368986513637396',266,0,1,0),(1828,'477975994762788864',26,0,1,0),(1829,'477975994762788864',55,0,1,0),(1830,'540869406318788612',494,0,1,0),(1831,'149906954569908224',689,0,1,0),(1832,'149906954569908224',175,0,1,0),(1833,'398543370760355850',309,0,1,0),(1834,'398543370760355850',605,0,1,0),(1835,'674640668303294527',359,0,1,0),(1841,'665427084050432000',395,0,1,0),(1843,'840264783089631335',824,0,1,0),(1844,'840264783089631335',109,0,1,0),(1845,'840264783089631335',535,0,2,0),(1846,'795368986513637396',442,0,1,0),(1847,'808819889476468780',755,0,1,6),(1848,'808819889476468780',407,0,1,0),(1849,'808819889476468780',155,0,1,0),(1850,'505266342337708032',707,0,2,0),(1851,'505266342337708032',596,0,1,0),(1852,'505266342337708032',302,0,1,0),(1853,'674640668303294527',143,0,1,0),(1854,'674640668303294527',250,0,1,2),(1855,'149906954569908224',190,0,1,0),(1856,'936405195410264105',78,0,1,0),(1857,'936405195410264105',594,0,1,3),(1858,'936405195410264105',134,0,1,0),(1859,'936405195410264105',840,0,1,0),(1865,'477975994762788864',724,0,1,0),(1866,'936009974633611306',5,0,1,0),(1867,'936009974633611306',619,0,1,0),(1868,'936009974633611306',346,0,1,0),(1869,'936009974633611306',533,0,1,0),(1870,'195544415543099392',232,0,1,0),(1871,'195544415543099392',446,0,1,0),(1872,'149906954569908224',350,0,1,0),(1873,'808819889476468780',683,0,2,0),(1874,'808819889476468780',544,0,2,0),(1875,'808819889476468780',247,0,1,2),(1876,'936009974633611306',334,0,1,6),(1877,'936009974633611306',294,0,1,0),(1878,'165184522428612609',195,0,1,4),(1880,'195544415543099392',430,0,1,4),(1882,'149906954569908224',287,0,1,0),(1883,'149906954569908224',143,0,1,0),(1884,'149906954569908224',135,0,1,5),(1885,'674640668303294527',682,0,1,0),(1886,'674640668303294527',289,0,1,4),(1887,'808819889476468780',252,0,1,5),(1888,'808819889476468780',397,0,1,4),(1889,'808819889476468780',684,0,1,0),(1890,'840264783089631335',779,0,1,3),(1891,'477975994762788864',200,0,1,4),(1892,'808819889476468780',702,0,1,5),(1893,'808819889476468780',802,0,1,4),(1894,'505266342337708032',575,0,1,0),(1895,'505266342337708032',659,0,1,4),(1896,'398543370760355850',652,0,1,4),(1897,'986309512371789894',419,0,1,0),(1898,'986309512371789894',109,0,1,0),(1899,'986309512371789894',432,0,1,4),(1900,'936405195410264105',306,0,1,0),(1901,'936405195410264105',100,0,1,0),(1902,'936405195410264105',227,0,1,0),(1908,'808819889476468780',358,0,1,3),(1909,'398543370760355850',511,0,1,0),(1910,'149906954569908224',613,0,1,0),(1911,'149906954569908224',60,0,1,0),(1912,'149906954569908224',158,0,1,0),(1913,'149906954569908224',214,0,1,0),(1914,'477975994762788864',527,0,1,3),(1915,'477975994762788864',522,0,1,0),(1916,'665427084050432000',182,0,1,2),(1918,'665427084050432000',127,0,1,0),(1920,'195544415543099392',743,0,2,0),(1921,'195544415543099392',60,0,1,0),(1922,'808819889476468780',264,0,1,0),(1923,'808819889476468780',45,0,1,4),(1924,'505266342337708032',445,0,1,0),(1925,'808819889476468780',827,0,1,7),(1926,'149906954569908224',516,0,1,0),(1928,'195544415543099392',342,0,2,0),(1929,'808819889476468780',460,0,1,0),(1930,'808819889476468780',388,0,1,0),(1931,'986309512371789894',358,0,1,3),(1932,'986309512371789894',713,0,1,0),(1933,'986309512371789894',601,0,1,0),(1936,'808819889476468780',507,0,1,3),(1937,'808819889476468780',5,0,1,0),(1943,'808819889476468780',449,0,1,0),(1944,'808819889476468780',454,0,1,0),(1945,'808819889476468780',743,0,2,0),(1946,'149906954569908224',19,0,1,3),(1947,'149906954569908224',215,0,1,0),(1948,'808819889476468780',460,0,1,2),(1949,'808819889476468780',728,0,1,0),(1950,'808819889476468780',783,0,1,0),(1953,'986309512371789894',115,0,1,0),(1955,'165184522428612609',529,0,1,0),(1956,'986309512371789894',586,0,1,0),(1960,'808819889476468780',394,0,1,0),(1961,'808819889476468780',651,0,1,0),(1962,'665427084050432000',151,0,1,4),(1963,'808819889476468780',49,0,1,0),(1964,'808819889476468780',834,0,1,4),(1970,'808819889476468780',429,0,1,0),(1971,'808819889476468780',726,0,1,3),(1974,'808819889476468780',691,0,1,0),(1975,'808819889476468780',808,0,1,0),(1981,'808819889476468780',562,0,1,4),(1982,'808819889476468780',123,0,1,2),(1983,'808819889476468780',35,0,2,0),(1984,'808819889476468780',548,0,2,0),(1986,'808819889476468780',585,0,1,4),(1988,'936405195410264105',266,0,1,0),(1992,'808819889476468780',631,0,1,4),(1993,'808819889476468780',794,0,1,0),(1994,'986309512371789894',487,0,1,0),(1995,'808819889476468780',186,0,1,0),(1996,'808819889476468780',7,0,1,0),(1997,'740556213661597796',589,0,1,0),(1999,'808819889476468780',190,0,1,0),(2000,'808819889476468780',149,0,1,3),(2001,'808819889476468780',640,0,1,0),(2005,'808819889476468780',595,0,1,4),(2006,'808819889476468780',87,0,1,0),(2009,'808819889476468780',615,0,1,0),(2010,'808819889476468780',93,0,1,0),(2011,'808819889476468780',616,0,1,3),(2012,'808819889476468780',67,0,1,0),(2013,'1059514511528312912',93,0,2,0),(2014,'1059514511528312912',751,0,1,0),(2015,'808819889476468780',134,0,1,5),(2020,'840264783089631335',585,0,1,2),(2021,'795368986513637396',211,0,1,0),(2023,'840264783089631335',608,0,1,8),(2025,'674640668303294527',389,0,2,0),(2026,'674640668303294527',314,0,1,0),(2027,'674640668303294527',72,0,1,0),(2028,'674640668303294527',71,0,1,0),(2029,'674640668303294527',125,0,1,0),(2030,'674640668303294527',193,0,1,0),(2031,'195544415543099392',8,0,1,0),(2032,'195544415543099392',463,0,1,0),(2033,'195544415543099392',48,0,1,4),(2036,'674640668303294527',46,0,1,0),(2038,'195544415543099392',23,0,2,0),(2039,'195544415543099392',526,0,1,0),(2042,'665427084050432000',362,0,1,0),(2044,'505266342337708032',800,0,1,0),(2047,'665427084050432000',126,0,1,0),(2049,'674640668303294527',152,0,1,3),(2050,'674640668303294527',587,0,1,0),(2053,'674640668303294527',695,0,1,0),(2054,'674640668303294527',167,0,1,3),(2055,'540869406318788612',76,0,1,0),(2056,'795368986513637396',776,0,1,0),(2057,'795368986513637396',288,0,1,3),(2058,'795368986513637396',83,0,1,3),(2059,'674640668303294527',508,0,1,0),(2060,'674640668303294527',104,0,1,0),(2061,'195544415543099392',345,0,1,0),(2062,'674640668303294527',292,0,1,0),(2063,'674640668303294527',348,0,1,0),(2064,'883883059722731570',712,0,1,5),(2065,'883883059722731570',387,0,1,0),(2066,'195544415543099392',477,0,1,6),(2067,'195544415543099392',555,0,1,0),(2068,'840264783089631335',281,0,2,0),(2069,'674640668303294527',707,0,1,0),(2070,'808819889476468780',766,0,1,3),(2072,'808819889476468780',549,0,4,0),(2073,'674640668303294527',530,0,1,0),(2075,'674640668303294527',23,0,1,0),(2076,'674640668303294527',838,0,1,0),(2077,'795368986513637396',525,0,1,0),(2078,'505266342337708032',392,0,1,0),(2079,'674640668303294527',175,0,1,0),(2080,'674640668303294527',506,0,1,0),(2081,'674640668303294527',346,0,1,0),(2082,'808819889476468780',279,0,1,0),(2083,'808819889476468780',484,0,1,0),(2089,'808819889476468780',674,0,1,1),(2096,'808819889476468780',845,0,1,0),(2097,'808819889476468780',201,0,1,0),(2100,'740556213661597796',845,0,1,1),(2103,'840264783089631335',809,0,1,0),(2104,'840264783089631335',301,0,1,0),(2107,'808819889476468780',99,0,1,0),(2108,'808819889476468780',443,0,1,0),(2109,'740556213661597796',804,0,1,0),(2112,'840264783089631335',775,0,1,0),(2114,'840264783089631335',844,0,1,0),(2116,'505266342337708032',229,0,1,4),(2118,'149906954569908224',749,0,1,0),(2121,'674640668303294527',696,0,1,7),(2123,'808819889476468780',72,0,1,1),(2124,'840264783089631335',823,0,1,0),(2126,'740556213661597796',323,0,1,0),(2127,'195544415543099392',754,0,1,0),(2128,'665427084050432000',775,0,1,0),(2131,'808819889476468780',516,0,1,3),(2132,'674640668303294527',228,0,1,0),(2133,'674640668303294527',846,0,1,0),(2134,'149906954569908224',699,0,1,0),(2135,'149906954569908224',582,0,1,0),(2136,'398543370760355850',603,0,1,0),(2137,'674640668303294527',240,0,1,0),(2138,'840264783089631335',77,0,1,0),(2139,'840264783089631335',443,0,2,0),(2140,'149906954569908224',507,0,1,0),(2141,'795368986513637396',339,0,1,0),(2142,'795368986513637396',716,0,1,7),(2144,'195544415543099392',476,0,1,0),(2145,'195544415543099392',168,0,1,0),(2146,'195544415543099392',539,0,1,0),(2147,'195544415543099392',678,0,1,0),(2149,'674640668303294527',467,0,1,0),(2150,'674640668303294527',741,0,1,6),(2151,'149906954569908224',618,0,1,0),(2155,'165184522428612609',699,0,1,0),(2156,'165184522428612609',404,0,1,0),(2157,'674640668303294527',546,0,1,0),(2158,'674640668303294527',471,0,1,0),(2159,'674640668303294527',307,0,1,0),(2160,'674640668303294527',825,0,1,0),(2161,'795368986513637396',329,0,1,0),(2162,'674640668303294527',110,0,1,3),(2165,'149906954569908224',672,0,1,0),(2167,'740556213661597796',800,0,1,0),(2169,'936009974633611306',732,0,1,0),(2170,'840264783089631335',787,0,1,0),(2171,'795368986513637396',181,0,1,5),(2172,'674640668303294527',768,0,2,0),(2173,'398543370760355850',49,0,1,3),(2177,'840264783089631335',747,0,2,0),(2178,'665427084050432000',38,0,1,0),(2179,'795368986513637396',598,0,1,0),(2181,'755557102067646494',5,0,1,0),(2182,'755557102067646494',619,0,1,0),(2183,'755557102067646494',346,0,1,0),(2184,'755557102067646494',533,0,1,0),(2185,'755557102067646494',290,0,1,5),(2186,'755557102067646494',144,0,1,1),(2187,'755557102067646494',843,0,1,0),(2188,'477975994762788864',800,0,1,0),(2189,'808819889476468780',471,0,1,0),(2190,'989187080640950332',207,0,1,0),(2191,'989187080640950332',688,0,1,0),(2192,'989187080640950332',416,0,1,0),(2193,'989187080640950332',802,0,1,0),(2194,'989187080640950332',558,0,1,0),(2195,'477975994762788864',122,0,1,0),(2197,'674640668303294527',528,0,1,0),(2198,'674640668303294527',526,0,1,4),(2199,'674640668303294527',356,0,1,0),(2201,'665427084050432000',102,0,1,0),(2203,'808819889476468780',21,0,1,0),(2204,'862068375563141151',541,0,1,0),(2206,'755557102067646494',293,0,1,0),(2207,'674640668303294527',596,0,1,5),(2211,'808819889476468780',569,0,1,1),(2216,'195544415543099392',656,0,2,0),(2219,'674640668303294527',819,0,1,0),(2220,'840264783089631335',816,0,1,3),(2222,'149906954569908224',649,0,1,2),(2223,'149906954569908224',438,0,1,0),(2224,'149906954569908224',160,0,1,0),(2225,'398543370760355850',798,0,1,0),(2226,'505266342337708032',777,0,1,3),(2227,'505266342337708032',246,0,1,0),(2228,'195544415543099392',290,0,1,0),(2229,'195544415543099392',767,0,1,0),(2230,'195544415543099392',301,0,1,0),(2235,'195544415543099392',786,0,1,0),(2236,'720204194627321877',207,0,1,0),(2237,'720204194627321877',688,0,1,0),(2238,'720204194627321877',416,0,1,0),(2239,'720204194627321877',802,0,1,0),(2240,'720204194627321877',558,0,1,0),(2241,'720204194627321877',605,0,1,0),(2242,'808819889476468780',162,0,1,0),(2243,'720204194627321877',824,0,1,0),(2246,'195544415543099392',675,0,1,0),(2247,'808819889476468780',230,0,1,0),(2248,'808819889476468780',796,0,1,0),(2249,'808819889476468780',571,0,2,0),(2250,'808819889476468780',126,0,1,0),(2254,'149906954569908224',357,0,1,0),(2255,'149906954569908224',808,0,1,3),(2256,'195544415543099392',154,0,1,0),(2257,'195544415543099392',243,0,1,0),(2258,'505266342337708032',808,0,1,0),(2259,'505266342337708032',408,0,1,2),(2261,'419521976168611860',171,0,1,0),(2263,'674640668303294527',335,0,1,3),(2264,'398543370760355850',105,0,1,0),(2265,'149906954569908224',656,0,1,0),(2266,'808819889476468780',757,0,1,0),(2267,'808819889476468780',145,0,1,0),(2268,'674640668303294527',814,0,1,1),(2269,'674640668303294527',51,0,2,0),(2271,'840264783089631335',515,0,1,5),(2272,'808819889476468780',504,0,1,0),(2273,'808819889476468780',314,0,1,0),(2274,'505266342337708032',697,0,1,0),(2276,'795368986513637396',818,0,1,0),(2277,'795368986513637396',714,0,1,2),(2278,'195544415543099392',721,0,1,0),(2279,'674640668303294527',35,0,1,7),(2280,'674640668303294527',397,0,1,0),(2281,'808819889476468780',779,0,1,1),(2282,'808819889476468780',391,0,1,0),(2283,'808819889476468780',200,0,1,0),(2284,'698053782457679934',173,0,1,0),(2285,'698053782457679934',754,0,1,0),(2286,'698053782457679934',502,0,1,0),(2287,'698053782457679934',848,0,1,0),(2288,'698053782457679934',591,0,1,0),(2289,'674640668303294527',835,0,1,0),(2290,'674640668303294527',159,0,1,0),(2291,'195544415543099392',377,0,1,0),(2292,'195544415543099392',353,0,1,0),(2293,'195544415543099392',461,0,1,0),(2295,'505266342337708032',745,0,1,5),(2296,'505266342337708032',21,0,1,2),(2297,'419521976168611860',188,0,1,0),(2299,'674640668303294527',199,0,1,0),(2300,'195544415543099392',237,0,1,0),(2301,'149906954569908224',174,0,1,4),(2302,'674640668303294527',796,0,1,0),(2303,'808819889476468780',600,0,1,0),(2304,'674640668303294527',644,0,1,0),(2305,'674640668303294527',816,0,1,0),(2306,'674640668303294527',87,0,1,2),(2309,'840264783089631335',13,0,1,0),(2310,'808819889476468780',551,0,1,0),(2311,'674640668303294527',824,0,1,0),(2312,'808819889476468780',732,0,2,0),(2313,'286963263395332096',107,0,1,0),(2316,'195544415543099392',699,0,1,0),(2317,'195544415543099392',424,0,1,0),(2318,'195544415543099392',647,0,1,0),(2321,'195544415543099392',371,0,1,0),(2322,'195544415543099392',752,0,1,0),(2323,'195544415543099392',694,0,1,4),(2324,'808819889476468780',759,0,1,4),(2325,'808819889476468780',54,0,1,0),(2326,'808819889476468780',457,0,1,4),(2327,'808819889476468780',272,0,1,3),(2328,'808819889476468780',183,0,1,0),(2329,'808819889476468780',213,0,1,0),(2331,'477975994762788864',91,0,1,0),(2332,'419521976168611860',273,0,1,7),(2333,'808819889476468780',251,0,1,0),(2337,'808819889476468780',278,0,1,0),(2338,'808819889476468780',296,0,1,0),(2339,'808819889476468780',435,0,1,3),(2340,'808819889476468780',299,0,1,0),(2341,'808819889476468780',408,0,1,0),(2342,'665427084050432000',548,0,1,0),(2347,'665427084050432000',261,0,1,1),(2348,'808819889476468780',390,0,1,3),(2349,'808819889476468780',259,0,2,0),(2351,'986309512371789894',552,0,1,0),(2352,'986309512371789894',27,0,1,0),(2353,'986309512371789894',400,0,1,0),(2354,'808819889476468780',13,0,1,4),(2355,'808819889476468780',98,0,1,1),(2356,'808819889476468780',708,0,1,0),(2358,'808819889476468780',797,0,1,0),(2359,'808819889476468780',467,0,1,0),(2363,'148555149147766784',764,0,1,0),(2364,'808819889476468780',622,0,1,0),(2365,'808819889476468780',349,0,1,0),(2366,'665427084050432000',46,0,1,0),(2369,'148555149147766784',397,0,1,0),(2376,'199858430868062208',564,0,1,4),(2378,'808819889476468780',518,0,1,0),(2379,'808819889476468780',85,0,1,0),(2384,'808819889476468780',490,0,1,0),(2385,'808819889476468780',121,0,1,0),(2386,'665427084050432000',424,0,1,0),(2391,'808819889476468780',139,0,1,0),(2393,'808819889476468780',832,0,1,0),(2394,'808819889476468780',828,0,1,3),(2395,'808819889476468780',479,0,1,0),(2398,'840264783089631335',716,0,1,0),(2400,'148555149147766784',108,0,1,4),(2401,'840264783089631335',848,0,1,0),(2402,'840264783089631335',649,0,1,0),(2403,'195544415543099392',250,0,1,0),(2404,'195544415543099392',412,0,1,0),(2405,'840264783089631335',489,0,1,0),(2406,'840264783089631335',521,0,1,0),(2407,'674640668303294527',188,0,1,0),(2408,'674640668303294527',60,0,1,0),(2409,'674640668303294527',812,0,1,0),(2410,'674640668303294527',474,0,1,0),(2411,'477975994762788864',5,0,1,5),(2412,'477975994762788864',100,0,1,0),(2413,'477975994762788864',227,0,1,0),(2415,'195544415543099392',91,0,1,0),(2416,'674640668303294527',239,0,1,0),(2417,'674640668303294527',543,0,3,0),(2418,'674640668303294527',288,0,1,0),(2419,'1059514511528312912',38,0,1,0),(2420,'1059514511528312912',344,0,1,0),(2421,'1059514511528312912',278,0,1,6),(2422,'674640668303294527',459,0,1,0),(2423,'505266342337708032',379,0,1,0),(2424,'505266342337708032',661,0,1,0),(2425,'505266342337708032',586,0,1,0),(2430,'149906954569908224',382,0,1,5),(2431,'149906954569908224',527,0,1,0),(2432,'149906954569908224',114,0,1,0),(2436,'674640668303294527',657,0,1,3),(2437,'674640668303294527',429,0,1,6),(2438,'674640668303294527',321,0,1,0),(2442,'195544415543099392',743,0,1,5),(2443,'674640668303294527',716,0,1,2),(2444,'674640668303294527',248,0,1,0),(2445,'195544415543099392',527,0,1,0),(2446,'674640668303294527',17,0,1,0),(2449,'674640668303294527',843,0,1,0),(2452,'665427084050432000',295,0,1,0),(2454,'505266342337708032',83,0,1,7),(2455,'674640668303294527',419,0,1,0),(2457,'665427084050432000',519,0,1,4),(2461,'674640668303294527',725,0,1,0),(2464,'505266342337708032',180,0,1,0),(2466,'195544415543099392',789,0,1,0),(2467,'674640668303294527',594,0,1,0),(2470,'505266342337708032',96,0,1,0),(2471,'505266342337708032',710,0,1,0),(2472,'674640668303294527',25,0,1,0),(2473,'674640668303294527',684,0,1,1),(2474,'674640668303294527',837,0,1,0),(2475,'674640668303294527',44,0,1,3),(2476,'674640668303294527',155,0,1,0),(2477,'505266342337708032',547,0,1,6),(2478,'195544415543099392',544,0,1,1),(2481,'505266342337708032',625,0,1,6),(2483,'674640668303294527',432,0,1,0),(2484,'674640668303294527',140,0,1,0),(2485,'674640668303294527',332,0,1,0),(2486,'674640668303294527',726,0,1,0),(2487,'505266342337708032',631,0,1,0),(2489,'840264783089631335',262,0,1,0),(2490,'674640668303294527',43,0,1,2),(2491,'674640668303294527',49,0,1,7),(2499,'840264783089631335',795,0,1,4),(2500,'840264783089631335',211,0,1,5),(2501,'505266342337708032',548,0,1,0),(2503,'740556213661597796',431,0,1,8),(2505,'674640668303294527',256,0,1,0),(2510,'840264783089631335',336,0,1,0),(2511,'674640668303294527',435,0,1,0),(2512,'674640668303294527',331,0,1,0),(2513,'674640668303294527',222,0,1,0),(2514,'840264783089631335',789,0,2,0),(2515,'795368986513637396',652,0,1,5),(2516,'808819889476468780',738,0,2,0),(2517,'674640668303294527',670,0,1,0),(2519,'808819889476468780',818,0,1,0),(2520,'634851592050442260',642,0,1,0),(2521,'808819889476468780',476,0,2,0),(2522,'808819889476468780',803,0,1,0),(2523,'808819889476468780',342,0,1,0),(2524,'674640668303294527',774,0,1,0),(2525,'674640668303294527',553,0,1,0),(2526,'674640668303294527',648,0,1,0),(2527,'808819889476468780',413,0,1,0),(2529,'505266342337708032',624,0,1,3),(2530,'720204194627321877',505,0,1,4),(2531,'720204194627321877',630,0,1,0),(2532,'665427084050432000',807,0,1,0),(2533,'808819889476468780',160,0,1,0),(2534,'398543370760355850',282,0,1,0),(2535,'398543370760355850',116,0,1,0),(2536,'674640668303294527',847,0,1,3),(2537,'674640668303294527',827,0,1,4),(2538,'840264783089631335',458,0,1,0),(2539,'840264783089631335',649,0,1,3),(2541,'808819889476468780',420,0,2,0),(2542,'808819889476468780',803,0,1,4),(2543,'808819889476468780',7,0,1,3),(2544,'149906954569908224',398,0,1,0),(2545,'195544415543099392',777,0,1,0),(2546,'195544415543099392',340,0,1,0),(2547,'808819889476468780',229,0,1,1),(2548,'808819889476468780',215,0,1,0),(2549,'808819889476468780',612,0,1,4),(2554,'674640668303294527',411,0,1,0),(2555,'674640668303294527',274,0,1,0),(2556,'149906954569908224',755,0,1,0),(2557,'195544415543099392',398,0,1,0),(2558,'195544415543099392',445,0,1,6),(2559,'195544415543099392',790,0,1,0),(2560,'808819889476468780',821,0,1,0),(2561,'808819889476468780',646,0,2,0),(2564,'665427084050432000',763,0,1,0),(2568,'674640668303294527',784,0,1,0),(2569,'674640668303294527',172,0,1,0),(2570,'674640668303294527',697,0,1,4),(2572,'665427084050432000',180,0,1,0),(2573,'840264783089631335',228,0,1,0),(2574,'840264783089631335',647,0,1,0),(2575,'477975994762788864',211,0,1,3),(2578,'808819889476468780',435,0,1,0),(2579,'665427084050432000',728,0,1,1),(2580,'720204194627321877',18,0,1,0),(2581,'720204194627321877',764,0,1,0),(2582,'840264783089631335',640,0,1,0),(2583,'808819889476468780',69,0,1,0),(2584,'808819889476468780',607,0,1,0),(2585,'795368986513637396',819,0,1,0),(2586,'720204194627321877',512,0,1,0),(2588,'674640668303294527',742,0,1,0),(2589,'674640668303294527',430,0,1,7),(2590,'720204194627321877',486,0,1,0),(2591,'840264783089631335',240,0,1,0),(2592,'149906954569908224',377,0,1,0),(2593,'674640668303294527',710,0,1,0),(2594,'674640668303294527',32,0,1,0),(2595,'808819889476468780',585,0,1,2),(2596,'808819889476468780',258,0,2,0),(2600,'398543370760355850',3,0,1,0),(2608,'674640668303294527',210,0,1,0),(2609,'808819889476468780',482,0,1,0),(2610,'148555149147766784',582,0,1,4),(2614,'665427084050432000',14,0,1,4),(2617,'674640668303294527',279,0,1,6),(2618,'674640668303294527',133,0,1,0),(2620,'840264783089631335',777,0,1,0),(2621,'840264783089631335',118,0,1,7),(2625,'195544415543099392',691,0,1,0),(2626,'195544415543099392',241,0,1,0),(2628,'674640668303294527',752,0,1,0),(2629,'674640668303294527',794,0,1,0),(2630,'674640668303294527',538,0,1,0),(2632,'665427084050432000',242,0,1,2),(2633,'808819889476468780',662,0,1,0),(2634,'808819889476468780',464,0,1,0),(2641,'149906954569908224',349,0,1,0),(2642,'149906954569908224',356,0,1,0),(2643,'149906954569908224',282,0,1,0),(2644,'808819889476468780',213,0,1,3),(2645,'808819889476468780',472,0,1,0),(2646,'808819889476468780',690,0,1,5),(2652,'808819889476468780',66,0,2,0),(2653,'808819889476468780',306,0,1,0),(2654,'808819889476468780',18,0,1,0),(2656,'720204194627321877',751,0,1,0),(2657,'840264783089631335',744,0,1,0),(2658,'840264783089631335',697,0,1,0),(2659,'505266342337708032',733,0,1,0),(2660,'149906954569908224',178,0,1,6),(2661,'674640668303294527',763,0,1,0),(2662,'674640668303294527',762,0,1,0),(2663,'165184522428612609',409,0,1,0),(2664,'165184522428612609',728,0,1,0),(2665,'165184522428612609',368,0,1,0),(2666,'720204194627321877',691,0,1,0),(2668,'840264783089631335',513,0,1,0),(2669,'840264783089631335',338,0,1,0),(2670,'840264783089631335',760,0,1,0),(2671,'808819889476468780',382,0,1,3),(2674,'195544415543099392',510,0,1,3),(2678,'840264783089631335',780,0,1,3),(2679,'840264783089631335',668,0,1,0),(2680,'419521976168611860',45,0,1,6),(2681,'419521976168611860',52,0,1,0),(2682,'840264783089631335',112,0,2,0),(2683,'840264783089631335',34,0,1,2),(2684,'665427084050432000',659,0,1,6),(2689,'840264783089631335',559,0,1,0),(2690,'957706707721666622',81,0,1,0),(2691,'957706707721666622',618,0,1,0),(2692,'957706707721666622',337,0,1,0),(2693,'957706707721666622',847,0,1,0),(2694,'957706707721666622',595,0,1,0),(2697,'505266342337708032',481,0,1,0),(2698,'505266342337708032',169,0,1,0),(2699,'505266342337708032',482,0,1,0),(2700,'149906954569908224',166,0,1,5),(2701,'149906954569908224',343,0,1,2),(2702,'149906954569908224',330,0,1,0),(2703,'537757289331949590',224,0,1,0),(2704,'537757289331949590',628,0,1,0),(2705,'537757289331949590',355,0,1,0),(2706,'537757289331949590',776,0,1,0),(2707,'537757289331949590',531,0,1,0),(2708,'537757289331949590',642,0,1,0),(2709,'537757289331949590',849,0,1,0),(2710,'537757289331949590',333,0,1,0),(2711,'840264783089631335',131,0,1,0),(2712,'808819889476468780',405,0,1,4),(2713,'665427084050432000',209,0,1,0),(2717,'808819889476468780',108,0,1,0),(2718,'840264783089631335',741,0,1,0),(2719,'840264783089631335',531,0,1,0),(2721,'148555149147766784',164,0,1,0),(2730,'505266342337708032',120,0,1,3),(2731,'505266342337708032',686,0,1,0),(2732,'149906954569908224',685,0,1,0),(2733,'149906954569908224',393,0,1,0),(2734,'149906954569908224',834,0,1,0),(2735,'808819889476468780',320,0,1,0),(2736,'808819889476468780',267,0,1,0),(2739,'840264783089631335',711,0,1,3),(2741,'808819889476468780',696,0,1,0),(2742,'348781333839085569',513,0,1,0),(2743,'348781333839085569',644,0,1,0),(2744,'195544415543099392',108,0,1,4),(2745,'148555149147766784',670,0,1,4),(2746,'808819889476468780',625,0,1,0),(2747,'808819889476468780',810,0,1,0),(2753,'798922676575797299',419,0,1,0),(2754,'798922676575797299',239,0,1,0),(2763,'808819889476468780',680,0,1,0),(2764,'240285780717600769',5,0,1,0),(2765,'240285780717600769',619,0,1,0),(2766,'240285780717600769',346,0,1,0),(2767,'240285780717600769',533,0,1,0),(2769,'201376819373408256',424,0,1,0),(2772,'195544415543099392',265,0,1,4),(2775,'808819889476468780',102,0,1,0),(2776,'808819889476468780',532,0,1,6),(2784,'195544415543099392',594,0,1,5),(2786,'665427084050432000',245,0,1,0),(2791,'348781333839085569',820,0,1,0),(2792,'348781333839085569',537,0,1,0),(2793,'348781333839085569',726,0,1,6),(2794,'348781333839085569',18,0,1,0),(2795,'348781333839085569',764,0,1,0),(2801,'431543762829836289',676,0,1,4),(2806,'808819889476468780',848,0,1,8),(2807,'665427084050432000',197,0,1,5),(2808,'665427084050432000',37,0,1,0),(2816,'808819889476468780',522,0,1,3),(2818,'808819889476468780',612,0,1,0),(2821,'808819889476468780',326,0,1,0),(2825,'808819889476468780',158,0,1,0),(2826,'808819889476468780',577,0,2,0),(2827,'808819889476468780',808,0,1,7),(2829,'808819889476468780',153,0,1,0),(2835,'808819889476468780',753,0,1,0),(2836,'808819889476468780',150,0,2,5),(2837,'808819889476468780',151,0,1,0),(2838,'808819889476468780',560,0,1,3),(2841,'148555149147766784',347,0,1,0),(2843,'986309512371789894',321,0,1,0),(2844,'986309512371789894',94,0,1,6),(2845,'986309512371789894',377,0,1,0),(2846,'986309512371789894',49,0,1,0),(2847,'986309512371789894',470,0,1,0),(2849,'808819889476468780',665,0,1,0),(2850,'808819889476468780',707,0,1,0),(2857,'201376819373408256',539,0,1,0),(2861,'201376819373408256',709,0,1,6),(2862,'227546742537715713',5,0,1,0),(2863,'227546742537715713',619,0,1,0),(2864,'227546742537715713',346,0,1,0),(2865,'227546742537715713',533,0,1,0),(2866,'227546742537715713',34,0,1,0),(2867,'227546742537715713',101,0,1,0),(2868,'665427084050432000',623,0,1,3),(2872,'431543762829836289',229,0,1,0),(2875,'808819889476468780',761,0,1,0),(2884,'808819889476468780',324,0,1,0),(2886,'808819889476468780',452,0,1,0),(2887,'808819889476468780',321,0,1,7),(2889,'201376819373408256',132,0,1,5),(2891,'240285780717600769',18,0,1,0),(2892,'240285780717600769',764,0,1,0),(2898,'148555149147766784',773,0,1,0),(2903,'148555149147766784',768,0,1,0),(2908,'431543762829836289',74,0,1,1),(2912,'348781333839085569',751,0,1,0),(2913,'720204194627321877',847,0,1,0),(2914,'720204194627321877',352,0,1,0),(2916,'720204194627321877',800,0,1,0),(2918,'674640668303294527',404,0,1,4),(2920,'674640668303294527',257,0,1,0),(2921,'674640668303294527',70,0,1,0),(2922,'674640668303294527',687,0,1,0),(2923,'674640668303294527',421,0,1,0),(2925,'665427084050432000',327,0,1,3),(2926,'665427084050432000',85,0,1,0),(2930,'477975994762788864',832,0,1,0),(2933,'398543370760355850',244,0,1,0),(2934,'620226249448488981',5,0,1,0),(2935,'620226249448488981',619,0,1,0),(2936,'620226249448488981',346,0,1,0),(2937,'620226249448488981',533,0,1,0),(2938,'620226249448488981',325,0,1,2),(2939,'620226249448488981',362,0,1,0),(2941,'665427084050432000',59,0,1,0),(2943,'431543762829836289',69,0,1,0),(2944,'398543370760355850',166,0,1,0),(2947,'674640668303294527',98,0,1,4),(2948,'674640668303294527',552,0,1,0),(2949,'674640668303294527',835,0,1,6),(2955,'505266342337708032',536,0,1,0),(2956,'505266342337708032',590,0,1,0),(2957,'720204194627321877',604,0,1,0),(2958,'720204194627321877',131,0,1,4),(2959,'398543370760355850',608,0,1,1),(2964,'347814112455294976',224,0,1,0),(2965,'347814112455294976',628,0,1,0),(2966,'347814112455294976',355,0,1,0),(2967,'347814112455294976',776,0,1,0),(2968,'347814112455294976',531,0,1,0),(2970,'347814112455294976',471,0,1,6),(2974,'540869406318788612',639,0,1,0),(2978,'505266342337708032',153,0,1,2),(2980,'348781333839085569',463,0,1,3),(2981,'505266342337708032',100,0,1,0),(2982,'505266342337708032',227,0,1,0),(2983,'665427084050432000',411,0,1,0),(2986,'674640668303294527',273,0,1,0),(2987,'674640668303294527',651,0,1,0),(2991,'679355157003108352',5,0,1,0),(2992,'679355157003108352',619,0,1,0),(2993,'679355157003108352',346,0,1,0),(2994,'679355157003108352',533,0,1,0),(2999,'347814112455294976',575,0,1,0),(3001,'347814112455294976',275,0,1,0),(3003,'477975994762788864',774,0,1,0),(3007,'347814112455294976',18,0,1,0),(3008,'347814112455294976',764,0,1,0),(3009,'505266342337708032',725,0,1,0),(3010,'505266342337708032',17,0,1,0),(3012,'195544415543099392',805,0,1,0),(3013,'165184522428612609',15,0,1,0),(3014,'165184522428612609',191,0,1,0),(3018,'997119117200986173',173,0,1,0),(3019,'997119117200986173',754,0,2,0),(3020,'997119117200986173',502,0,1,0),(3021,'997119117200986173',848,0,1,0),(3022,'997119117200986173',591,0,1,0),(3023,'997119117200986173',539,0,1,0),(3024,'347814112455294976',207,0,1,0),(3029,'148555149147766784',486,0,1,0),(3030,'148555149147766784',619,0,1,0),(3031,'674640668303294527',436,0,1,0),(3032,'674640668303294527',602,0,1,0),(3033,'674640668303294527',564,0,1,0),(3034,'195544415543099392',410,0,1,0),(3035,'347814112455294976',233,0,1,0),(3038,'240285780717600769',37,0,1,2),(3039,'240285780717600769',93,0,2,0),(3040,'240285780717600769',751,0,1,0),(3041,'997119117200986173',234,0,1,0),(3042,'997119117200986173',766,0,1,0),(3043,'997119117200986173',803,0,1,5),(3044,'195544415543099392',259,0,1,0),(3046,'348781333839085569',92,0,1,0),(3047,'348781333839085569',102,0,1,0),(3048,'348781333839085569',800,0,1,0),(3051,'347814112455294976',502,0,1,4),(3052,'347814112455294976',116,0,1,7),(3053,'195544415543099392',444,0,1,3),(3054,'808819889476468780',345,0,1,5),(3055,'347814112455294976',93,0,2,0),(3056,'347814112455294976',751,0,1,0),(3057,'148555149147766784',340,0,1,2),(3059,'148555149147766784',778,0,1,4),(3060,'148555149147766784',102,0,1,0),(3061,'808819889476468780',28,0,1,0),(3062,'148555149147766784',32,0,1,0),(3065,'431543762829836289',524,0,1,0),(3066,'195544415543099392',166,0,1,0),(3067,'195544415543099392',233,0,1,3),(3068,'148555149147766784',701,0,1,0),(3069,'148555149147766784',145,0,2,0),(3070,'679355157003108352',161,0,1,0),(3071,'679355157003108352',726,0,1,0),(3072,'679355157003108352',344,0,1,0),(3076,'148555149147766784',661,0,1,3),(3077,'195544415543099392',506,0,1,0),(3079,'997119117200986173',679,0,1,3),(3080,'240285780717600769',767,0,1,0),(3081,'240285780717600769',719,0,1,6),(3082,'240285780717600769',800,0,1,0),(3083,'505266342337708032',106,0,1,4),(3088,'195544415543099392',200,0,1,2),(3089,'195544415543099392',119,0,1,7),(3090,'195544415543099392',44,0,1,0),(3091,'195544415543099392',238,0,1,0),(3094,'148555149147766784',415,0,1,0),(3096,'840264783089631335',526,0,1,0),(3097,'840264783089631335',51,0,1,0),(3098,'149906954569908224',619,0,1,0),(3099,'149906954569908224',268,0,1,0),(3100,'808819889476468780',512,0,1,0),(3101,'808819889476468780',351,0,1,5),(3102,'808819889476468780',11,0,1,0),(3103,'148555149147766784',342,0,1,0),(3104,'148555149147766784',645,0,1,0),(3105,'674640668303294527',675,0,1,2),(3108,'195544415543099392',421,0,1,4),(3109,'540869406318788612',301,0,1,0),(3110,'540869406318788612',443,0,1,0),(3111,'674640668303294527',456,0,1,0),(3112,'674640668303294527',119,0,1,0),(3113,'674640668303294527',744,0,1,2),(3114,'840264783089631335',754,0,1,0),(3117,'347814112455294976',79,0,1,0),(3118,'347814112455294976',381,0,1,4),(3119,'149906954569908224',382,0,1,0),(3120,'149906954569908224',394,0,1,0),(3121,'840264783089631335',662,0,1,0),(3122,'540869406318788612',258,0,1,0),(3125,'195544415543099392',22,0,1,0),(3126,'195544415543099392',568,0,1,2),(3127,'195544415543099392',820,0,1,0),(3128,'997119117200986173',447,0,1,0),(3129,'740556213661597796',301,0,1,0),(3130,'674640668303294527',698,0,1,0),(3131,'674640668303294527',820,0,1,0),(3132,'674640668303294527',615,0,2,0),(3135,'740556213661597796',310,0,1,0),(3136,'840264783089631335',780,0,1,0),(3137,'740556213661597796',100,0,1,0),(3138,'740556213661597796',227,0,1,0),(3140,'997119117200986173',16,0,1,0),(3141,'997119117200986173',53,0,1,0),(3142,'997119117200986173',340,0,1,4),(3143,'808819889476468780',839,0,1,4),(3144,'808819889476468780',566,0,1,0),(3147,'840264783089631335',71,0,1,0),(3148,'674640668303294527',63,0,1,0),(3149,'348781333839085569',13,0,1,3),(3154,'195544415543099392',99,0,1,0),(3155,'195544415543099392',159,0,1,0),(3156,'795368986513637396',466,0,1,0),(3157,'795368986513637396',704,0,1,4),(3158,'997119117200986173',828,0,1,0),(3159,'997119117200986173',628,0,1,0),(3160,'997119117200986173',401,0,1,1),(3161,'997119117200986173',440,0,1,0),(3162,'674640668303294527',231,0,1,0),(3163,'674640668303294527',65,0,1,0),(3164,'674640668303294527',712,0,1,0),(3166,'505266342337708032',263,0,2,0),(3167,'505266342337708032',290,0,1,0),(3168,'795368986513637396',125,0,1,0),(3169,'997119117200986173',557,0,1,1),(3170,'997119117200986173',18,0,1,0),(3171,'997119117200986173',764,0,1,0),(3172,'505266342337708032',7,0,1,0),(3173,'505266342337708032',185,0,1,0),(3175,'795368986513637396',618,0,1,0),(3176,'795368986513637396',213,0,1,4),(3177,'348781333839085569',826,0,1,0),(3181,'240285780717600769',189,0,1,0),(3182,'240285780717600769',743,0,1,0),(3183,'240285780717600769',613,0,1,0),(3184,'195544415543099392',79,0,1,0),(3187,'398543370760355850',442,0,1,0),(3188,'398543370760355850',819,0,1,3),(3189,'321649314382348288',207,0,1,0),(3190,'321649314382348288',688,0,1,0),(3191,'321649314382348288',416,0,1,0),(3192,'321649314382348288',802,0,1,0),(3193,'321649314382348288',558,0,1,0),(3194,'840264783089631335',721,0,1,6),(3195,'840264783089631335',541,0,1,0),(3196,'348781333839085569',172,0,1,0),(3197,'148555149147766784',812,0,1,0),(3201,'795368986513637396',470,0,2,0),(3203,'997119117200986173',682,0,1,0),(3204,'997119117200986173',93,0,2,0),(3205,'997119117200986173',751,0,1,0),(3206,'840264783089631335',58,0,1,0),(3207,'665427084050432000',373,0,1,1),(3210,'148555149147766784',658,0,1,0),(3212,'148555149147766784',232,0,1,0),(3213,'148555149147766784',584,0,1,6),(3214,'997119117200986173',388,0,1,0),(3215,'674640668303294527',665,0,1,0),(3216,'674640668303294527',716,0,1,1),(3220,'149906954569908224',321,0,1,0),(3221,'149906954569908224',251,0,2,0),(3222,'149906954569908224',31,0,1,0),(3224,'840264783089631335',563,0,1,4),(3227,'997119117200986173',800,0,1,0),(3228,'674640668303294527',585,0,1,0),(3229,'840264783089631335',791,0,1,0),(3230,'948961801557647381',207,0,1,0),(3231,'948961801557647381',688,0,1,0),(3232,'948961801557647381',416,0,1,0),(3233,'948961801557647381',802,0,1,0),(3234,'948961801557647381',558,0,1,0),(3235,'948961801557647381',436,0,1,0),(3236,'862068375563141151',412,0,1,0),(3237,'862068375563141151',202,0,1,0),(3239,'808819889476468780',798,0,1,0),(3240,'808819889476468780',579,0,1,0),(3242,'148555149147766784',157,0,1,0),(3243,'537757289331949590',306,0,1,0),(3244,'795368986513637396',757,0,1,0),(3245,'795368986513637396',6,0,1,3),(3246,'840264783089631335',493,0,1,0),(3247,'148555149147766784',375,0,1,9),(3248,'148555149147766784',659,0,1,0),(3250,'674640668303294527',845,0,1,0),(3251,'674640668303294527',213,0,1,2),(3252,'674640668303294527',341,0,1,0),(3253,'537757289331949590',749,0,1,0),(3254,'948961801557647381',832,0,1,0),(3255,'948961801557647381',782,0,1,4),(3256,'948961801557647381',350,0,1,6),(3257,'148555149147766784',816,0,1,6),(3258,'148555149147766784',259,0,1,2),(3259,'862068375563141151',459,0,1,0),(3260,'862068375563141151',279,0,1,5),(3261,'148555149147766784',557,0,2,0),(3262,'795368986513637396',176,0,1,0),(3263,'795368986513637396',502,0,1,0),(3264,'348781333839085569',508,0,1,0),(3265,'348781333839085569',399,0,1,0),(3266,'808819889476468780',371,0,1,0),(3267,'808819889476468780',735,0,1,0),(3268,'808819889476468780',838,0,1,0),(3269,'148555149147766784',424,0,1,0),(3270,'537757289331949590',519,0,1,0),(3271,'149906954569908224',739,0,1,0),(3272,'149906954569908224',362,0,1,0),(3273,'997119117200986173',174,0,1,0),(3274,'997119117200986173',812,0,1,0),(3275,'674640668303294527',765,0,1,4),(3276,'674640668303294527',847,0,1,0),(3277,'674640668303294527',807,0,1,0),(3278,'505266342337708032',605,0,1,0),(3279,'195544415543099392',126,0,1,0),(3280,'195544415543099392',424,0,1,2),(3281,'148555149147766784',410,0,1,0),(3282,'148555149147766784',433,0,1,7),(3283,'148555149147766784',472,0,1,0),(3284,'148555149147766784',16,0,1,5),(3285,'148555149147766784',842,0,1,0),(3286,'240285780717600769',387,0,1,0),(3287,'148555149147766784',725,0,1,0),(3288,'149906954569908224',264,0,1,0),(3289,'149906954569908224',634,0,1,0),(3290,'149906954569908224',174,0,2,0),(3291,'674640668303294527',715,0,1,3),(3292,'674640668303294527',810,0,1,0),(3293,'674640668303294527',565,0,1,0),(3294,'808819889476468780',245,0,1,0),(3295,'997119117200986173',491,0,1,0),(3296,'148555149147766784',366,0,1,0),(3297,'148555149147766784',349,0,1,6),(3298,'148555149147766784',467,0,1,0),(3299,'148555149147766784',72,0,1,0),(3301,'148555149147766784',564,0,1,0),(3302,'997119117200986173',100,0,1,0),(3303,'997119117200986173',227,0,1,0),(3304,'634851592050442260',378,0,1,0),(3305,'240285780717600769',397,0,1,0),(3306,'997119117200986173',438,0,1,0),(3307,'240285780717600769',100,0,1,0),(3308,'240285780717600769',227,0,1,0),(3309,'148555149147766784',105,0,1,0),(3311,'431543762829836289',17,0,1,0),(3312,'997119117200986173',818,0,1,2),(3313,'997119117200986173',31,0,1,7),(3314,'997119117200986173',201,0,2,0),(3315,'997119117200986173',6,0,1,0),(3316,'997119117200986173',361,0,1,0),(3323,'997119117200986173',665,0,1,10),(3324,'347814112455294976',463,0,1,0),(3325,'347814112455294976',825,0,1,4),(3326,'347814112455294976',800,0,1,0),(3327,'505266342337708032',630,0,1,0),(3328,'505266342337708032',304,0,1,0),(3329,'505266342337708032',119,0,1,0),(3333,'997119117200986173',238,0,1,0),(3334,'997119117200986173',371,0,1,0),(3335,'240285780717600769',168,0,1,0),(3336,'195544415543099392',370,0,1,0),(3337,'195544415543099392',588,0,1,0),(3338,'195544415543099392',680,0,1,0),(3339,'195544415543099392',584,0,1,5),(3340,'148555149147766784',18,0,1,0),(3342,'883883059722731570',428,0,1,7),(3343,'883883059722731570',421,0,1,0),(3344,'665427084050432000',505,0,1,0),(3346,'148555149147766784',270,0,1,0),(3347,'808819889476468780',204,0,1,0),(3348,'240285780717600769',121,0,1,3),(3349,'883883059722731570',115,0,1,0),(3350,'883883059722731570',580,0,1,0),(3351,'808819889476468780',586,0,1,0),(3352,'808819889476468780',386,0,1,4),(3358,'148555149147766784',588,0,1,4),(3359,'148555149147766784',844,0,1,0),(3360,'148555149147766784',442,0,1,4),(3361,'808819889476468780',12,0,1,0),(3365,'148555149147766784',339,0,1,2),(3366,'148555149147766784',357,0,1,0),(3367,'148555149147766784',212,0,1,0),(3369,'240285780717600769',252,0,1,0),(3370,'240285780717600769',407,0,1,0),(3371,'634851592050442260',435,0,1,8),(3372,'148555149147766784',237,0,1,0),(3373,'148555149147766784',257,0,1,2),(3374,'149906954569908224',273,0,1,0),(3375,'149906954569908224',640,0,1,0),(3376,'148555149147766784',663,0,1,4),(3378,'148555149147766784',130,0,1,0),(3379,'148555149147766784',152,0,1,0),(3380,'431543762829836289',762,0,1,0),(3382,'883883059722731570',504,0,1,0),(3383,'883883059722731570',796,0,1,0),(3384,'240285780717600769',827,0,1,0),(3385,'808819889476468780',558,0,1,2),(3386,'808819889476468780',203,0,1,1),(3388,'148555149147766784',326,0,1,4),(3389,'148555149147766784',249,0,1,2),(3393,'808819889476468780',113,0,1,4),(3395,'240285780717600769',663,0,1,0),(3397,'634851592050442260',669,0,1,1),(3403,'883883059722731570',649,0,1,0),(3405,'808819889476468780',207,0,1,0),(3406,'808819889476468780',760,0,1,0),(3407,'808819889476468780',242,0,1,0),(3412,'148555149147766784',797,0,1,0),(3413,'240285780717600769',149,0,1,0),(3415,'431543762829836289',258,0,1,0),(3417,'634851592050442260',265,0,1,0),(3418,'634851592050442260',23,0,1,0),(3419,'634851592050442260',94,0,1,0),(3420,'148555149147766784',406,0,1,0),(3421,'148555149147766784',679,0,1,4),(3422,'148555149147766784',600,0,2,0),(3423,'148555149147766784',490,0,1,1),(3424,'148555149147766784',29,0,1,0),(3425,'148555149147766784',63,0,1,0),(3426,'148555149147766784',780,0,1,2),(3427,'808819889476468780',570,0,1,0),(3429,'148555149147766784',712,0,1,0),(3430,'634851592050442260',385,0,1,0),(3431,'634851592050442260',761,0,1,0),(3432,'634851592050442260',521,0,1,0),(3433,'808819889476468780',122,0,1,0),(3434,'665427084050432000',586,0,1,0),(3438,'808819889476468780',481,0,1,0),(3439,'997119117200986173',97,0,1,6),(3442,'348781333839085569',620,0,1,0),(3443,'997119117200986173',653,0,2,0),(3444,'665427084050432000',125,0,1,0),(3445,'997119117200986173',199,0,1,0),(3446,'665427084050432000',147,0,1,3),(3448,'347814112455294976',509,0,1,0),(3449,'347814112455294976',180,0,1,3),(3450,'347814112455294976',447,0,1,3),(3453,'883883059722731570',5,0,1,0),(3454,'883883059722731570',677,0,1,5),(3455,'883883059722731570',18,0,1,0),(3456,'883883059722731570',764,0,1,0),(3457,'840264783089631335',783,0,1,1),(3458,'1059514511528312912',849,0,1,0),(3459,'1059514511528312912',800,0,1,0),(3460,'148555149147766784',508,0,1,0),(3461,'195544415543099392',128,0,1,0),(3462,'195544415543099392',471,0,1,3),(3463,'195544415543099392',275,0,1,0),(3464,'195544415543099392',320,0,1,4),(3465,'674640668303294527',196,0,1,0),(3466,'836946258576539718',173,0,1,0),(3467,'836946258576539718',754,0,1,0),(3468,'836946258576539718',502,0,1,0),(3469,'836946258576539718',848,0,1,0),(3470,'836946258576539718',591,0,1,0),(3471,'195544415543099392',18,0,1,0),(3472,'505266342337708032',555,0,1,2),(3473,'505266342337708032',685,0,1,6),(3474,'505266342337708032',125,0,1,3),(3475,'505266342337708032',553,0,1,0),(3476,'505266342337708032',738,0,1,0),(3478,'348781333839085569',202,0,1,0),(3479,'505266342337708032',847,0,1,2),(3480,'348781333839085569',19,0,1,0),(3482,'505266342337708032',740,0,1,0),(3483,'347814112455294976',100,0,1,0),(3484,'347814112455294976',227,0,1,0),(3485,'997119117200986173',475,0,1,0),(3486,'883883059722731570',830,0,1,0),(3488,'348781333839085569',100,0,1,0),(3489,'348781333839085569',227,0,1,0),(3490,'347814112455294976',839,0,1,0),(3491,'148555149147766784',590,0,1,0),(3492,'347814112455294976',157,0,1,0),(3493,'148555149147766784',765,0,1,0),(3494,'347814112455294976',641,0,1,0),(3495,'674640668303294527',439,0,1,0),(3496,'674640668303294527',607,0,1,0),(3497,'347814112455294976',4,0,1,0),(3498,'240285780717600769',400,0,1,0),(3499,'505266342337708032',810,0,1,0),(3500,'195544415543099392',490,0,1,0),(3501,'398543370760355850',253,0,1,0),(3502,'398543370760355850',579,0,1,0),(3503,'398543370760355850',277,0,1,0),(3504,'398543370760355850',744,0,1,0),(3505,'195544415543099392',803,0,1,0),(3506,'195544415543099392',43,0,1,0),(3507,'195544415543099392',559,0,1,0),(3508,'347814112455294976',75,0,1,5),(3509,'347814112455294976',384,0,1,3),(3510,'240285780717600769',412,0,1,0),(3511,'240285780717600769',341,0,1,0),(3512,'840264783089631335',175,0,1,2),(3513,'840264783089631335',344,0,1,0),(3514,'840264783089631335',347,0,1,0),(3515,'148555149147766784',827,0,1,0),(3516,'148555149147766784',98,0,1,0),(3517,'347814112455294976',25,0,1,3),(3518,'347814112455294976',296,0,1,0),(3519,'808819889476468780',813,0,1,0),(3520,'808819889476468780',605,0,1,0),(3521,'505266342337708032',585,0,1,0),(3522,'840264783089631335',334,0,1,0),(3523,'840264783089631335',99,0,1,0),(3524,'148555149147766784',639,0,1,0),(3525,'348781333839085569',828,0,1,0),(3526,'679355157003108352',648,0,1,5),(3527,'883883059722731570',93,0,2,0),(3528,'883883059722731570',751,0,1,0),(3529,'883883059722731570',381,0,1,5),(3530,'883883059722731570',264,0,1,0),(3531,'199858430868062208',130,0,1,3),(3534,'148555149147766784',616,0,1,0),(3535,'195544415543099392',566,0,1,0),(3536,'679355157003108352',99,0,1,0),(3537,'679355157003108352',18,0,1,0),(3538,'679355157003108352',764,0,1,0),(3539,'808819889476468780',246,0,1,0),(3540,'808819889476468780',814,0,1,0),(3544,'665427084050432000',205,0,1,0),(3548,'808819889476468780',192,0,1,0),(3551,'665427084050432000',48,0,1,0),(3553,'665427084050432000',50,0,1,0),(3554,'674640668303294527',345,0,1,0),(3555,'148555149147766784',223,0,1,0),(3556,'148555149147766784',331,0,1,0),(3557,'321649314382348288',338,0,1,0),(3558,'679355157003108352',73,0,1,0),(3559,'679355157003108352',390,0,1,0),(3560,'148555149147766784',758,0,1,0),(3561,'148555149147766784',174,0,1,0),(3562,'840264783089631335',324,0,1,2),(3563,'840264783089631335',485,0,1,5),(3564,'665427084050432000',572,0,1,0),(3565,'665427084050432000',218,0,1,0),(3567,'808819889476468780',532,0,1,0),(3568,'808819889476468780',775,0,1,5),(3569,'148555149147766784',311,0,1,6),(3570,'808819889476468780',502,0,1,0),(3573,'195544415543099392',106,0,1,0),(3574,'195544415543099392',16,0,1,0),(3575,'149906954569908224',733,0,1,0),(3576,'149906954569908224',325,0,1,0),(3577,'148555149147766784',93,0,1,0),(3578,'148555149147766784',346,0,2,0),(3579,'674640668303294527',588,0,1,0),(3580,'674640668303294527',733,0,1,0),(3581,'665427084050432000',398,0,1,0),(3584,'679355157003108352',678,0,1,0),(3585,'505266342337708032',581,0,1,0),(3586,'1024698460911452270',207,0,1,0),(3587,'1024698460911452270',688,0,1,0),(3588,'1024698460911452270',416,0,1,0),(3589,'1024698460911452270',802,0,1,0),(3590,'1024698460911452270',558,0,1,0),(3591,'808819889476468780',123,0,1,0),(3592,'1024698460911452270',254,0,1,0),(3593,'1024698460911452270',442,0,1,0),(3594,'808819889476468780',543,0,1,0),(3598,'997119117200986173',827,0,1,0),(3599,'808819889476468780',569,0,1,0),(3600,'808819889476468780',771,0,1,0),(3602,'148555149147766784',466,0,1,0),(3603,'997119117200986173',241,0,1,6),(3604,'997119117200986173',786,0,1,0),(3605,'997119117200986173',690,0,1,0),(3606,'808819889476468780',369,0,1,2),(3607,'808819889476468780',641,0,1,9),(3608,'195544415543099392',220,0,1,0),(3609,'148555149147766784',474,0,1,0),(3610,'505266342337708032',650,0,1,3),(3611,'505266342337708032',75,0,1,0),(3612,'997119117200986173',460,0,1,0),(3613,'840264783089631335',570,0,1,5),(3615,'997119117200986173',126,0,1,0),(3616,'997119117200986173',649,0,1,6),(3617,'505266342337708032',512,0,1,0),(3618,'665427084050432000',634,0,1,0),(3619,'840264783089631335',562,0,1,2),(3620,'840264783089631335',432,0,1,0),(3621,'195544415543099392',677,0,1,0),(3622,'195544415543099392',284,0,1,0),(3623,'808819889476468780',629,0,1,3),(3624,'634851592050442260',124,0,1,0),(3625,'665427084050432000',24,0,1,0),(3626,'665427084050432000',224,0,1,0),(3627,'808819889476468780',110,0,2,0),(3628,'149906954569908224',366,0,1,0),(3629,'149906954569908224',201,0,1,0),(3630,'997119117200986173',604,0,2,0),(3631,'997119117200986173',607,0,1,4),(3632,'997119117200986173',734,0,1,4),(3633,'665427084050432000',540,0,1,0),(3634,'665427084050432000',721,0,1,0),(3635,'348781333839085569',164,0,1,0),(3636,'665427084050432000',262,0,1,0),(3641,'348781333839085569',570,0,1,0),(3642,'195544415543099392',545,0,1,0),(3643,'195544415543099392',512,0,1,0),(3645,'997119117200986173',294,0,1,0),(3646,'997119117200986173',633,0,1,0),(3647,'665427084050432000',442,0,1,0),(3648,'665427084050432000',533,0,1,0),(3649,'665427084050432000',536,0,1,0),(3650,'808819889476468780',645,0,1,2),(3651,'348781333839085569',367,0,1,5),(3652,'201376819373408256',774,0,1,5),(3656,'674640668303294527',175,0,1,1),(3657,'808819889476468780',790,0,1,0),(3659,'505266342337708032',206,0,1,2),(3660,'505266342337708032',771,0,1,0),(3661,'665427084050432000',557,0,1,0),(3662,'665427084050432000',663,0,1,0),(3663,'665427084050432000',802,0,1,0),(3664,'195544415543099392',326,0,1,0),(3665,'195544415543099392',56,0,1,0),(3666,'808819889476468780',560,0,1,0),(3667,'148555149147766784',68,0,1,4),(3668,'148555149147766784',697,0,1,0),(3669,'148555149147766784',43,0,1,0),(3670,'840264783089631335',223,0,1,0),(3671,'840264783089631335',719,0,1,2),(3674,'808819889476468780',674,0,1,2),(3675,'148555149147766784',111,0,1,0),(3676,'148555149147766784',76,0,1,0),(3677,'148555149147766784',41,0,2,0),(3678,'840264783089631335',850,0,1,0),(3679,'840264783089631335',163,0,1,0),(3680,'665427084050432000',583,0,1,0),(3681,'195544415543099392',287,0,1,6),(3682,'195544415543099392',153,0,1,0),(3683,'148555149147766784',781,0,1,3),(3684,'148555149147766784',260,0,2,0),(3685,'398543370760355850',181,0,1,0),(3686,'808819889476468780',759,0,1,3),(3687,'240285780717600769',701,0,1,0),(3688,'240285780717600769',599,0,1,4),(3689,'148555149147766784',693,0,1,0),(3690,'148555149147766784',623,0,1,0),(3691,'540869406318788612',431,0,1,0),(3692,'148555149147766784',588,0,1,0),(3693,'148555149147766784',349,0,1,0),(3694,'148555149147766784',845,0,1,0),(3695,'808819889476468780',337,0,1,0),(3696,'808819889476468780',673,0,1,2),(3697,'148555149147766784',409,0,1,0),(3698,'665427084050432000',723,0,1,0),(3699,'348781333839085569',768,0,1,0),(3700,'840264783089631335',546,0,1,0),(3701,'840264783089631335',601,0,1,0),(3702,'840264783089631335',742,0,1,0),(3703,'665427084050432000',581,0,1,0),(3704,'665427084050432000',6,0,1,0),(3705,'771413081679069254',5,0,1,0),(3706,'771413081679069254',619,0,1,0),(3707,'771413081679069254',346,0,1,0),(3708,'771413081679069254',533,0,1,0),(3709,'808819889476468780',18,0,1,1),(3710,'771413081679069254',672,0,1,0),(3711,'771413081679069254',492,0,1,0),(3712,'665427084050432000',310,0,1,4),(3713,'665427084050432000',79,0,1,0),(3714,'398543370760355850',308,0,1,0),(3715,'149906954569908224',73,0,1,0),(3716,'148555149147766784',465,0,1,5),(3717,'148555149147766784',411,0,1,0),(3718,'665427084050432000',12,0,1,5),(3719,'808819889476468780',636,0,1,3),(3721,'148555149147766784',652,0,1,0),(3722,'148555149147766784',100,0,1,0),(3725,'505266342337708032',228,0,1,3),(3726,'149906954569908224',370,0,1,0),(3727,'149906954569908224',217,0,1,3),(3728,'149906954569908224',136,0,1,3),(3729,'149906954569908224',799,0,1,0),(3730,'679355157003108352',311,0,1,1),(3731,'665427084050432000',646,0,1,2),(3732,'195544415543099392',605,0,1,0),(3733,'195544415543099392',33,0,1,0),(3734,'674640668303294527',637,0,1,0),(3735,'674640668303294527',296,0,1,0),(3736,'148555149147766784',178,0,1,0),(3737,'148555149147766784',74,0,1,1),(3740,'665427084050432000',26,0,1,3),(3741,'665427084050432000',466,0,1,0),(3742,'148555149147766784',318,0,1,0),(3743,'148555149147766784',200,0,1,0),(3744,'665427084050432000',265,0,1,4),(3745,'665427084050432000',34,0,1,0),(3746,'862068375563141151',45,0,1,5),(3747,'808819889476468780',778,0,1,0),(3748,'808819889476468780',792,0,1,0),(3749,'898207633977278465',207,0,1,0),(3750,'898207633977278465',688,0,1,0),(3751,'898207633977278465',416,0,1,0),(3752,'898207633977278465',802,0,1,0),(3753,'898207633977278465',558,0,1,0),(3754,'148555149147766784',323,0,1,0),(3755,'148555149147766784',17,0,1,0),(3756,'148555149147766784',672,0,1,0),(3757,'195544415543099392',234,0,1,4),(3758,'665427084050432000',91,0,1,0),(3759,'665427084050432000',500,0,1,0),(3760,'148555149147766784',561,0,1,3),(3761,'148555149147766784',789,0,1,0),(3762,'148555149147766784',46,0,1,0),(3763,'148555149147766784',170,0,1,0),(3764,'240285780717600769',130,0,1,0),(3769,'795368986513637396',648,0,1,0),(3770,'148555149147766784',108,0,1,0),(3771,'665427084050432000',690,0,1,5),(3772,'665427084050432000',657,0,1,0),(3773,'195544415543099392',230,0,1,0),(3774,'195544415543099392',385,0,1,0),(3775,'148555149147766784',757,0,1,0),(3776,'148555149147766784',815,0,1,0),(3777,'148555149147766784',182,0,1,0),(3778,'148555149147766784',5,0,1,0),(3779,'148555149147766784',718,0,1,0),(3783,'665427084050432000',355,0,1,0),(3784,'665427084050432000',212,0,1,0),(3785,'195544415543099392',202,0,1,0),(3787,'431543762829836289',294,0,1,0),(3789,'148555149147766784',203,0,1,0),(3790,'148555149147766784',452,0,1,0),(3791,'148555149147766784',557,0,1,5),(3792,'148555149147766784',284,0,1,0),(3793,'505266342337708032',603,0,1,0),(3794,'148555149147766784',663,0,1,0),(3798,'665427084050432000',523,0,1,8),(3799,'808819889476468780',446,0,1,0),(3800,'808819889476468780',197,0,1,4),(3804,'808819889476468780',843,0,1,0),(3805,'808819889476468780',40,0,1,0),(3806,'808819889476468780',678,0,1,3),(3807,'148555149147766784',248,0,2,0),(3808,'148555149147766784',9,0,1,0),(3809,'148555149147766784',534,0,1,0),(3810,'665427084050432000',416,0,1,0),(3811,'665427084050432000',644,0,1,0),(3812,'808819889476468780',340,0,1,0),(3813,'808819889476468780',366,0,2,0),(3814,'665427084050432000',96,0,1,0),(3816,'148555149147766784',375,0,1,0),(3817,'148555149147766784',430,0,1,0),(3818,'148555149147766784',497,0,1,4),(3819,'240285780717600769',509,0,1,0),(3822,'148555149147766784',280,0,1,0),(3823,'986309512371789894',48,0,1,0),(3826,'148555149147766784',177,0,1,0),(3827,'148555149147766784',507,0,1,0),(3828,'240285780717600769',205,0,1,0),(3829,'240285780717600769',308,0,1,0),(3830,'148555149147766784',849,0,1,0),(3831,'148555149147766784',360,0,1,0),(3832,'148555149147766784',706,0,1,2),(3833,'148555149147766784',429,0,1,0),(3834,'808819889476468780',513,0,1,0),(3835,'148555149147766784',420,0,1,0),(3836,'808819889476468780',318,0,1,1),(3837,'808819889476468780',221,0,1,0),(3838,'148555149147766784',602,0,1,0),(3839,'148555149147766784',159,0,1,3),(3840,'148555149147766784',330,0,1,0),(3841,'148555149147766784',294,0,1,0),(3842,'148555149147766784',51,0,1,0),(3843,'148555149147766784',252,0,1,3),(3844,'148555149147766784',644,0,1,0),(3847,'148555149147766784',37,0,1,2),(3848,'201376819373408256',210,0,1,1),(3849,'665427084050432000',440,0,1,0),(3850,'665427084050432000',549,0,1,0),(3851,'665427084050432000',679,0,1,5),(3852,'348781333839085569',90,0,1,0),(3853,'665427084050432000',797,0,1,3),(3854,'665427084050432000',433,0,1,0),(3855,'540869406318788612',84,0,1,1),(3856,'540869406318788612',691,0,1,0),(3857,'195544415543099392',34,0,1,0),(3858,'348781333839085569',483,0,1,0),(3859,'348781333839085569',391,0,1,2),(3860,'505266342337708032',815,0,1,4),(3861,'505266342337708032',80,0,1,0),(3862,'665427084050432000',637,0,1,6),(3864,'505266342337708032',248,0,1,2),(3865,'195544415543099392',565,0,1,0),(3866,'195544415543099392',351,0,1,0),(3867,'665427084050432000',497,0,1,0),(3868,'665427084050432000',326,0,1,0),(3869,'674640668303294527',99,0,1,5),(3870,'674640668303294527',503,0,1,0),(3871,'674640668303294527',832,0,1,0),(3872,'398543370760355850',268,0,1,0),(3873,'195544415543099392',831,0,1,0),(3874,'195544415543099392',666,0,1,0),(3875,'195544415543099392',428,0,1,0),(3876,'195544415543099392',123,0,1,0),(3877,'398543370760355850',800,0,1,0),(3878,'505266342337708032',847,0,1,0),(3879,'505266342337708032',497,0,1,3),(3880,'398543370760355850',161,0,1,6),(3881,'398543370760355850',476,0,1,0),(3882,'398543370760355850',431,0,1,0),(3883,'674640668303294527',605,0,1,0),(3884,'505266342337708032',382,0,1,0),(3885,'505266342337708032',757,0,1,0),(3886,'240285780717600769',330,0,1,0),(3887,'240285780717600769',254,0,1,5),(3888,'398543370760355850',100,0,1,0),(3889,'398543370760355850',227,0,1,0),(3890,'505266342337708032',792,0,1,0),(3891,'674640668303294527',664,0,1,0),(3892,'674640668303294527',169,0,1,0),(3893,'505266342337708032',699,0,1,2),(3894,'398543370760355850',641,0,1,0),(3895,'195544415543099392',744,0,1,0),(3896,'148555149147766784',521,0,1,0),(3897,'148555149147766784',780,0,1,0),(3898,'997119117200986173',461,0,1,2),(3899,'997119117200986173',789,0,1,0),(3900,'997119117200986173',230,0,1,0),(3901,'148555149147766784',801,0,1,3),(3902,'997119117200986173',513,0,1,0),(3903,'997119117200986173',779,0,1,0),(3904,'195544415543099392',654,0,1,0),(3905,'665427084050432000',709,0,1,0),(3906,'665427084050432000',426,0,1,0),(3907,'505266342337708032',566,0,1,0),(3908,'348781333839085569',572,0,1,0),(3909,'674640668303294527',284,0,1,5),(3910,'665427084050432000',291,0,1,0),(3911,'195544415543099392',801,0,1,0),(3912,'997119117200986173',635,0,1,0),(3913,'997119117200986173',602,0,1,0),(3914,'148555149147766784',192,0,1,4),(3915,'148555149147766784',186,0,1,0),(3916,'148555149147766784',770,0,1,1),(3917,'148555149147766784',525,0,1,0),(3918,'148555149147766784',364,0,1,0),(3919,'148555149147766784',387,0,1,0),(3920,'148555149147766784',228,0,1,0),(3921,'148555149147766784',60,0,1,0),(3924,'997119117200986173',769,0,1,0),(3925,'997119117200986173',217,0,1,1),(3926,'148555149147766784',16,0,1,0),(3927,'195544415543099392',6,0,1,0),(3928,'195544415543099392',514,0,2,0),(3929,'505266342337708032',182,0,1,0),(3930,'505266342337708032',531,0,1,0),(3931,'665427084050432000',308,0,1,0),(3932,'149906954569908224',198,0,1,0),(3933,'149906954569908224',828,0,1,0),(3934,'149906954569908224',234,0,1,0),(3935,'674640668303294527',118,0,1,5),(3936,'674640668303294527',102,0,1,0),(3937,'148555149147766784',669,0,1,4),(3938,'348781333839085569',74,0,1,0),(3939,'997119117200986173',477,0,1,0),(3940,'679355157003108352',93,0,2,0),(3941,'679355157003108352',751,0,1,0),(3942,'679355157003108352',660,0,1,1),(3943,'679355157003108352',120,0,1,0),(3944,'679355157003108352',405,0,1,0),(3945,'148555149147766784',803,0,2,4),(3946,'665427084050432000',629,0,1,0),(3947,'148555149147766784',203,0,1,3),(3948,'148555149147766784',12,0,1,0),(3949,'665427084050432000',239,0,1,0),(3950,'148555149147766784',457,0,1,0),(3951,'148555149147766784',24,0,1,6),(3955,'149906954569908224',360,0,1,0),(3956,'149906954569908224',497,0,1,3),(3957,'148555149147766784',350,0,1,0),(3958,'808819889476468780',506,0,1,0),(3959,'674640668303294527',415,0,1,0),(3960,'674640668303294527',406,0,1,0),(3961,'674640668303294527',43,0,1,0),(3962,'195544415543099392',228,0,1,1),(3963,'808819889476468780',191,0,1,7),(3964,'148555149147766784',106,0,1,0),(3965,'997119117200986173',735,0,1,0),(3966,'997119117200986173',502,0,1,3),(3967,'148555149147766784',95,0,1,0),(3968,'665427084050432000',420,0,1,2),(3969,'148555149147766784',236,0,1,0),(3970,'148555149147766784',42,0,1,0),(3971,'148555149147766784',150,0,1,0),(3972,'505266342337708032',313,0,1,0),(3973,'505266342337708032',179,0,1,1),(3974,'808819889476468780',14,0,1,0),(3975,'808819889476468780',739,0,1,0),(3976,'665427084050432000',532,0,1,0),(3977,'431543762829836289',817,0,1,0),(3980,'149906954569908224',752,0,1,0),(3981,'149906954569908224',17,0,1,0),(3982,'149906954569908224',136,0,1,0),(3983,'148555149147766784',141,0,1,0),(3984,'148555149147766784',577,0,1,1),(3985,'808819889476468780',225,0,1,0),(3986,'665427084050432000',259,0,1,3),(3987,'665427084050432000',384,0,1,0),(3988,'665427084050432000',335,0,1,0),(3989,'665427084050432000',459,0,1,0),(3990,'505266342337708032',455,0,1,2),(3991,'808819889476468780',193,0,1,0),(3992,'665427084050432000',311,0,1,4),(3993,'665427084050432000',695,0,1,4),(3994,'840264783089631335',686,0,1,0),(3995,'840264783089631335',449,0,1,3),(3996,'505266342337708032',47,0,1,1),(3997,'505266342337708032',541,0,1,0),(3998,'505266342337708032',189,0,1,0),(3999,'148555149147766784',705,0,1,5),(4000,'148555149147766784',211,0,1,0),(4001,'148555149147766784',631,0,1,0),(4002,'148555149147766784',702,0,1,0),(4003,'808819889476468780',174,0,1,2),(4004,'808819889476468780',557,0,1,0),(4005,'808819889476468780',84,0,1,3),(4006,'148555149147766784',769,0,1,0),(4007,'634851592050442260',285,0,1,0),(4008,'634851592050442260',230,0,1,4),(4009,'808819889476468780',136,0,1,0),(4010,'808819889476468780',797,0,1,1),(4011,'240285780717600769',226,0,1,5),(4012,'537757289331949590',295,0,1,0),(4013,'808819889476468780',140,0,1,3),(4014,'240285780717600769',538,0,1,0),(4015,'537757289331949590',27,0,1,0),(4016,'537757289331949590',54,0,1,0),(4017,'348781333839085569',832,0,1,0),(4018,'321649314382348288',57,0,1,0),(4019,'321649314382348288',209,0,1,0),(4020,'148555149147766784',627,0,1,0),(4021,'665427084050432000',649,0,1,0),(4022,'665427084050432000',369,0,1,0),(4023,'808819889476468780',45,0,1,0),(4024,'808819889476468780',670,0,1,0),(4025,'795368986513637396',31,0,1,0),(4026,'795368986513637396',261,0,1,5),(4027,'149906954569908224',328,0,1,0),(4028,'149906954569908224',650,0,1,3),(4029,'840264783089631335',275,0,1,2),(4030,'840264783089631335',678,0,1,0),(4031,'148555149147766784',251,0,1,0),(4032,'148555149147766784',24,0,1,0),(4033,'195544415543099392',451,0,1,0),(4034,'537757289331949590',539,0,1,5),(4039,'148555149147766784',642,0,1,0),(4040,'808819889476468780',33,0,1,0),(4043,'199858430868062208',295,0,1,6),(4044,'537757289331949590',672,0,1,4),(4045,'709658860897566780',173,0,1,0),(4046,'709658860897566780',754,0,1,0),(4047,'709658860897566780',502,0,1,0),(4048,'709658860897566780',848,0,1,0),(4049,'709658860897566780',591,0,1,0),(4050,'709658860897566780',808,0,1,9),(4051,'709658860897566780',751,0,1,0),(4052,'709658860897566780',201,0,1,0),(4054,'148555149147766784',188,0,1,5),(4055,'148555149147766784',92,0,2,0),(4059,'148555149147766784',228,0,1,2),(4060,'148555149147766784',320,0,1,4),(4061,'148555149147766784',606,0,1,0),(4062,'148555149147766784',438,0,1,0),(4063,'148555149147766784',782,0,1,0),(4064,'665427084050432000',119,0,1,0),(4065,'862068375563141151',95,0,1,4),(4066,'148555149147766784',274,0,1,3),(4067,'808819889476468780',536,0,1,0),(4068,'808819889476468780',797,0,1,4),(4069,'148555149147766784',82,0,1,0),(4070,'505266342337708032',501,0,1,0),(4071,'505266342337708032',178,0,1,0),(4072,'505266342337708032',643,0,1,0),(4073,'149906954569908224',414,0,1,0),(4074,'149906954569908224',131,0,1,0),(4075,'665427084050432000',451,0,1,0),(4076,'808819889476468780',577,0,1,2),(4077,'148555149147766784',499,0,1,0),(4078,'148555149147766784',39,0,1,6),(4079,'665427084050432000',409,0,1,3),(4080,'665427084050432000',429,0,1,5),(4081,'665427084050432000',264,0,1,4),(4082,'665427084050432000',345,0,1,0),(4083,'321649314382348288',519,0,1,0),(4084,'321649314382348288',751,0,1,3),(4085,'634851592050442260',75,0,1,2),(4086,'634851592050442260',685,0,1,0),(4087,'634851592050442260',229,0,1,0),(4088,'665427084050432000',381,0,1,0),(4089,'665427084050432000',109,0,1,0),(4090,'665427084050432000',90,0,1,3),(4091,'321649314382348288',346,0,1,9),(4092,'808819889476468780',749,0,1,0),(4093,'148555149147766784',343,0,1,0),(4094,'148555149147766784',541,0,1,0),(4095,'665427084050432000',237,0,1,0),(4096,'148555149147766784',531,0,1,0),(4097,'148555149147766784',31,0,1,0),(4098,'997119117200986173',466,0,1,0),(4099,'997119117200986173',422,0,1,0),(4100,'997119117200986173',362,0,1,0),(4101,'808819889476468780',459,0,1,0),(4102,'808819889476468780',354,0,1,4),(4103,'148555149147766784',833,0,1,0),(4104,'195544415543099392',121,0,1,0),(4106,'808819889476468780',410,0,1,1),(4107,'808819889476468780',689,0,1,0),(4108,'148555149147766784',492,0,1,0),(4109,'148555149147766784',732,0,1,4),(4110,'148555149147766784',513,0,1,3),(4111,'148555149147766784',214,0,1,3),(4112,'148555149147766784',51,0,1,1),(4115,'665427084050432000',220,0,1,0),(4116,'665427084050432000',235,0,1,0),(4117,'247795500361711628',119,0,1,0),(4118,'247795500361711628',606,0,1,0),(4119,'247795500361711628',321,0,1,0),(4120,'247795500361711628',756,0,1,0),(4121,'247795500361711628',514,0,1,0),(4122,'997119117200986173',746,0,1,0),(4123,'665427084050432000',382,0,1,1),(4124,'808819889476468780',500,0,1,0),(4125,'808819889476468780',767,0,1,0),(4126,'808819889476468780',506,0,1,4),(4127,'148555149147766784',529,0,1,0),(4128,'148555149147766784',51,0,1,3),(4129,'148555149147766784',610,0,1,0),(4130,'148555149147766784',638,0,1,0),(4131,'634851592050442260',499,0,1,0),(4132,'634851592050442260',604,0,1,0),(4133,'148555149147766784',45,0,1,0),(4134,'148555149147766784',197,0,1,0),(4135,'634851592050442260',18,0,1,0),(4136,'634851592050442260',764,0,1,0),(4137,'148555149147766784',365,0,1,0),(4139,'808819889476468780',374,0,1,0),(4140,'148555149147766784',654,0,1,0),(4141,'240285780717600769',645,0,1,6),(4142,'240285780717600769',389,0,1,0),(4143,'808819889476468780',469,0,1,3),(4144,'808819889476468780',2,0,1,0),(4145,'808819889476468780',323,0,1,0),(4147,'808819889476468780',445,0,1,0),(4148,'808819889476468780',233,0,1,4),(4149,'148555149147766784',370,0,1,0),(4150,'431543762829836289',495,0,1,0),(4151,'148555149147766784',533,0,1,0),(4152,'808819889476468780',563,0,1,0),(4153,'148555149147766784',560,0,1,0),(4154,'148555149147766784',465,0,1,2),(4155,'148555149147766784',417,0,1,0),(4156,'148555149147766784',670,0,1,8),(4157,'148555149147766784',547,0,1,0),(4158,'997119117200986173',341,0,1,0),(4159,'997119117200986173',693,0,1,0),(4160,'808819889476468780',432,0,1,0),(4161,'808819889476468780',209,0,1,1),(4162,'431543762829836289',612,0,1,0),(4163,'431543762829836289',480,0,1,0),(4164,'431543762829836289',664,0,1,0),(4165,'431543762829836289',772,0,1,0),(4166,'240285780717600769',216,0,1,0),(4167,'240285780717600769',540,0,1,0),(4168,'665427084050432000',496,0,1,4),(4169,'148555149147766784',806,0,1,0),(4170,'148555149147766784',674,0,1,4),(4171,'997119117200986173',813,0,1,0),(4172,'997119117200986173',818,0,1,0),(4173,'997119117200986173',616,0,1,0),(4174,'665427084050432000',448,0,1,0),(4175,'665427084050432000',248,0,1,7),(4176,'665427084050432000',804,0,1,7),(4177,'808819889476468780',374,0,1,3),(4178,'808819889476468780',519,0,1,0),(4179,'808819889476468780',22,0,1,0),(4180,'634851592050442260',533,0,1,0),(4181,'634851592050442260',769,0,1,0),(4182,'634851592050442260',542,0,1,0),(4183,'634851592050442260',93,0,2,0),(4184,'634851592050442260',751,0,1,0),(4185,'431543762829836289',526,0,1,7),(4186,'665427084050432000',329,0,1,0),(4187,'665427084050432000',386,0,1,0),(4188,'665427084050432000',654,0,1,0),(4189,'665427084050432000',7,0,1,0),(4190,'808819889476468780',568,0,1,0),(4191,'808819889476468780',223,0,1,0),(4192,'148555149147766784',421,0,1,0),(4193,'148555149147766784',85,0,1,0),(4194,'808819889476468780',623,0,1,3),(4195,'808819889476468780',91,0,1,2),(4196,'808819889476468780',776,0,1,0),(4197,'665427084050432000',36,0,1,0),(4198,'665427084050432000',699,0,1,0),(4199,'148555149147766784',705,0,1,0),(4200,'148555149147766784',410,0,1,3),(4201,'148555149147766784',476,0,1,5),(4202,'808819889476468780',438,0,1,0),(4203,'808819889476468780',547,0,2,0),(4204,'148555149147766784',181,0,1,0),(4205,'665427084050432000',638,0,1,0),(4206,'665427084050432000',235,0,1,3),(4207,'665427084050432000',551,0,1,0),(4208,'148555149147766784',816,0,1,0),(4209,'148555149147766784',30,0,1,0),(4210,'808819889476468780',515,0,1,4),(4211,'808819889476468780',27,0,1,5),(4212,'431543762829836289',795,0,1,2),(4213,'431543762829836289',550,0,1,0),(4214,'431543762829836289',92,0,1,7),(4215,'665427084050432000',270,0,1,0),(4216,'148555149147766784',675,0,1,0),(4217,'148555149147766784',261,0,1,0),(4218,'148555149147766784',704,0,1,0),(4219,'840264783089631335',626,0,1,0),(4220,'840264783089631335',124,0,1,0),(4221,'148555149147766784',375,0,1,3),(4222,'148555149147766784',283,0,1,0),(4223,'321823902735269888',119,0,1,0),(4224,'321823902735269888',606,0,1,0),(4225,'321823902735269888',321,0,1,0),(4226,'321823902735269888',756,0,1,0),(4227,'321823902735269888',514,0,1,0),(4228,'321823902735269888',329,0,1,5),(4229,'149906954569908224',341,0,1,0),(4230,'665427084050432000',544,0,1,0),(4231,'148555149147766784',525,0,1,2),(4232,'148555149147766784',5,0,1,3),(4233,'148555149147766784',13,0,1,0),(4234,'148555149147766784',239,0,1,0),(4235,'148555149147766784',231,0,1,0),(4236,'862068375563141151',547,0,1,0),(4237,'862068375563141151',696,0,1,0),(4238,'862068375563141151',636,0,1,0),(4239,'431543762829836289',216,0,1,7),(4240,'665427084050432000',246,0,1,2),(4241,'840264783089631335',410,0,1,2),(4242,'840264783089631335',186,0,1,4),(4243,'665427084050432000',472,0,1,0),(4244,'540869406318788612',287,0,1,0),(4245,'477975994762788864',432,0,1,1),(4246,'840264783089631335',395,0,1,0),(4247,'431543762829836289',60,0,1,3),(4248,'195544415543099392',141,0,1,0),(4249,'540869406318788612',842,0,1,0),(4250,'540869406318788612',297,0,1,0),(4251,'540869406318788612',57,0,1,4),(4252,'540869406318788612',715,0,1,0),(4253,'540869406318788612',357,0,1,0),(4254,'540869406318788612',204,0,1,5),(4255,'540869406318788612',138,0,1,0),(4256,'195544415543099392',456,0,1,0),(4257,'195544415543099392',347,0,1,0),(4258,'540869406318788612',743,0,1,4),(4259,'540869406318788612',173,0,1,0),(4260,'540869406318788612',345,0,1,0),(4261,'540869406318788612',498,0,1,0),(4262,'840264783089631335',314,0,1,0),(4263,'840264783089631335',325,0,1,0),(4264,'840264783089631335',30,0,1,0),(4265,'537757289331949590',743,0,1,0),(4266,'195544415543099392',659,0,1,0),(4267,'537757289331949590',178,0,1,0);
/*!40000 ALTER TABLE `user_has_item` ENABLE KEYS */;
UNLOCK TABLES;

--
-- Table structure for table `user_has_quest`
--

DROP TABLE IF EXISTS `user_has_quest`;
/*!40101 SET @saved_cs_client     = @@character_set_client */;
/*!50503 SET character_set_client = utf8mb4 */;
CREATE TABLE `user_has_quest` (
  `idRel` int NOT NULL AUTO_INCREMENT,
  `idQuest` int NOT NULL,
  `idUser` varchar(80) NOT NULL,
  `remaining_kills` int DEFAULT NULL,
  `remaining_items` int DEFAULT NULL,
  `remaining_runes` int DEFAULT NULL,
  `remaining_explores` int DEFAULT NULL,
  PRIMARY KEY (`idRel`),
  KEY `fk_quest_has_user1_user1_idx` (`idUser`),
  KEY `fk_quest_has_user1_quest1_idx` (`idQuest`),
  CONSTRAINT `fk_quest_has_user1_quest1` FOREIGN KEY (`idQuest`) REFERENCES `quest` (`idQuest`),
  CONSTRAINT `fk_quest_has_user1_user1` FOREIGN KEY (`idUser`) REFERENCES `user` (`idUser`)
) ENGINE=InnoDB AUTO_INCREMENT=343 DEFAULT CHARSET=utf8mb4 COLLATE=utf8mb4_0900_ai_ci;
/*!40101 SET character_set_client = @saved_cs_client */;

--
-- Dumping data for table `user_has_quest`
--

LOCK TABLES `user_has_quest` WRITE;
/*!40000 ALTER TABLE `user_has_quest` DISABLE KEYS */;
INSERT INTO `user_has_quest` VALUES (30,1,'134086347278385152',0,0,0,3),(31,1,'256600986187988992',0,0,0,2),(32,1,'190611913925722113',0,0,0,2),(38,1,'348192503398137856',0,0,0,2),(43,1,'601057062851575823',0,0,0,2),(59,1,'520043139906666496',0,0,0,2),(71,3,'536561289107865606',0,0,3797,0),(73,1,'133297422402060288',0,0,0,2),(74,11,'266665421627850752',0,0,0,1),(84,3,'377285889619132418',0,0,9814,0),(88,12,'165184522428612609',0,0,0,1),(129,1,'289112287250350080',0,0,0,3),(130,1,'966924539483258911',0,0,0,3),(133,12,'808819889476468780',0,0,0,1),(138,1,'630040605459873792',0,0,0,2),(139,1,'382919310596636684',0,0,0,3),(140,1,'214510780710649857',0,0,0,3),(142,1,'824003990517317642',0,0,0,2),(146,1,'1057001427660189726',0,0,0,2),(148,1,'401082070664871937',0,0,0,2),(161,10,'199858430868062208',2,0,0,0),(164,1,'884169471739170856',0,0,0,2),(167,1,'1076825761027207239',0,0,0,3),(169,1,'484777098737614881',0,0,0,0),(185,1,'366227643831418890',0,0,0,3),(189,1,'973123240039944222',0,0,0,3),(195,12,'862068375563141151',0,0,0,1),(199,12,'195544415543099392',0,0,0,1),(204,9,'840264783089631335',1,0,0,0),(222,9,'540869406318788612',1,0,0,0),(227,10,'149906954569908224',2,0,0,0),(230,6,'936405195410264105',0,0,0,4),(231,12,'665427084050432000',0,0,0,1),(232,5,'986309512371789894',3,0,0,0),(243,1,'755557102067646494',0,0,0,2),(245,1,'709964971294851101',0,0,0,3),(247,5,'286963263395332096',0,0,0,0),(253,6,'477975994762788864',0,0,0,1),(255,1,'798922676575797299',0,0,0,2),(261,10,'419521976168611860',2,0,0,1),(281,4,'720204194627321877',5,0,0,1),(284,9,'431543762829836289',1,0,0,0),(298,6,'740556213661597796',0,0,0,5),(299,12,'674640668303294527',0,0,0,1),(301,10,'795368986513637396',2,0,0,0),(304,1,'948961801557647381',0,0,0,2),(305,12,'148555149147766784',0,0,0,1),(306,1,'537757289331949590',0,0,0,0),(315,9,'240285780717600769',1,0,0,0),(319,4,'1059514511528312912',4,0,0,2),(325,8,'505266342337708032',2,0,0,0),(327,8,'347814112455294976',2,0,0,1),(329,3,'883883059722731570',0,0,4827,0),(332,8,'201376819373408256',2,0,0,0),(337,6,'398543370760355850',0,0,0,3),(338,9,'348781333839085569',1,0,0,0),(339,10,'997119117200986173',2,0,0,0),(340,3,'679355157003108352',0,0,12000,0),(342,3,'634851592050442260',0,0,12000,0);
/*!40000 ALTER TABLE `user_has_quest` ENABLE KEYS */;
UNLOCK TABLES;
/*!40103 SET TIME_ZONE=@OLD_TIME_ZONE */;

/*!40101 SET SQL_MODE=@OLD_SQL_MODE */;
/*!40014 SET FOREIGN_KEY_CHECKS=@OLD_FOREIGN_KEY_CHECKS */;
/*!40014 SET UNIQUE_CHECKS=@OLD_UNIQUE_CHECKS */;
/*!40101 SET CHARACTER_SET_CLIENT=@OLD_CHARACTER_SET_CLIENT */;
/*!40101 SET CHARACTER_SET_RESULTS=@OLD_CHARACTER_SET_RESULTS */;
/*!40101 SET COLLATION_CONNECTION=@OLD_COLLATION_CONNECTION */;
/*!40111 SET SQL_NOTES=@OLD_SQL_NOTES */;

-- Dump completed on 2023-04-30 11:03:59
